# Every fact this catalog acts on, and which inputs decided it. See docs/FACTS.md.
# GENERATED by cmd/gen-gcp. Do not hand-edit.
# A source prefixed ! said the opposite and was overruled.
#
# type	path	fact	value	sources
gcp.accesspolicy		clear_before_delete	none	default
gcp.accesspolicy		create_await	longrunning	discovery
gcp.accesspolicy		create_url	accessPolicies	mm
gcp.accesspolicy		create_verb	POST	discovery
gcp.accesspolicy		delete_await	longrunning	discovery
gcp.accesspolicy		delete_url	accessPolicies/{{name}}	mm
gcp.accesspolicy		lock_field	none	default
gcp.accesspolicy		patch_one_field	false	default
gcp.accesspolicy		setters	none	default
gcp.accesspolicy		timeout	1200	default
gcp.accesspolicy		update_await	longrunning	discovery
gcp.accesspolicy		update_mask	query	mm
gcp.accesspolicy		update_verb	PATCH	mm
gcp.accesspolicy	etag	output	true	discovery
gcp.accesspolicy	name	output	true	discovery+mm
gcp.accesspolicy	parent	immutable	true	mm
gcp.accesspolicy	parent	required	true	mm
gcp.accesspolicy	scopes	immutable	true	mm
gcp.accesspolicy	title	required	true	mm
gcp.aclpolicy		clear_before_delete	none	default
gcp.aclpolicy		create_await	none	discovery
gcp.aclpolicy		create_url	projects/{{project}}/locations/{{location}}/aclPolicies?aclPolicyId={{aclPolicyId}}	discovery
gcp.aclpolicy		create_verb	POST	discovery
gcp.aclpolicy		delete_await	longrunning	discovery
gcp.aclpolicy		delete_url	{+name}	discovery
gcp.aclpolicy		lock_field	none	default
gcp.aclpolicy		patch_one_field	false	default
gcp.aclpolicy		setters	none	default
gcp.aclpolicy		timeout	1200	default
gcp.aclpolicy		update_await	longrunning	discovery
gcp.aclpolicy		update_mask	query	discovery
gcp.aclpolicy		update_verb	PATCH	discovery
gcp.aclpolicy	aclPolicyId	immutable	true	discovery
gcp.aclpolicy	aclPolicyId	required	true	discovery
gcp.aclpolicy	clusterAclPolicyAttachments	output	true	discovery
gcp.aclpolicy	clusterAclPolicyAttachments[].aclPolicyRevisionStatuses	output	true	discovery
gcp.aclpolicy	clusterAclPolicyAttachments[].aclPolicyRevisionStatuses[].aclPolicyRevision	output	true	discovery
gcp.aclpolicy	clusterAclPolicyAttachments[].aclPolicyRevisionStatuses[].aclPolicyRevisionNumber	output	true	discovery
gcp.aclpolicy	clusterAclPolicyAttachments[].aclPolicyRevisionStatuses[].errorMessage	output	true	discovery
gcp.aclpolicy	clusterAclPolicyAttachments[].aclPolicyRevisionStatuses[].state	output	true	discovery
gcp.aclpolicy	clusterAclPolicyAttachments[].cluster	output	true	discovery
gcp.aclpolicy	createTime	output	true	discovery
gcp.aclpolicy	etag	output	true	discovery
gcp.aclpolicy	name	output	true	discovery
gcp.aclpolicy	state	output	true	discovery
gcp.aclpolicy	updateTime	output	true	discovery
gcp.aclpolicy	version	output	true	discovery
gcp.address		clear_before_delete	none	default
gcp.address		create_await	compute_operation	discovery
gcp.address		create_url	projects/{{project}}/regions/{{region}}/addresses	mm
gcp.address		create_verb	POST	discovery
gcp.address		delete_await	compute_operation	discovery
gcp.address		delete_url	projects/{project}/regions/{region}/addresses/{address}	discovery
gcp.address		lock_field	none	default
gcp.address		patch_one_field	false	default
gcp.address		setters	labels=setLabels	observed+mm+discovery
gcp.address		timeout	600	default
gcp.address		update_await	none	default
gcp.address		update_mask	none	default
gcp.address		update_verb	none	default
gcp.address	address	immutable	true	discovery
gcp.address	addressType	immutable	true	discovery
gcp.address	creationTimestamp	output	true	discovery+mm
gcp.address	description	immutable	true	discovery
gcp.address	id	output	true	discovery+mm
gcp.address	ipCollection	immutable	true	discovery
gcp.address	ipVersion	immutable	true	discovery
gcp.address	ipv6EndpointType	immutable	true	discovery
gcp.address	kind	output	true	discovery
gcp.address	labelFingerprint	output	true	mm
gcp.address	name	immutable	true	discovery
gcp.address	name	required	true	mm
gcp.address	network	equivalence	self_link	mm
gcp.address	network	immutable	true	discovery
gcp.address	networkTier	immutable	true	discovery
gcp.address	prefixLength	immutable	true	discovery
gcp.address	purpose	immutable	true	discovery
gcp.address	region	equivalence	self_link	mm
gcp.address	region	output	true	discovery
gcp.address	selfLink	output	true	discovery
gcp.address	status	output	true	discovery
gcp.address	subnetwork	equivalence	self_link	mm
gcp.address	subnetwork	immutable	true	discovery
gcp.address	users	output	true	discovery+mm
gcp.agentconnectivitytemplate		clear_before_delete	none	default
gcp.agentconnectivitytemplate		create_await	longrunning	discovery
gcp.agentconnectivitytemplate		create_url	projects/{{project}}/locations/{{location}}/agentConnectivityTemplates?agentConnectivityTemplateId={{agent_connectivity_template_id}}	mm
gcp.agentconnectivitytemplate		create_verb	POST	discovery
gcp.agentconnectivitytemplate		delete_await	longrunning	discovery
gcp.agentconnectivitytemplate		delete_url	projects/{{project}}/locations/{{location}}/agentConnectivityTemplates/{{agent_connectivity_template_id}}	mm
gcp.agentconnectivitytemplate		lock_field	none	default
gcp.agentconnectivitytemplate		patch_one_field	false	default
gcp.agentconnectivitytemplate		setters	none	default
gcp.agentconnectivitytemplate		timeout	1200	default
gcp.agentconnectivitytemplate		update_await	longrunning	discovery
gcp.agentconnectivitytemplate		update_mask	query	mm
gcp.agentconnectivitytemplate		update_verb	PATCH	mm
gcp.agentconnectivitytemplate	accessPath	immutable	true	discovery+mm
gcp.agentconnectivitytemplate	accessPath	required	true	mm
gcp.agentconnectivitytemplate	agent_connectivity_template_id	immutable	true	mm
gcp.agentconnectivitytemplate	agent_connectivity_template_id	required	true	mm
gcp.agentconnectivitytemplate	createTime	output	true	discovery+mm
gcp.agentconnectivitytemplate	egressNetworkConfig.dnsPeeringConfig.domain	required	true	mm
gcp.agentconnectivitytemplate	egressNetworkConfig.dnsPeeringConfig.targetNetwork	equivalence	self_link	mm
gcp.agentconnectivitytemplate	egressNetworkConfig.dnsPeeringConfig.targetNetwork	required	true	mm
gcp.agentconnectivitytemplate	egressNetworkConfig.networkAttachment	equivalence	self_link	mm
gcp.agentconnectivitytemplate	egressNetworkConfig.networkAttachment	immutable	true	mm
gcp.agentconnectivitytemplate	name	output	true	mm
gcp.agentconnectivitytemplate	updateTime	output	true	discovery+mm
gcp.agentgateway		clear_before_delete	none	default
gcp.agentgateway		create_await	longrunning	discovery
gcp.agentgateway		create_url	projects/{{project}}/locations/{{location}}/agentGateways?agentGatewayId={{name}}	mm
gcp.agentgateway		create_verb	POST	discovery
gcp.agentgateway		delete_await	longrunning	discovery
gcp.agentgateway		delete_url	projects/{{project}}/locations/{{location}}/agentGateways/{{name}}	mm
gcp.agentgateway		lock_field	none	default
gcp.agentgateway		patch_one_field	false	default
gcp.agentgateway		setters	none	default
gcp.agentgateway		timeout	1200	default
gcp.agentgateway		update_await	longrunning	discovery
gcp.agentgateway		update_mask	query	mm
gcp.agentgateway		update_verb	PATCH	mm
gcp.agentgateway	agentGatewayCard	output	true	discovery+mm
gcp.agentgateway	agentGatewayCard.mtlsEndpoint	output	true	discovery+mm
gcp.agentgateway	agentGatewayCard.rootCertificates	output	true	discovery+mm
gcp.agentgateway	agentGatewayCard.serviceExtensionsServiceAccount	output	true	discovery+mm
gcp.agentgateway	createTime	output	true	discovery+mm
gcp.agentgateway	googleManaged	immutable	true	mm
gcp.agentgateway	googleManaged.governedAccessPath	immutable	true	mm
gcp.agentgateway	googleManaged.governedAccessPath	required	true	mm
gcp.agentgateway	name	input_only	true	mm
gcp.agentgateway	name	required	true	mm
gcp.agentgateway	networkConfig.dnsPeeringConfig.domains	required	true	mm
gcp.agentgateway	networkConfig.dnsPeeringConfig.targetNetwork	equivalence	self_link	mm
gcp.agentgateway	networkConfig.dnsPeeringConfig.targetNetwork	required	true	mm
gcp.agentgateway	networkConfig.dnsPeeringConfig.targetProject	required	true	mm
gcp.agentgateway	networkConfig.egress	required	true	mm
gcp.agentgateway	networkConfig.egress.networkAttachment	immutable	true	mm
gcp.agentgateway	networkConfig.egress.networkAttachment	required	true	mm
gcp.agentgateway	selfManaged	immutable	true	mm
gcp.agentgateway	selfManaged.resourceUri	immutable	true	mm
gcp.agentgateway	selfManaged.resourceUri	required	true	mm
gcp.agentgateway	updateTime	output	true	discovery+mm
gcp.alertpolicy		clear_before_delete	none	default
gcp.alertpolicy		create_await	none	discovery
gcp.alertpolicy		create_url	projects/{{project}}/alertPolicies	mm
gcp.alertpolicy		create_verb	POST	discovery
gcp.alertpolicy		delete_await	none	discovery
gcp.alertpolicy		delete_url	{+name}	discovery
gcp.alertpolicy		lock_field	none	default
gcp.alertpolicy		patch_one_field	false	default
gcp.alertpolicy		setters	none	default
gcp.alertpolicy		timeout	60	default
gcp.alertpolicy		update_await	none	discovery
gcp.alertpolicy		update_mask	query	mm
gcp.alertpolicy		update_verb	PATCH	mm
gcp.alertpolicy	combiner	required	true	mm
gcp.alertpolicy	conditions	required	true	mm
gcp.alertpolicy	conditions[].conditionAbsent.duration	required	true	mm
gcp.alertpolicy	conditions[].conditionMatchedLog.filter	required	true	mm
gcp.alertpolicy	conditions[].conditionMonitoringQueryLanguage.duration	required	true	mm
gcp.alertpolicy	conditions[].conditionMonitoringQueryLanguage.query	required	true	mm
gcp.alertpolicy	conditions[].conditionPrometheusQueryLanguage.query	required	true	mm
gcp.alertpolicy	conditions[].conditionSql.booleanTest.column	required	true	mm
gcp.alertpolicy	conditions[].conditionSql.daily.periodicity	required	true	mm
gcp.alertpolicy	conditions[].conditionSql.hourly.periodicity	required	true	mm
gcp.alertpolicy	conditions[].conditionSql.minutes.periodicity	required	true	mm
gcp.alertpolicy	conditions[].conditionSql.query	required	true	mm
gcp.alertpolicy	conditions[].conditionSql.rowCountTest.comparison	required	true	mm
gcp.alertpolicy	conditions[].conditionSql.rowCountTest.threshold	required	true	mm
gcp.alertpolicy	conditions[].conditionThreshold.comparison	required	true	mm
gcp.alertpolicy	conditions[].conditionThreshold.duration	required	true	mm
gcp.alertpolicy	conditions[].conditionThreshold.forecastOptions.forecastHorizon	required	true	mm
gcp.alertpolicy	conditions[].displayName	required	true	mm
gcp.alertpolicy	conditions[].name	output	true	mm
gcp.alertpolicy	creationRecord	output	true	mm
gcp.alertpolicy	creationRecord.mutateTime	output	true	mm
gcp.alertpolicy	creationRecord.mutatedBy	output	true	mm
gcp.alertpolicy	displayName	required	true	mm
gcp.alertpolicy	name	output	true	mm
gcp.appprofile		clear_before_delete	none	default
gcp.appprofile		create_await	none	discovery
gcp.appprofile		create_url	{+parent}/appProfiles?appProfileId={{appProfileId}}	discovery
gcp.appprofile		create_verb	POST	discovery
gcp.appprofile		delete_await	none	discovery
gcp.appprofile		delete_url	{+name}	discovery
gcp.appprofile		lock_field	none	default
gcp.appprofile		patch_one_field	false	default
gcp.appprofile		setters	none	default
gcp.appprofile		timeout	1200	default
gcp.appprofile		update_await	longrunning	discovery
gcp.appprofile		update_mask	query	discovery
gcp.appprofile		update_verb	PATCH	discovery
gcp.appprofile	appProfileId	immutable	true	discovery
gcp.appprofile	appProfileId	required	true	discovery
gcp.appprofile	name	output	true	discovery
gcp.artifactregistry.repository		clear_before_delete	none	default
gcp.artifactregistry.repository		create_await	longrunning	discovery
gcp.artifactregistry.repository		create_url	projects/{{project}}/locations/{{location}}/repositories?repository_id={{repository_id}}	mm
gcp.artifactregistry.repository		create_verb	POST	discovery
gcp.artifactregistry.repository		delete_await	longrunning	discovery
gcp.artifactregistry.repository		delete_url	projects/{{project}}/locations/{{location}}/repositories/{{repository_id}}	mm
gcp.artifactregistry.repository		lock_field	none	default
gcp.artifactregistry.repository		patch_one_field	false	default
gcp.artifactregistry.repository		setters	none	default
gcp.artifactregistry.repository		timeout	1200	default
gcp.artifactregistry.repository		update_await	none	observed+discovery
gcp.artifactregistry.repository		update_mask	query	mm
gcp.artifactregistry.repository		update_verb	PATCH	mm
gcp.artifactregistry.repository	createTime	output	true	discovery+mm
gcp.artifactregistry.repository	format	equivalence	case	mm
gcp.artifactregistry.repository	format	immutable	true	mm
gcp.artifactregistry.repository	format	required	true	mm
gcp.artifactregistry.repository	kmsKeyName	immutable	true	mm
gcp.artifactregistry.repository	mavenConfig.allowSnapshotOverwrites	immutable	true	mm
gcp.artifactregistry.repository	mavenConfig.versionPolicy	immutable	true	mm
gcp.artifactregistry.repository	mode	immutable	true	mm
gcp.artifactregistry.repository	name	output	true	mm
gcp.artifactregistry.repository	registryUri	output	true	discovery+mm
gcp.artifactregistry.repository	remoteRepositoryConfig	immutable	false	!mm+ruling
gcp.artifactregistry.repository	remoteRepositoryConfig.aptRepository	immutable	true	mm+ruling
gcp.artifactregistry.repository	remoteRepositoryConfig.aptRepository.publicRepository	immutable	true	mm
gcp.artifactregistry.repository	remoteRepositoryConfig.aptRepository.publicRepository.repositoryBase	immutable	true	mm
gcp.artifactregistry.repository	remoteRepositoryConfig.aptRepository.publicRepository.repositoryBase	required	true	mm
gcp.artifactregistry.repository	remoteRepositoryConfig.aptRepository.publicRepository.repositoryPath	immutable	true	mm
gcp.artifactregistry.repository	remoteRepositoryConfig.aptRepository.publicRepository.repositoryPath	required	true	mm
gcp.artifactregistry.repository	remoteRepositoryConfig.commonRepository	immutable	true	mm+ruling
gcp.artifactregistry.repository	remoteRepositoryConfig.commonRepository.uri	immutable	true	mm
gcp.artifactregistry.repository	remoteRepositoryConfig.commonRepository.uri	required	true	mm
gcp.artifactregistry.repository	remoteRepositoryConfig.description	immutable	true	mm+ruling
gcp.artifactregistry.repository	remoteRepositoryConfig.disableUpstreamValidation	immutable	false	!ruling+ruling
gcp.artifactregistry.repository	remoteRepositoryConfig.disableUpstreamValidation	input_only	true	discovery
gcp.artifactregistry.repository	remoteRepositoryConfig.disableUpstreamValidation	send_with_update	true	ruling+observed
gcp.artifactregistry.repository	remoteRepositoryConfig.dockerRepository	immutable	true	mm+ruling
gcp.artifactregistry.repository	remoteRepositoryConfig.dockerRepository.customRepository	immutable	true	mm
gcp.artifactregistry.repository	remoteRepositoryConfig.dockerRepository.customRepository.uri	immutable	true	mm
gcp.artifactregistry.repository	remoteRepositoryConfig.dockerRepository.publicRepository	immutable	true	mm
gcp.artifactregistry.repository	remoteRepositoryConfig.mavenRepository	immutable	true	mm+ruling
gcp.artifactregistry.repository	remoteRepositoryConfig.mavenRepository.customRepository	immutable	true	mm
gcp.artifactregistry.repository	remoteRepositoryConfig.mavenRepository.customRepository.uri	immutable	true	mm
gcp.artifactregistry.repository	remoteRepositoryConfig.mavenRepository.publicRepository	immutable	true	mm
gcp.artifactregistry.repository	remoteRepositoryConfig.noCache	immutable	true	mm+ruling
gcp.artifactregistry.repository	remoteRepositoryConfig.npmRepository	immutable	true	mm+ruling
gcp.artifactregistry.repository	remoteRepositoryConfig.npmRepository.customRepository	immutable	true	mm
gcp.artifactregistry.repository	remoteRepositoryConfig.npmRepository.customRepository.uri	immutable	true	mm
gcp.artifactregistry.repository	remoteRepositoryConfig.npmRepository.publicRepository	immutable	true	mm
gcp.artifactregistry.repository	remoteRepositoryConfig.pythonRepository	immutable	true	mm+ruling
gcp.artifactregistry.repository	remoteRepositoryConfig.pythonRepository.customRepository	immutable	true	mm
gcp.artifactregistry.repository	remoteRepositoryConfig.pythonRepository.customRepository.uri	immutable	true	mm
gcp.artifactregistry.repository	remoteRepositoryConfig.pythonRepository.publicRepository	immutable	true	mm
gcp.artifactregistry.repository	remoteRepositoryConfig.upstreamCredentials	immutable	false	observed
gcp.artifactregistry.repository	remoteRepositoryConfig.yumRepository	immutable	true	mm+ruling
gcp.artifactregistry.repository	remoteRepositoryConfig.yumRepository.publicRepository	immutable	true	mm
gcp.artifactregistry.repository	remoteRepositoryConfig.yumRepository.publicRepository.repositoryBase	immutable	true	mm
gcp.artifactregistry.repository	remoteRepositoryConfig.yumRepository.publicRepository.repositoryBase	required	true	mm
gcp.artifactregistry.repository	remoteRepositoryConfig.yumRepository.publicRepository.repositoryPath	immutable	true	mm
gcp.artifactregistry.repository	remoteRepositoryConfig.yumRepository.publicRepository.repositoryPath	required	true	mm
gcp.artifactregistry.repository	repository_id	immutable	true	mm
gcp.artifactregistry.repository	repository_id	required	true	mm
gcp.artifactregistry.repository	satisfiesPzi	output	true	discovery
gcp.artifactregistry.repository	satisfiesPzs	output	true	discovery
gcp.artifactregistry.repository	sizeBytes	output	true	discovery
gcp.artifactregistry.repository	updateTime	output	true	discovery+mm
gcp.artifactregistry.repository	vulnerabilityScanningConfig.enablementState	output	true	discovery+mm
gcp.artifactregistry.repository	vulnerabilityScanningConfig.enablementStateReason	output	true	discovery+mm
gcp.artifactregistry.repository	vulnerabilityScanningConfig.lastEnableTime	output	true	discovery
gcp.artifactregistry.rule		clear_before_delete	none	default
gcp.artifactregistry.rule		create_await	none	discovery
gcp.artifactregistry.rule		create_url	projects/{{project}}/locations/{{location}}/repositories/{{repository_id}}/rules?ruleId={{rule_id}}	mm
gcp.artifactregistry.rule		create_verb	POST	discovery
gcp.artifactregistry.rule		delete_await	none	discovery
gcp.artifactregistry.rule		delete_url	projects/{{project}}/locations/{{location}}/repositories/{{repository_id}}/rules/{{rule_id}}	mm
gcp.artifactregistry.rule		lock_field	none	default
gcp.artifactregistry.rule		patch_one_field	false	default
gcp.artifactregistry.rule		setters	none	default
gcp.artifactregistry.rule		timeout	60	default
gcp.artifactregistry.rule		update_await	none	discovery
gcp.artifactregistry.rule		update_mask	query	mm
gcp.artifactregistry.rule		update_verb	PATCH	mm
gcp.artifactregistry.rule	condition.expression	required	true	mm
gcp.artifactregistry.rule	name	output	true	mm
gcp.artifactregistry.rule	repository_id	immutable	true	mm
gcp.artifactregistry.rule	repository_id	required	true	mm
gcp.artifactregistry.rule	rule_id	immutable	true	mm
gcp.artifactregistry.rule	rule_id	required	true	mm
gcp.attachment		clear_before_delete	none	default
gcp.attachment		create_await	longrunning	discovery
gcp.attachment		create_url	{+parent}/attachments?attachmentId={{attachmentId}}	discovery
gcp.attachment		create_verb	POST	discovery
gcp.attachment		delete_await	longrunning	discovery
gcp.attachment		delete_url	{+name}	discovery
gcp.attachment		lock_field	none	default
gcp.attachment		patch_one_field	false	default
gcp.attachment		setters	none	default
gcp.attachment		timeout	1200	default
gcp.attachment		update_await	none	default
gcp.attachment		update_mask	none	default
gcp.attachment		update_verb	none	default
gcp.attachment	attachmentId	immutable	true	discovery
gcp.attachment	attachmentId	required	true	discovery
gcp.attachment	createTime	output	true	discovery
gcp.attachment	name	output	true	discovery
gcp.attachment	ociVersionName	output	true	discovery
gcp.attachment	updateTime	output	true	discovery
gcp.attestor		clear_before_delete	none	default
gcp.attestor		create_await	none	discovery
gcp.attestor		create_url	projects/{{project}}/attestors?attestorId={{name}}	mm
gcp.attestor		create_verb	POST	discovery
gcp.attestor		delete_await	none	discovery
gcp.attestor		delete_url	projects/{{project}}/attestors/{{name}}	mm
gcp.attestor		lock_field	none	default
gcp.attestor		patch_one_field	false	default
gcp.attestor		setters	none	default
gcp.attestor		timeout	60	default
gcp.attestor		update_await	none	default
gcp.attestor		update_mask	none	default
gcp.attestor		update_verb	none	default
gcp.attestor	name	immutable	true	mm
gcp.attestor	name	required	true	mm
gcp.attestor	updateTime	output	true	discovery
gcp.attestor	userOwnedGrafeasNote	required	true	mm
gcp.attestor	userOwnedGrafeasNote.delegationServiceAccountEmail	output	true	discovery+mm
gcp.attestor	userOwnedGrafeasNote.noteReference	equivalence	self_link	mm
gcp.attestor	userOwnedGrafeasNote.noteReference	immutable	true	mm
gcp.attestor	userOwnedGrafeasNote.noteReference	required	true	mm
gcp.authorizedview		clear_before_delete	none	default
gcp.authorizedview		create_await	longrunning	discovery
gcp.authorizedview		create_url	{+parent}/authorizedViews?authorizedViewId={{authorizedViewId}}	discovery
gcp.authorizedview		create_verb	POST	discovery
gcp.authorizedview		delete_await	none	discovery
gcp.authorizedview		delete_url	{+name}	discovery
gcp.authorizedview		lock_field	none	default
gcp.authorizedview		patch_one_field	false	default
gcp.authorizedview		setters	none	default
gcp.authorizedview		timeout	1200	default
gcp.authorizedview		update_await	longrunning	discovery
gcp.authorizedview		update_mask	query	discovery
gcp.authorizedview		update_verb	PATCH	discovery
gcp.authorizedview	authorizedViewId	immutable	true	discovery
gcp.authorizedview	authorizedViewId	required	true	discovery
gcp.authorizedview	name	output	true	discovery
gcp.authzextension		clear_before_delete	none	default
gcp.authzextension		create_await	longrunning	discovery
gcp.authzextension		create_url	projects/{{project}}/locations/{{location}}/authzExtensions?authzExtensionId={{name}}	mm
gcp.authzextension		create_verb	POST	discovery
gcp.authzextension		delete_await	longrunning	discovery
gcp.authzextension		delete_url	projects/{{project}}/locations/{{location}}/authzExtensions/{{name}}	mm
gcp.authzextension		lock_field	none	default
gcp.authzextension		patch_one_field	false	default
gcp.authzextension		setters	none	default
gcp.authzextension		timeout	1200	default
gcp.authzextension		update_await	longrunning	discovery
gcp.authzextension		update_mask	query	mm
gcp.authzextension		update_verb	PATCH	mm
gcp.authzextension	createTime	output	true	discovery+mm
gcp.authzextension	name	required	true	mm
gcp.authzextension	service	equivalence	self_link	mm
gcp.authzextension	service	required	true	mm
gcp.authzextension	timeout	equivalence	duration	mm
gcp.authzextension	timeout	required	true	mm
gcp.authzextension	updateTime	output	true	discovery+mm
gcp.authzpolicy		clear_before_delete	none	default
gcp.authzpolicy		create_await	longrunning	discovery
gcp.authzpolicy		create_url	projects/{{project}}/locations/{{location}}/authzPolicies?authzPolicyId={{name}}	mm
gcp.authzpolicy		create_verb	POST	discovery
gcp.authzpolicy		delete_await	longrunning	discovery
gcp.authzpolicy		delete_url	projects/{{project}}/locations/{{location}}/authzPolicies/{{name}}	mm
gcp.authzpolicy		lock_field	none	default
gcp.authzpolicy		patch_one_field	false	default
gcp.authzpolicy		setters	none	default
gcp.authzpolicy		timeout	1200	default
gcp.authzpolicy		update_await	longrunning	discovery
gcp.authzpolicy		update_mask	query	mm
gcp.authzpolicy		update_verb	PATCH	mm
gcp.authzpolicy	action	required	true	mm
gcp.authzpolicy	createTime	output	true	discovery+mm
gcp.authzpolicy	customProvider.authzExtension.resources	required	true	mm
gcp.authzpolicy	httpRules[].from.notSources[].ipBlocks[].length	required	true	mm
gcp.authzpolicy	httpRules[].from.notSources[].ipBlocks[].prefix	required	true	mm
gcp.authzpolicy	httpRules[].from.sources[].ipBlocks[].length	required	true	mm
gcp.authzpolicy	httpRules[].from.sources[].ipBlocks[].prefix	required	true	mm
gcp.authzpolicy	httpRules[].to.operations[].mcp.methods[].name	required	true	mm
gcp.authzpolicy	name	required	true	mm
gcp.authzpolicy	networkRules[].from.notSources[].ipBlocks[].length	required	true	mm
gcp.authzpolicy	networkRules[].from.notSources[].ipBlocks[].prefix	required	true	mm
gcp.authzpolicy	networkRules[].from.sources[].ipBlocks[].length	required	true	mm
gcp.authzpolicy	networkRules[].from.sources[].ipBlocks[].prefix	required	true	mm
gcp.authzpolicy	policyProfile	immutable	true	discovery+mm
gcp.authzpolicy	target	required	true	mm
gcp.authzpolicy	updateTime	output	true	discovery+mm
gcp.automation		clear_before_delete	none	default
gcp.automation		create_await	longrunning	discovery
gcp.automation		create_url	projects/{{project}}/locations/{{location}}/deliveryPipelines/{{delivery_pipeline}}/automations?automationId={{automationId}}	mm
gcp.automation		create_verb	POST	discovery
gcp.automation		delete_await	longrunning	discovery
gcp.automation		delete_url	projects/{{project}}/locations/{{location}}/deliveryPipelines/{{delivery_pipeline}}/automations/{{name}}	mm
gcp.automation		lock_field	none	default
gcp.automation		patch_one_field	false	default
gcp.automation		setters	none	default
gcp.automation		timeout	1200	default
gcp.automation		update_await	longrunning	discovery
gcp.automation		update_mask	query	mm
gcp.automation		update_verb	PATCH	mm
gcp.automation	automationId	immutable	true	discovery
gcp.automation	createTime	output	true	discovery+mm
gcp.automation	delivery_pipeline	immutable	true	mm
gcp.automation	delivery_pipeline	required	true	mm
gcp.automation	etag	output	true	mm
gcp.automation	name	immutable	true	mm
gcp.automation	name	output	true	discovery
gcp.automation	name	required	false	!mm+discovery
gcp.automation	rules	required	true	mm
gcp.automation	rules[].advanceRolloutRule.condition	output	true	discovery
gcp.automation	rules[].advanceRolloutRule.condition.timedPromoteReleaseCondition.nextPromotionTime	output	true	discovery
gcp.automation	rules[].advanceRolloutRule.condition.timedPromoteReleaseCondition.targetsList	output	true	discovery
gcp.automation	rules[].advanceRolloutRule.id	required	true	mm
gcp.automation	rules[].promoteReleaseRule.condition	output	true	discovery
gcp.automation	rules[].promoteReleaseRule.condition.timedPromoteReleaseCondition.nextPromotionTime	output	true	discovery
gcp.automation	rules[].promoteReleaseRule.condition.timedPromoteReleaseCondition.targetsList	output	true	discovery
gcp.automation	rules[].promoteReleaseRule.id	required	true	mm
gcp.automation	rules[].repairRolloutRule.condition	output	true	discovery
gcp.automation	rules[].repairRolloutRule.condition.timedPromoteReleaseCondition.nextPromotionTime	output	true	discovery
gcp.automation	rules[].repairRolloutRule.condition.timedPromoteReleaseCondition.targetsList	output	true	discovery
gcp.automation	rules[].repairRolloutRule.id	required	true	mm
gcp.automation	rules[].repairRolloutRule.repairPhases[].retry.attempts	required	true	mm
gcp.automation	rules[].timedPromoteReleaseRule.condition	output	true	discovery
gcp.automation	rules[].timedPromoteReleaseRule.condition.timedPromoteReleaseCondition.nextPromotionTime	output	true	discovery
gcp.automation	rules[].timedPromoteReleaseRule.condition.timedPromoteReleaseCondition.targetsList	output	true	discovery
gcp.automation	rules[].timedPromoteReleaseRule.id	required	true	mm
gcp.automation	rules[].timedPromoteReleaseRule.schedule	required	true	mm
gcp.automation	rules[].timedPromoteReleaseRule.timeZone	required	true	mm
gcp.automation	selector	required	true	mm
gcp.automation	selector.targets	required	true	mm
gcp.automation	serviceAccount	required	true	mm
gcp.automation	uid	output	true	discovery+mm
gcp.automation	updateTime	output	true	discovery+mm
gcp.autoscaler		clear_before_delete	none	default
gcp.autoscaler		create_await	compute_operation	discovery
gcp.autoscaler		create_url	projects/{{project}}/zones/{{zone}}/autoscalers	mm
gcp.autoscaler		create_verb	POST	discovery
gcp.autoscaler		delete_await	compute_operation	discovery
gcp.autoscaler		delete_url	projects/{project}/zones/{zone}/autoscalers/{autoscaler}	discovery
gcp.autoscaler		lock_field	none	default
gcp.autoscaler		patch_one_field	false	default
gcp.autoscaler		setters	none	default
gcp.autoscaler		timeout	600	default
gcp.autoscaler		update_await	compute_operation	discovery
gcp.autoscaler		update_mask	none	discovery
gcp.autoscaler		update_verb	PATCH	discovery
gcp.autoscaler	autoscalingPolicy	required	true	mm
gcp.autoscaler	autoscalingPolicy.cpuUtilization.utilizationTarget	required	true	mm
gcp.autoscaler	autoscalingPolicy.customMetricUtilizations[].metric	required	true	mm
gcp.autoscaler	autoscalingPolicy.loadBalancingUtilization.utilizationTarget	required	true	mm
gcp.autoscaler	autoscalingPolicy.maxNumReplicas	required	true	mm
gcp.autoscaler	autoscalingPolicy.minNumReplicas	required	true	mm
gcp.autoscaler	autoscalingPolicy.scaleInControl.maxScaledInReplicas.calculated	output	true	discovery
gcp.autoscaler	creationTimestamp	output	true	discovery+mm
gcp.autoscaler	id	output	true	discovery
gcp.autoscaler	kind	output	true	discovery
gcp.autoscaler	name	immutable	true	mm
gcp.autoscaler	name	required	true	mm
gcp.autoscaler	recommendedSize	output	true	discovery
gcp.autoscaler	region	output	true	discovery
gcp.autoscaler	scalingScheduleStatus	output	true	discovery
gcp.autoscaler	selfLink	output	true	discovery
gcp.autoscaler	status	output	true	discovery
gcp.autoscaler	statusDetails	output	true	discovery
gcp.autoscaler	target	equivalence	self_link	mm
gcp.autoscaler	target	required	true	mm
gcp.autoscaler	zone	equivalence	self_link	mm
gcp.autoscaler	zone	immutable	true	mm
gcp.autoscaler	zone	output	true	discovery
gcp.backendauthenticationconfig		clear_before_delete	none	default
gcp.backendauthenticationconfig		create_await	longrunning	discovery
gcp.backendauthenticationconfig		create_url	projects/{{project}}/locations/{{location}}/backendAuthenticationConfigs?backendAuthenticationConfigId={{name}}	mm
gcp.backendauthenticationconfig		create_verb	POST	discovery
gcp.backendauthenticationconfig		delete_await	longrunning	discovery
gcp.backendauthenticationconfig		delete_url	projects/{{project}}/locations/{{location}}/backendAuthenticationConfigs/{{name}}	mm
gcp.backendauthenticationconfig		lock_field	none	default
gcp.backendauthenticationconfig		patch_one_field	false	default
gcp.backendauthenticationconfig		setters	none	default
gcp.backendauthenticationconfig		timeout	1200	default
gcp.backendauthenticationconfig		update_await	longrunning	discovery
gcp.backendauthenticationconfig		update_mask	query	mm
gcp.backendauthenticationconfig		update_verb	PATCH	mm
gcp.backendauthenticationconfig	clientCertificate	immutable	true	mm
gcp.backendauthenticationconfig	createTime	output	true	discovery+mm
gcp.backendauthenticationconfig	etag	output	true	discovery
gcp.backendauthenticationconfig	name	immutable	true	mm
gcp.backendauthenticationconfig	name	required	true	mm
gcp.backendauthenticationconfig	trustConfig	immutable	true	mm
gcp.backendauthenticationconfig	updateTime	output	true	discovery+mm
gcp.backendbucket		clear_before_delete	none	default
gcp.backendbucket		create_await	compute_operation	discovery
gcp.backendbucket		create_url	projects/{{project}}/global/backendBuckets	mm
gcp.backendbucket		create_verb	POST	discovery
gcp.backendbucket		delete_await	compute_operation	discovery
gcp.backendbucket		delete_url	projects/{project}/global/backendBuckets/{backendBucket}	discovery
gcp.backendbucket		lock_field	none	default
gcp.backendbucket		patch_one_field	false	default
gcp.backendbucket		setters	none	default
gcp.backendbucket		timeout	600	default
gcp.backendbucket		update_await	compute_operation	discovery
gcp.backendbucket		update_mask	none	discovery
gcp.backendbucket		update_verb	PATCH	discovery
gcp.backendbucket	bucketName	required	true	mm
gcp.backendbucket	cdnPolicy.signedUrlKeyNames	output	true	discovery
gcp.backendbucket	creationTimestamp	output	true	discovery+mm
gcp.backendbucket	edgeSecurityPolicy	equivalence	self_link	mm
gcp.backendbucket	edgeSecurityPolicy	output	true	discovery
gcp.backendbucket	id	output	true	discovery
gcp.backendbucket	kind	output	true	discovery
gcp.backendbucket	name	immutable	true	mm
gcp.backendbucket	name	required	true	mm
gcp.backendbucket	params	immutable	true	mm
gcp.backendbucket	params	input_only	true	discovery+mm
gcp.backendbucket	params.resourceManagerTags	immutable	true	mm
gcp.backendbucket	params.resourceManagerTags	input_only	true	mm
gcp.backendbucket	region	output	true	discovery
gcp.backendbucket	selfLink	output	true	discovery
gcp.backendbucket	usedBy	output	true	discovery
gcp.backendbucket	usedBy[].reference	output	true	discovery
gcp.backendservice		clear_before_delete	none	default
gcp.backendservice		create_await	compute_operation	discovery
gcp.backendservice		create_url	projects/{{project}}/global/backendServices	mm
gcp.backendservice		create_verb	POST	discovery
gcp.backendservice		delete_await	compute_operation	discovery
gcp.backendservice		delete_url	projects/{project}/global/backendServices/{backendService}	discovery
gcp.backendservice		lock_field	fingerprint	discovery
gcp.backendservice		patch_one_field	false	default
gcp.backendservice		setters	none	default
gcp.backendservice		timeout	600	default
gcp.backendservice		update_await	compute_operation	discovery
gcp.backendservice		update_mask	none	discovery
gcp.backendservice		update_verb	PATCH	discovery
gcp.backendservice	backends	unordered	true	mm
gcp.backendservice	backends[].customMetrics[].dryRun	required	true	mm
gcp.backendservice	backends[].customMetrics[].name	required	true	mm
gcp.backendservice	backends[].group	equivalence	self_link	mm
gcp.backendservice	backends[].group	required	true	mm
gcp.backendservice	cdnPolicy.bypassCacheOnRequestHeaders[].headerName	required	true	mm
gcp.backendservice	cdnPolicy.cacheKeyPolicy.queryStringBlacklist	unordered	true	mm
gcp.backendservice	cdnPolicy.cacheKeyPolicy.queryStringWhitelist	unordered	true	mm
gcp.backendservice	cdnPolicy.signedUrlKeyNames	output	true	discovery
gcp.backendservice	consistentHash.httpCookie.ttl.seconds	required	true	mm
gcp.backendservice	creationTimestamp	output	true	discovery+mm
gcp.backendservice	customMetrics[].dryRun	required	true	mm
gcp.backendservice	customMetrics[].name	required	true	mm
gcp.backendservice	customRequestHeaders	unordered	true	mm
gcp.backendservice	customResponseHeaders	unordered	true	mm
gcp.backendservice	edgeSecurityPolicy	equivalence	self_link	mm
gcp.backendservice	edgeSecurityPolicy	output	true	discovery
gcp.backendservice	fingerprint	output	true	mm
gcp.backendservice	healthChecks	unordered	true	mm
gcp.backendservice	iap.enabled	required	true	mm
gcp.backendservice	iap.oauth2ClientId	input_only	true	mm
gcp.backendservice	iap.oauth2ClientId	sensitive	true	mm
gcp.backendservice	iap.oauth2ClientSecret	input_only	true	mm
gcp.backendservice	iap.oauth2ClientSecret	sensitive	true	mm
gcp.backendservice	iap.oauth2ClientSecretSha256	output	true	discovery+mm
gcp.backendservice	iap.oauth2ClientSecretSha256	sensitive	true	mm
gcp.backendservice	id	output	true	discovery+mm
gcp.backendservice	kind	output	true	discovery
gcp.backendservice	localityLbPolicies[].customPolicy.name	required	true	mm
gcp.backendservice	localityLbPolicies[].policy.name	required	true	mm
gcp.backendservice	logConfig.loggingHttpRequestHeaders[].headerName	required	true	mm
gcp.backendservice	logConfig.loggingHttpResponseHeaders[].headerName	required	true	mm
gcp.backendservice	maxStreamDuration.seconds	required	true	mm
gcp.backendservice	name	immutable	true	mm
gcp.backendservice	name	required	true	mm
gcp.backendservice	outlierDetection.baseEjectionTime.seconds	required	true	mm
gcp.backendservice	outlierDetection.interval.seconds	required	true	mm
gcp.backendservice	params	immutable	true	mm
gcp.backendservice	params	input_only	true	discovery+mm
gcp.backendservice	params.resourceManagerTags	immutable	true	mm
gcp.backendservice	params.resourceManagerTags	input_only	true	mm
gcp.backendservice	region	output	true	discovery
gcp.backendservice	securityPolicy	equivalence	self_link	mm
gcp.backendservice	securityPolicy	output	true	discovery
gcp.backendservice	securitySettings.awsV4Authentication.accessKey	input_only	true	mm
gcp.backendservice	securitySettings.awsV4Authentication.accessKey	sensitive	true	mm
gcp.backendservice	securitySettings.clientTlsPolicy	equivalence	self_link	mm
gcp.backendservice	selfLink	output	true	discovery
gcp.backendservice	strongSessionAffinityCookie.ttl.seconds	required	true	mm
gcp.backendservice	usedBy	output	true	discovery
gcp.backendservice	usedBy[].reference	output	true	discovery
gcp.backuprun		clear_before_delete	none	default
gcp.backuprun		create_await	compute_operation	discovery
gcp.backuprun		create_url	projects/{project}/instances/{instance}/backupRuns	discovery
gcp.backuprun		create_verb	POST	discovery
gcp.backuprun		delete_await	compute_operation	discovery
gcp.backuprun		delete_url	projects/{project}/instances/{instance}/backupRuns/{id}	discovery
gcp.backuprun		lock_field	none	default
gcp.backuprun		patch_one_field	false	default
gcp.backuprun		setters	none	default
gcp.backuprun		timeout	600	default
gcp.backuprun		update_await	none	default
gcp.backuprun		update_mask	none	default
gcp.backuprun		update_verb	none	default
gcp.backuprun	databaseVersion	output	true	discovery
gcp.backuprun	maxChargeableBytes	output	true	discovery
gcp.backupschedule		clear_before_delete	none	default
gcp.backupschedule		create_await	none	discovery
gcp.backupschedule		create_url	projects/{{project}}/databases/{{database}}/backupSchedules	mm
gcp.backupschedule		create_verb	POST	discovery
gcp.backupschedule		delete_await	none	discovery
gcp.backupschedule		delete_url	projects/{{project}}/databases/{{database}}/backupSchedules/{{name}}	mm
gcp.backupschedule		lock_field	none	default
gcp.backupschedule		patch_one_field	false	default
gcp.backupschedule		setters	none	default
gcp.backupschedule		timeout	60	default
gcp.backupschedule		update_await	none	discovery
gcp.backupschedule		update_mask	query	mm
gcp.backupschedule		update_verb	PATCH	mm
gcp.backupschedule	createTime	output	true	discovery
gcp.backupschedule	dailyRecurrence	immutable	true	mm
gcp.backupschedule	database	immutable	true	mm
gcp.backupschedule	database	required	true	mm
gcp.backupschedule	name	immutable	true	mm
gcp.backupschedule	name	output	true	discovery+mm
gcp.backupschedule	retention	required	true	mm
gcp.backupschedule	updateTime	output	true	discovery
gcp.backupschedule	weeklyRecurrence	immutable	true	mm
gcp.bigquery.job		clear_before_delete	none	default
gcp.bigquery.job		create_await	none	discovery
gcp.bigquery.job		create_url	projects/{{project}}/jobs	mm
gcp.bigquery.job		create_verb	POST	discovery
gcp.bigquery.job		delete_await	none	discovery
gcp.bigquery.job		delete_url	projects/{{project}}/jobs/{{job_id}}/delete	discovery
gcp.bigquery.job		lock_field	none	default
gcp.bigquery.job		patch_one_field	false	default
gcp.bigquery.job		setters	none	default
gcp.bigquery.job		timeout	60	default
gcp.bigquery.job		update_await	none	default
gcp.bigquery.job		update_mask	none	default
gcp.bigquery.job		update_verb	none	default
gcp.bigquery.job	configuration	required	true	mm
gcp.bigquery.job	configuration.copy.destinationEncryptionConfiguration.kmsKeyName	required	true	mm
gcp.bigquery.job	configuration.copy.destinationTable.tableId	equivalence	self_link	mm
gcp.bigquery.job	configuration.copy.destinationTable.tableId	required	true	mm
gcp.bigquery.job	configuration.copy.sourceTables	required	true	mm
gcp.bigquery.job	configuration.copy.sourceTables[].tableId	equivalence	self_link	mm
gcp.bigquery.job	configuration.copy.sourceTables[].tableId	required	true	mm
gcp.bigquery.job	configuration.extract.destinationUris	required	true	mm
gcp.bigquery.job	configuration.extract.sourceModel.datasetId	required	true	mm
gcp.bigquery.job	configuration.extract.sourceModel.modelId	required	true	mm
gcp.bigquery.job	configuration.extract.sourceModel.projectId	required	true	mm
gcp.bigquery.job	configuration.extract.sourceTable.tableId	equivalence	self_link	mm
gcp.bigquery.job	configuration.extract.sourceTable.tableId	required	true	mm
gcp.bigquery.job	configuration.jobType	output	true	discovery+mm
gcp.bigquery.job	configuration.load.destinationEncryptionConfiguration.kmsKeyName	required	true	mm
gcp.bigquery.job	configuration.load.destinationTable	required	true	mm
gcp.bigquery.job	configuration.load.destinationTable.tableId	equivalence	self_link	mm
gcp.bigquery.job	configuration.load.destinationTable.tableId	required	true	mm
gcp.bigquery.job	configuration.load.hivePartitioningOptions.fields	output	true	discovery
gcp.bigquery.job	configuration.load.sourceUris	required	true	mm
gcp.bigquery.job	configuration.load.timePartitioning.type	required	true	mm
gcp.bigquery.job	configuration.query.connectionProperties[].key	required	true	mm
gcp.bigquery.job	configuration.query.connectionProperties[].value	required	true	mm
gcp.bigquery.job	configuration.query.defaultDataset.datasetId	equivalence	self_link	mm
gcp.bigquery.job	configuration.query.defaultDataset.datasetId	required	true	mm
gcp.bigquery.job	configuration.query.destinationEncryptionConfiguration.kmsKeyName	required	true	mm
gcp.bigquery.job	configuration.query.destinationTable.tableId	equivalence	self_link	mm
gcp.bigquery.job	configuration.query.destinationTable.tableId	required	true	mm
gcp.bigquery.job	configuration.query.query	required	true	mm
gcp.bigquery.job	configuration.query.systemVariables	output	true	discovery
gcp.bigquery.job	configuration.query.systemVariables.types	output	true	discovery
gcp.bigquery.job	configuration.query.systemVariables.values	output	true	discovery
gcp.bigquery.job	etag	output	true	discovery
gcp.bigquery.job	id	output	true	discovery
gcp.bigquery.job	jobCreationReason	output	true	discovery
gcp.bigquery.job	jobCreationReason.code	output	true	discovery
gcp.bigquery.job	jobReference.jobId	required	true	mm
gcp.bigquery.job	kind	output	true	discovery
gcp.bigquery.job	principal_subject	output	true	discovery
gcp.bigquery.job	selfLink	output	true	discovery
gcp.bigquery.job	statistics	output	true	discovery
gcp.bigquery.job	statistics.completionRatio	output	true	discovery
gcp.bigquery.job	statistics.copy	output	true	discovery
gcp.bigquery.job	statistics.copy.copiedLogicalBytes	output	true	discovery
gcp.bigquery.job	statistics.copy.copiedRows	output	true	discovery
gcp.bigquery.job	statistics.copy.remoteDestinationRegion	output	true	discovery
gcp.bigquery.job	statistics.creationTime	output	true	discovery
gcp.bigquery.job	statistics.dataMaskingStatistics	output	true	discovery
gcp.bigquery.job	statistics.edition	output	true	discovery
gcp.bigquery.job	statistics.endTime	output	true	discovery
gcp.bigquery.job	statistics.extract	output	true	discovery
gcp.bigquery.job	statistics.extract.destinationUriFileCounts	output	true	discovery
gcp.bigquery.job	statistics.extract.inputBytes	output	true	discovery
gcp.bigquery.job	statistics.extract.timeline	output	true	discovery
gcp.bigquery.job	statistics.finalExecutionDurationMs	output	true	discovery
gcp.bigquery.job	statistics.globalQueryRemoteRegions	output	true	discovery
gcp.bigquery.job	statistics.load	output	true	discovery
gcp.bigquery.job	statistics.load.badRecords	output	true	discovery
gcp.bigquery.job	statistics.load.inputFileBytes	output	true	discovery
gcp.bigquery.job	statistics.load.inputFiles	output	true	discovery
gcp.bigquery.job	statistics.load.outputBytes	output	true	discovery
gcp.bigquery.job	statistics.load.outputRows	output	true	discovery
gcp.bigquery.job	statistics.load.timeline	output	true	discovery
gcp.bigquery.job	statistics.numChildJobs	output	true	discovery
gcp.bigquery.job	statistics.parentGlobalQueryJob	output	true	discovery
gcp.bigquery.job	statistics.parentJobId	output	true	discovery
gcp.bigquery.job	statistics.query	output	true	discovery
gcp.bigquery.job	statistics.query.biEngineStatistics	output	true	discovery
gcp.bigquery.job	statistics.query.biEngineStatistics.accelerationMode	output	true	discovery
gcp.bigquery.job	statistics.query.biEngineStatistics.biEngineMode	output	true	discovery
gcp.bigquery.job	statistics.query.biEngineStatistics.biEngineReasons[].code	output	true	discovery
gcp.bigquery.job	statistics.query.biEngineStatistics.biEngineReasons[].message	output	true	discovery
gcp.bigquery.job	statistics.query.billingTier	output	true	discovery
gcp.bigquery.job	statistics.query.cacheHit	output	true	discovery
gcp.bigquery.job	statistics.query.dclTargetDataset	output	true	discovery
gcp.bigquery.job	statistics.query.dclTargetTable	output	true	discovery
gcp.bigquery.job	statistics.query.dclTargetView	output	true	discovery
gcp.bigquery.job	statistics.query.ddlAffectedRowAccessPolicyCount	output	true	discovery
gcp.bigquery.job	statistics.query.ddlDestinationTable	output	true	discovery
gcp.bigquery.job	statistics.query.ddlOperationPerformed	output	true	discovery
gcp.bigquery.job	statistics.query.ddlTargetDataset	output	true	discovery
gcp.bigquery.job	statistics.query.ddlTargetRoutine	output	true	discovery
gcp.bigquery.job	statistics.query.ddlTargetRowAccessPolicy	output	true	discovery
gcp.bigquery.job	statistics.query.ddlTargetTable	output	true	discovery
gcp.bigquery.job	statistics.query.dmlStats	output	true	discovery
gcp.bigquery.job	statistics.query.dmlStats.deletedRowCount	output	true	discovery
gcp.bigquery.job	statistics.query.dmlStats.dmlMode	output	true	discovery
gcp.bigquery.job	statistics.query.dmlStats.fineGrainedDmlUnusedReason	output	true	discovery
gcp.bigquery.job	statistics.query.dmlStats.insertedRowCount	output	true	discovery
gcp.bigquery.job	statistics.query.dmlStats.updatedRowCount	output	true	discovery
gcp.bigquery.job	statistics.query.estimatedBytesProcessed	output	true	discovery
gcp.bigquery.job	statistics.query.exportDataStatistics	output	true	discovery
gcp.bigquery.job	statistics.query.externalServiceCosts	output	true	discovery
gcp.bigquery.job	statistics.query.genAiStats	output	true	discovery
gcp.bigquery.job	statistics.query.incrementalResultStats	output	true	discovery
gcp.bigquery.job	statistics.query.incrementalResultStats.disabledReason	output	true	discovery
gcp.bigquery.job	statistics.query.incrementalResultStats.disabledReasonDetails	output	true	discovery
gcp.bigquery.job	statistics.query.incrementalResultStats.firstIncrementalRowTime	output	true	discovery
gcp.bigquery.job	statistics.query.incrementalResultStats.incrementalRowCount	output	true	discovery
gcp.bigquery.job	statistics.query.incrementalResultStats.lastIncrementalRowTime	output	true	discovery
gcp.bigquery.job	statistics.query.incrementalResultStats.resultSetLastModifyTime	output	true	discovery
gcp.bigquery.job	statistics.query.incrementalResultStats.resultSetLastReplaceTime	output	true	discovery
gcp.bigquery.job	statistics.query.loadQueryStatistics	output	true	discovery
gcp.bigquery.job	statistics.query.loadQueryStatistics.badRecords	output	true	discovery
gcp.bigquery.job	statistics.query.loadQueryStatistics.bytesTransferred	output	true	discovery
gcp.bigquery.job	statistics.query.loadQueryStatistics.inputFileBytes	output	true	discovery
gcp.bigquery.job	statistics.query.loadQueryStatistics.inputFiles	output	true	discovery
gcp.bigquery.job	statistics.query.loadQueryStatistics.outputBytes	output	true	discovery
gcp.bigquery.job	statistics.query.loadQueryStatistics.outputRows	output	true	discovery
gcp.bigquery.job	statistics.query.materializedViewStatistics	output	true	discovery
gcp.bigquery.job	statistics.query.metadataCacheStatistics	output	true	discovery
gcp.bigquery.job	statistics.query.mlStatistics	output	true	discovery
gcp.bigquery.job	statistics.query.mlStatistics.hparamTrials	output	true	discovery
gcp.bigquery.job	statistics.query.mlStatistics.maxIterations	output	true	discovery
gcp.bigquery.job	statistics.query.mlStatistics.modelType	output	true	discovery
gcp.bigquery.job	statistics.query.mlStatistics.trainingType	output	true	discovery
gcp.bigquery.job	statistics.query.numDmlAffectedRows	output	true	discovery
gcp.bigquery.job	statistics.query.objectStorageStats	output	true	discovery
gcp.bigquery.job	statistics.query.performanceInsights	output	true	discovery
gcp.bigquery.job	statistics.query.performanceInsights.avgPreviousExecutionMs	output	true	discovery
gcp.bigquery.job	statistics.query.performanceInsights.stagePerformanceChangeInsights	output	true	discovery
gcp.bigquery.job	statistics.query.performanceInsights.stagePerformanceChangeInsights[].inputDataChange	output	true	discovery
gcp.bigquery.job	statistics.query.performanceInsights.stagePerformanceChangeInsights[].inputDataChange.recordsReadDiffPercentage	output	true	discovery
gcp.bigquery.job	statistics.query.performanceInsights.stagePerformanceChangeInsights[].stageId	output	true	discovery
gcp.bigquery.job	statistics.query.performanceInsights.stagePerformanceStandaloneInsights	output	true	discovery
gcp.bigquery.job	statistics.query.performanceInsights.stagePerformanceStandaloneInsights[].biEngineReasons	output	true	discovery
gcp.bigquery.job	statistics.query.performanceInsights.stagePerformanceStandaloneInsights[].biEngineReasons[].code	output	true	discovery
gcp.bigquery.job	statistics.query.performanceInsights.stagePerformanceStandaloneInsights[].biEngineReasons[].message	output	true	discovery
gcp.bigquery.job	statistics.query.performanceInsights.stagePerformanceStandaloneInsights[].highCardinalityJoins	output	true	discovery
gcp.bigquery.job	statistics.query.performanceInsights.stagePerformanceStandaloneInsights[].highCardinalityJoins[].leftRows	output	true	discovery
gcp.bigquery.job	statistics.query.performanceInsights.stagePerformanceStandaloneInsights[].highCardinalityJoins[].outputRows	output	true	discovery
gcp.bigquery.job	statistics.query.performanceInsights.stagePerformanceStandaloneInsights[].highCardinalityJoins[].rightRows	output	true	discovery
gcp.bigquery.job	statistics.query.performanceInsights.stagePerformanceStandaloneInsights[].highCardinalityJoins[].stepIndex	output	true	discovery
gcp.bigquery.job	statistics.query.performanceInsights.stagePerformanceStandaloneInsights[].insufficientShuffleQuota	output	true	discovery
gcp.bigquery.job	statistics.query.performanceInsights.stagePerformanceStandaloneInsights[].partitionSkew	output	true	discovery
gcp.bigquery.job	statistics.query.performanceInsights.stagePerformanceStandaloneInsights[].partitionSkew.skewSources	output	true	discovery
gcp.bigquery.job	statistics.query.performanceInsights.stagePerformanceStandaloneInsights[].partitionSkew.skewSources[].outputBytesMax	output	true	discovery
gcp.bigquery.job	statistics.query.performanceInsights.stagePerformanceStandaloneInsights[].partitionSkew.skewSources[].outputBytesMedian	output	true	discovery
gcp.bigquery.job	statistics.query.performanceInsights.stagePerformanceStandaloneInsights[].partitionSkew.skewSources[].outputBytesP95	output	true	discovery
gcp.bigquery.job	statistics.query.performanceInsights.stagePerformanceStandaloneInsights[].partitionSkew.skewSources[].stageId	output	true	discovery
gcp.bigquery.job	statistics.query.performanceInsights.stagePerformanceStandaloneInsights[].slotContention	output	true	discovery
gcp.bigquery.job	statistics.query.performanceInsights.stagePerformanceStandaloneInsights[].stageId	output	true	discovery
gcp.bigquery.job	statistics.query.performanceInsights.tableChangeInsights	output	true	discovery
gcp.bigquery.job	statistics.query.performanceInsights.tableChangeInsights[].metadataCacheNotUsedButUsedPreviously	output	true	discovery
gcp.bigquery.job	statistics.query.performanceInsights.tableChangeInsights[].metadataCacheStalenessInsight	output	true	discovery
gcp.bigquery.job	statistics.query.performanceInsights.tableChangeInsights[].metadataCacheStalenessInsight.avgPreviousStalenessMs	output	true	discovery
gcp.bigquery.job	statistics.query.performanceInsights.tableChangeInsights[].metadataCacheStalenessInsight.stalenessPercentageIncrease	output	true	discovery
gcp.bigquery.job	statistics.query.performanceInsights.tableChangeInsights[].tableReference	output	true	discovery
gcp.bigquery.job	statistics.query.queryInfo	output	true	discovery
gcp.bigquery.job	statistics.query.queryInfo.optimizationDetails	output	true	discovery
gcp.bigquery.job	statistics.query.queryPlan	output	true	discovery
gcp.bigquery.job	statistics.query.queryPlan[].computeMode	output	true	discovery
gcp.bigquery.job	statistics.query.referencedPropertyGraphs	output	true	discovery
gcp.bigquery.job	statistics.query.referencedRoutines	output	true	discovery
gcp.bigquery.job	statistics.query.referencedTables	output	true	discovery
gcp.bigquery.job	statistics.query.reservationUsage	output	true	discovery
gcp.bigquery.job	statistics.query.schema	output	true	discovery
gcp.bigquery.job	statistics.query.searchStatistics	output	true	discovery
gcp.bigquery.job	statistics.query.sparkStatistics	output	true	discovery
gcp.bigquery.job	statistics.query.sparkStatistics.endpoints	output	true	discovery
gcp.bigquery.job	statistics.query.sparkStatistics.gcsStagingBucket	output	true	discovery
gcp.bigquery.job	statistics.query.sparkStatistics.kmsKeyName	output	true	discovery
gcp.bigquery.job	statistics.query.sparkStatistics.loggingInfo	output	true	discovery
gcp.bigquery.job	statistics.query.sparkStatistics.loggingInfo.projectId	output	true	discovery
gcp.bigquery.job	statistics.query.sparkStatistics.loggingInfo.resourceType	output	true	discovery
gcp.bigquery.job	statistics.query.sparkStatistics.sparkJobId	output	true	discovery
gcp.bigquery.job	statistics.query.sparkStatistics.sparkJobLocation	output	true	discovery
gcp.bigquery.job	statistics.query.statementType	output	true	discovery
gcp.bigquery.job	statistics.query.timeline	output	true	discovery
gcp.bigquery.job	statistics.query.totalBytesBilled	output	true	discovery
gcp.bigquery.job	statistics.query.totalBytesProcessed	output	true	discovery
gcp.bigquery.job	statistics.query.totalBytesProcessedAccuracy	output	true	discovery
gcp.bigquery.job	statistics.query.totalPartitionsProcessed	output	true	discovery
gcp.bigquery.job	statistics.query.totalServicesSkuSlotMs	output	true	discovery
gcp.bigquery.job	statistics.query.totalSlotMs	output	true	discovery
gcp.bigquery.job	statistics.query.transferredBytes	output	true	discovery
gcp.bigquery.job	statistics.query.undeclaredQueryParameters	output	true	discovery
gcp.bigquery.job	statistics.query.vectorSearchStatistics	output	true	discovery
gcp.bigquery.job	statistics.quotaDeferments	output	true	discovery
gcp.bigquery.job	statistics.reservationGroupPath	output	true	discovery
gcp.bigquery.job	statistics.reservationUsage	output	true	discovery
gcp.bigquery.job	statistics.reservation_id	output	true	discovery
gcp.bigquery.job	statistics.rowLevelSecurityStatistics	output	true	discovery
gcp.bigquery.job	statistics.scriptStatistics	output	true	discovery
gcp.bigquery.job	statistics.scriptStatistics.stackFrames[].endColumn	output	true	discovery
gcp.bigquery.job	statistics.scriptStatistics.stackFrames[].endLine	output	true	discovery
gcp.bigquery.job	statistics.scriptStatistics.stackFrames[].procedureId	output	true	discovery
gcp.bigquery.job	statistics.scriptStatistics.stackFrames[].startColumn	output	true	discovery
gcp.bigquery.job	statistics.scriptStatistics.stackFrames[].startLine	output	true	discovery
gcp.bigquery.job	statistics.scriptStatistics.stackFrames[].text	output	true	discovery
gcp.bigquery.job	statistics.sessionInfo	output	true	discovery
gcp.bigquery.job	statistics.sessionInfo.sessionId	output	true	discovery
gcp.bigquery.job	statistics.startTime	output	true	discovery
gcp.bigquery.job	statistics.totalBytesProcessed	output	true	discovery
gcp.bigquery.job	statistics.totalSlotMs	output	true	discovery
gcp.bigquery.job	statistics.transactionInfo	output	true	discovery
gcp.bigquery.job	statistics.transactionInfo.transactionId	output	true	discovery
gcp.bigquery.job	status	output	true	discovery+mm
gcp.bigquery.job	status.errorResult	output	true	discovery+mm
gcp.bigquery.job	status.errors	output	true	discovery+mm
gcp.bigquery.job	status.state	output	true	discovery+mm
gcp.bigquery.job	user_email	output	true	discovery+mm
gcp.bigquery.table		clear_before_delete	none	default
gcp.bigquery.table		create_await	none	discovery
gcp.bigquery.table		create_url	projects/{{project}}/datasets/{{dataset_id}}/tables	observed+discovery+!mm
gcp.bigquery.table		create_verb	POST	discovery
gcp.bigquery.table		delete_await	none	discovery
gcp.bigquery.table		delete_url	projects/{{project}}/datasets/{{dataset_id}}/tables/{{table_id}}	mm
gcp.bigquery.table		lock_field	none	default
gcp.bigquery.table		patch_one_field	false	default
gcp.bigquery.table		setters	none	default
gcp.bigquery.table		timeout	60	default
gcp.bigquery.table		update_await	none	discovery
gcp.bigquery.table		update_mask	none	discovery
gcp.bigquery.table		update_verb	PATCH	discovery
gcp.bigquery.table	cloneDefinition	output	true	discovery
gcp.bigquery.table	creationTime	output	true	discovery+mm
gcp.bigquery.table	etag	output	true	discovery
gcp.bigquery.table	externalCatalogTableOptions.storageDescriptor.serdeInfo.serializationLibrary	required	false	mm
gcp.bigquery.table	externalDataConfiguration.bigtableOptions.columnFamilies[].columns[].qualifierString	required	false	mm
gcp.bigquery.table	externalDataConfiguration.decimalTargetTypes	unordered	true	mm
gcp.bigquery.table	externalDataConfiguration.hivePartitioningOptions.fields	output	true	discovery
gcp.bigquery.table	id	output	true	discovery+mm
gcp.bigquery.table	kind	output	true	discovery
gcp.bigquery.table	lastModifiedTime	output	true	discovery+mm
gcp.bigquery.table	location	output	true	discovery+mm
gcp.bigquery.table	materializedView.lastRefreshTime	output	true	discovery
gcp.bigquery.table	materializedViewStatus	output	true	discovery
gcp.bigquery.table	materializedViewStatus.lastRefreshStatus	output	true	discovery
gcp.bigquery.table	materializedViewStatus.refreshWatermark	output	true	discovery
gcp.bigquery.table	numActiveLogicalBytes	output	true	discovery
gcp.bigquery.table	numActivePhysicalBytes	output	true	discovery
gcp.bigquery.table	numBytes	output	true	discovery+mm
gcp.bigquery.table	numCurrentPhysicalBytes	output	true	discovery
gcp.bigquery.table	numLongTermBytes	output	true	discovery+mm
gcp.bigquery.table	numLongTermLogicalBytes	output	true	discovery
gcp.bigquery.table	numLongTermPhysicalBytes	output	true	discovery
gcp.bigquery.table	numPartitions	output	true	discovery
gcp.bigquery.table	numPhysicalBytes	output	true	discovery
gcp.bigquery.table	numRows	output	true	discovery
gcp.bigquery.table	numTimeTravelPhysicalBytes	output	true	discovery
gcp.bigquery.table	numTotalLogicalBytes	output	true	discovery
gcp.bigquery.table	numTotalPhysicalBytes	output	true	discovery
gcp.bigquery.table	replicas	output	true	discovery
gcp.bigquery.table	requirePartitionFilter	output	true	mm
gcp.bigquery.table	restrictions	output	true	discovery
gcp.bigquery.table	restrictions.type	output	true	discovery
gcp.bigquery.table	selfLink	output	true	discovery
gcp.bigquery.table	snapshotDefinition	output	true	discovery
gcp.bigquery.table	streamingBuffer	output	true	discovery+mm
gcp.bigquery.table	streamingBuffer.estimatedBytes	output	true	discovery+mm
gcp.bigquery.table	streamingBuffer.estimatedRows	output	true	discovery+mm
gcp.bigquery.table	streamingBuffer.oldestEntryTime	output	true	discovery+mm
gcp.bigquery.table	tableReplicationInfo.replicatedSourceLastRefreshTime	output	true	discovery
gcp.bigquery.table	tableReplicationInfo.replicationError	output	true	discovery
gcp.bigquery.table	tableReplicationInfo.replicationStatus	output	true	discovery
gcp.bigquery.table	type_value	output	true	discovery+mm
gcp.bigquery.table	view.privacyPolicy.differentialPrivacyPolicy.deltaBudgetRemaining	output	true	discovery
gcp.bigquery.table	view.privacyPolicy.differentialPrivacyPolicy.epsilonBudgetRemaining	output	true	discovery
gcp.bigtableadmin.backup		clear_before_delete	none	default
gcp.bigtableadmin.backup		create_await	longrunning	discovery
gcp.bigtableadmin.backup		create_url	{+parent}/backups?backupId={{backupId}}	discovery
gcp.bigtableadmin.backup		create_verb	POST	discovery
gcp.bigtableadmin.backup		delete_await	none	discovery
gcp.bigtableadmin.backup		delete_url	{+name}	discovery
gcp.bigtableadmin.backup		lock_field	none	default
gcp.bigtableadmin.backup		patch_one_field	false	default
gcp.bigtableadmin.backup		setters	none	default
gcp.bigtableadmin.backup		timeout	1200	default
gcp.bigtableadmin.backup		update_await	none	discovery
gcp.bigtableadmin.backup		update_mask	query	discovery
gcp.bigtableadmin.backup		update_verb	PATCH	discovery
gcp.bigtableadmin.backup	backupId	immutable	true	discovery
gcp.bigtableadmin.backup	backupId	required	true	discovery
gcp.bigtableadmin.backup	encryptionInfo	output	true	discovery
gcp.bigtableadmin.backup	encryptionInfo.encryptionStatus	output	true	discovery
gcp.bigtableadmin.backup	encryptionInfo.encryptionType	output	true	discovery
gcp.bigtableadmin.backup	encryptionInfo.kmsKeyVersion	output	true	discovery
gcp.bigtableadmin.backup	endTime	output	true	discovery
gcp.bigtableadmin.backup	name	output	true	discovery
gcp.bigtableadmin.backup	sizeBytes	output	true	discovery
gcp.bigtableadmin.backup	sourceBackup	output	true	discovery
gcp.bigtableadmin.backup	sourceTable	immutable	true	discovery
gcp.bigtableadmin.backup	startTime	output	true	discovery
gcp.bigtableadmin.backup	state	output	true	discovery
gcp.bigtableadmin.cluster		clear_before_delete	none	default
gcp.bigtableadmin.cluster		create_await	longrunning	discovery
gcp.bigtableadmin.cluster		create_url	{+parent}/clusters?clusterId={{clusterId}}	discovery
gcp.bigtableadmin.cluster		create_verb	POST	discovery
gcp.bigtableadmin.cluster		delete_await	none	discovery
gcp.bigtableadmin.cluster		delete_url	{+name}	discovery
gcp.bigtableadmin.cluster		lock_field	none	default
gcp.bigtableadmin.cluster		patch_one_field	false	default
gcp.bigtableadmin.cluster		setters	none	default
gcp.bigtableadmin.cluster		timeout	1200	default
gcp.bigtableadmin.cluster		update_await	longrunning	discovery
gcp.bigtableadmin.cluster		update_mask	query	discovery
gcp.bigtableadmin.cluster		update_verb	PATCH	discovery
gcp.bigtableadmin.cluster	clusterId	immutable	true	discovery
gcp.bigtableadmin.cluster	clusterId	required	true	discovery
gcp.bigtableadmin.cluster	defaultStorageType	immutable	true	discovery
gcp.bigtableadmin.cluster	encryptionConfig	immutable	true	discovery
gcp.bigtableadmin.cluster	location	immutable	true	discovery
gcp.bigtableadmin.cluster	name	output	true	discovery
gcp.bigtableadmin.cluster	nodeScalingFactor	immutable	true	discovery
gcp.bigtableadmin.cluster	state	output	true	discovery
gcp.bigtableadmin.instance		clear_before_delete	none	default
gcp.bigtableadmin.instance		create_await	longrunning	discovery
gcp.bigtableadmin.instance		create_url	projects/{{project}}/instances	discovery
gcp.bigtableadmin.instance		create_verb	POST	discovery
gcp.bigtableadmin.instance		delete_await	none	discovery
gcp.bigtableadmin.instance		delete_url	{+name}	discovery
gcp.bigtableadmin.instance		lock_field	none	default
gcp.bigtableadmin.instance		patch_one_field	false	default
gcp.bigtableadmin.instance		setters	none	default
gcp.bigtableadmin.instance		timeout	1200	default
gcp.bigtableadmin.instance		update_await	longrunning	discovery
gcp.bigtableadmin.instance		update_mask	query	discovery
gcp.bigtableadmin.instance		update_verb	PATCH	discovery
gcp.bigtableadmin.instance	clusters	immutable	true	discovery
gcp.bigtableadmin.instance	createTime	output	true	discovery
gcp.bigtableadmin.instance	instanceId	immutable	true	discovery
gcp.bigtableadmin.instance	knowledgeCatalogRegion	output	true	discovery
gcp.bigtableadmin.instance	parent	immutable	true	discovery
gcp.bigtableadmin.instance	satisfiesPzi	output	true	discovery
gcp.bigtableadmin.instance	satisfiesPzs	output	true	discovery
gcp.bigtableadmin.instance	state	output	true	discovery
gcp.bigtableadmin.instance	tags	immutable	true	discovery
gcp.bigtableadmin.instance	tags	input_only	true	discovery
gcp.bigtableadmin.table		clear_before_delete	none	default
gcp.bigtableadmin.table		create_await	none	discovery
gcp.bigtableadmin.table		create_url	{+parent}/tables	discovery
gcp.bigtableadmin.table		create_verb	POST	discovery
gcp.bigtableadmin.table		delete_await	none	discovery
gcp.bigtableadmin.table		delete_url	{+name}	discovery
gcp.bigtableadmin.table		lock_field	none	default
gcp.bigtableadmin.table		patch_one_field	false	default
gcp.bigtableadmin.table		setters	none	default
gcp.bigtableadmin.table		timeout	1200	default
gcp.bigtableadmin.table		update_await	longrunning	discovery
gcp.bigtableadmin.table		update_mask	query	discovery
gcp.bigtableadmin.table		update_verb	PATCH	discovery
gcp.bigtableadmin.table	clusterStates	output	true	discovery
gcp.bigtableadmin.table	granularity	immutable	true	discovery
gcp.bigtableadmin.table	initialSplits	immutable	true	discovery
gcp.bigtableadmin.table	restoreInfo	output	true	discovery
gcp.bigtableadmin.table	restoreInfo.backupInfo.backup	output	true	discovery
gcp.bigtableadmin.table	restoreInfo.backupInfo.endTime	output	true	discovery
gcp.bigtableadmin.table	restoreInfo.backupInfo.sourceBackup	output	true	discovery
gcp.bigtableadmin.table	restoreInfo.backupInfo.sourceTable	output	true	discovery
gcp.bigtableadmin.table	restoreInfo.backupInfo.startTime	output	true	discovery
gcp.bigtableadmin.table	rowKeySchema.fields[].type.aggregateType.inputType.aggregateType.inputType.aggregateType.stateType	output	true	discovery
gcp.bigtableadmin.table	rowKeySchema.fields[].type.aggregateType.inputType.aggregateType.stateType	output	true	discovery
gcp.bigtableadmin.table	rowKeySchema.fields[].type.aggregateType.inputType.aggregateType.stateType.aggregateType.stateType	output	true	discovery
gcp.bigtableadmin.table	rowKeySchema.fields[].type.aggregateType.inputType.arrayType.elementType.aggregateType.stateType	output	true	discovery
gcp.bigtableadmin.table	rowKeySchema.fields[].type.aggregateType.inputType.mapType.keyType.aggregateType.stateType	output	true	discovery
gcp.bigtableadmin.table	rowKeySchema.fields[].type.aggregateType.inputType.mapType.valueType.aggregateType.stateType	output	true	discovery
gcp.bigtableadmin.table	rowKeySchema.fields[].type.aggregateType.stateType	output	true	discovery
gcp.bigtableadmin.table	rowKeySchema.fields[].type.aggregateType.stateType.aggregateType.inputType.aggregateType.stateType	output	true	discovery
gcp.bigtableadmin.table	rowKeySchema.fields[].type.aggregateType.stateType.aggregateType.stateType	output	true	discovery
gcp.bigtableadmin.table	rowKeySchema.fields[].type.aggregateType.stateType.aggregateType.stateType.aggregateType.stateType	output	true	discovery
gcp.bigtableadmin.table	rowKeySchema.fields[].type.aggregateType.stateType.arrayType.elementType.aggregateType.stateType	output	true	discovery
gcp.bigtableadmin.table	rowKeySchema.fields[].type.aggregateType.stateType.mapType.keyType.aggregateType.stateType	output	true	discovery
gcp.bigtableadmin.table	rowKeySchema.fields[].type.aggregateType.stateType.mapType.valueType.aggregateType.stateType	output	true	discovery
gcp.bigtableadmin.table	rowKeySchema.fields[].type.arrayType.elementType.aggregateType.inputType.aggregateType.stateType	output	true	discovery
gcp.bigtableadmin.table	rowKeySchema.fields[].type.arrayType.elementType.aggregateType.stateType	output	true	discovery
gcp.bigtableadmin.table	rowKeySchema.fields[].type.arrayType.elementType.aggregateType.stateType.aggregateType.stateType	output	true	discovery
gcp.bigtableadmin.table	rowKeySchema.fields[].type.arrayType.elementType.arrayType.elementType.aggregateType.stateType	output	true	discovery
gcp.bigtableadmin.table	rowKeySchema.fields[].type.arrayType.elementType.mapType.keyType.aggregateType.stateType	output	true	discovery
gcp.bigtableadmin.table	rowKeySchema.fields[].type.arrayType.elementType.mapType.valueType.aggregateType.stateType	output	true	discovery
gcp.bigtableadmin.table	rowKeySchema.fields[].type.mapType.keyType.aggregateType.inputType.aggregateType.stateType	output	true	discovery
gcp.bigtableadmin.table	rowKeySchema.fields[].type.mapType.keyType.aggregateType.stateType	output	true	discovery
gcp.bigtableadmin.table	rowKeySchema.fields[].type.mapType.keyType.aggregateType.stateType.aggregateType.stateType	output	true	discovery
gcp.bigtableadmin.table	rowKeySchema.fields[].type.mapType.keyType.arrayType.elementType.aggregateType.stateType	output	true	discovery
gcp.bigtableadmin.table	rowKeySchema.fields[].type.mapType.keyType.mapType.keyType.aggregateType.stateType	output	true	discovery
gcp.bigtableadmin.table	rowKeySchema.fields[].type.mapType.keyType.mapType.valueType.aggregateType.stateType	output	true	discovery
gcp.bigtableadmin.table	rowKeySchema.fields[].type.mapType.valueType.aggregateType.inputType.aggregateType.stateType	output	true	discovery
gcp.bigtableadmin.table	rowKeySchema.fields[].type.mapType.valueType.aggregateType.stateType	output	true	discovery
gcp.bigtableadmin.table	rowKeySchema.fields[].type.mapType.valueType.aggregateType.stateType.aggregateType.stateType	output	true	discovery
gcp.bigtableadmin.table	rowKeySchema.fields[].type.mapType.valueType.arrayType.elementType.aggregateType.stateType	output	true	discovery
gcp.bigtableadmin.table	rowKeySchema.fields[].type.mapType.valueType.mapType.keyType.aggregateType.stateType	output	true	discovery
gcp.bigtableadmin.table	rowKeySchema.fields[].type.mapType.valueType.mapType.valueType.aggregateType.stateType	output	true	discovery
gcp.bigtableadmin.table	rowKeySchema.fields[].type.structType.fields[].type.aggregateType.stateType	output	true	discovery
gcp.bigtableadmin.table	stats	output	true	discovery
gcp.bigtableadmin.table	tableId	immutable	true	discovery
gcp.bluegreendeployment		clear_before_delete	none	default
gcp.bluegreendeployment		create_await	compute_operation	discovery
gcp.bluegreendeployment		create_url	projects/{{project}}/locations/{{location}}/blueGreenDeployments?blueGreenDeploymentId={{blueGreenDeploymentId}}	discovery
gcp.bluegreendeployment		create_verb	POST	discovery
gcp.bluegreendeployment		delete_await	compute_operation	discovery
gcp.bluegreendeployment		delete_url	{+name}	discovery
gcp.bluegreendeployment		lock_field	none	default
gcp.bluegreendeployment		patch_one_field	false	default
gcp.bluegreendeployment		setters	none	default
gcp.bluegreendeployment		timeout	600	default
gcp.bluegreendeployment		update_await	none	default
gcp.bluegreendeployment		update_mask	none	default
gcp.bluegreendeployment		update_verb	none	default
gcp.bluegreendeployment	blueGreenDeploymentId	immutable	true	discovery
gcp.bluegreendeployment	blueGreenDeploymentId	required	true	discovery
gcp.bluegreendeployment	createTime	output	true	discovery
gcp.bluegreendeployment	deploymentMappings	output	true	discovery
gcp.bluegreendeployment	deploymentMappings[].diffs	output	true	discovery
gcp.bluegreendeployment	deploymentMappings[].diffs[].field	output	true	discovery
gcp.bluegreendeployment	deploymentMappings[].diffs[].sourceValue	output	true	discovery
gcp.bluegreendeployment	deploymentMappings[].diffs[].targetValue	output	true	discovery
gcp.bluegreendeployment	deploymentMappings[].source	output	true	discovery
gcp.bluegreendeployment	deploymentMappings[].source.connection	output	true	discovery
gcp.bluegreendeployment	deploymentMappings[].source.dns	output	true	discovery
gcp.bluegreendeployment	deploymentMappings[].source.instance	output	true	discovery
gcp.bluegreendeployment	deploymentMappings[].source.ipMappings	output	true	discovery
gcp.bluegreendeployment	deploymentMappings[].state	output	true	discovery
gcp.bluegreendeployment	deploymentMappings[].target	output	true	discovery
gcp.bluegreendeployment	deploymentMappings[].target.connection	output	true	discovery
gcp.bluegreendeployment	deploymentMappings[].target.dns	output	true	discovery
gcp.bluegreendeployment	deploymentMappings[].target.instance	output	true	discovery
gcp.bluegreendeployment	deploymentMappings[].target.ipMappings	output	true	discovery
gcp.bluegreendeployment	deploymentTasks	output	true	discovery
gcp.bluegreendeployment	deploymentTasks.task	output	true	discovery
gcp.bluegreendeployment	deploymentTasks.task[].endTime	output	true	discovery
gcp.bluegreendeployment	deploymentTasks.task[].errorMessage	output	true	discovery
gcp.bluegreendeployment	deploymentTasks.task[].startTime	output	true	discovery
gcp.bluegreendeployment	deploymentTasks.task[].state	output	true	discovery
gcp.bluegreendeployment	deploymentTasks.task[].type	output	true	discovery
gcp.bluegreendeployment	errorDetail	output	true	discovery
gcp.bluegreendeployment	name	output	true	discovery
gcp.bluegreendeployment	requestedConfig	immutable	true	discovery
gcp.bluegreendeployment	sourceInstance	immutable	true	discovery
gcp.bluegreendeployment	state	output	true	discovery
gcp.bluegreendeployment	switchoverTargetInstance	output	true	discovery
gcp.bucketaccesscontrol		clear_before_delete	none	default
gcp.bucketaccesscontrol		create_await	none	discovery
gcp.bucketaccesscontrol		create_url	b/{{bucket}}/acl	mm
gcp.bucketaccesscontrol		create_verb	POST	discovery
gcp.bucketaccesscontrol		delete_await	none	discovery
gcp.bucketaccesscontrol		delete_url	b/{{bucket}}/acl/{{entity}}	mm
gcp.bucketaccesscontrol		lock_field	none	default
gcp.bucketaccesscontrol		patch_one_field	false	default
gcp.bucketaccesscontrol		setters	none	default
gcp.bucketaccesscontrol		timeout	60	default
gcp.bucketaccesscontrol		update_await	none	discovery
gcp.bucketaccesscontrol		update_mask	none	discovery
gcp.bucketaccesscontrol		update_verb	PATCH	discovery
gcp.bucketaccesscontrol	bucket	equivalence	self_link	mm
gcp.bucketaccesscontrol	bucket	immutable	true	mm
gcp.bucketaccesscontrol	bucket	required	true	mm
gcp.bucketaccesscontrol	domain	output	true	mm
gcp.bucketaccesscontrol	email	output	true	mm
gcp.bucketaccesscontrol	entity	immutable	true	mm
gcp.bucketaccesscontrol	entity	required	true	mm
gcp.bucketaccesscontrol	kind	output	true	discovery
gcp.certificate		clear_before_delete	none	default
gcp.certificate		create_await	longrunning	discovery
gcp.certificate		create_url	projects/{{project}}/locations/{{location}}/certificates?certificateId={{name}}	mm
gcp.certificate		create_verb	POST	discovery
gcp.certificate		delete_await	longrunning	discovery
gcp.certificate		delete_url	projects/{{project}}/locations/{{location}}/certificates/{{name}}	mm
gcp.certificate		lock_field	none	default
gcp.certificate		patch_one_field	false	default
gcp.certificate		setters	none	default
gcp.certificate		timeout	1200	default
gcp.certificate		update_await	longrunning	discovery
gcp.certificate		update_mask	query	mm
gcp.certificate		update_verb	PATCH	mm
gcp.certificate	createTime	output	true	discovery
gcp.certificate	expireTime	output	true	discovery
gcp.certificate	managed	immutable	true	mm
gcp.certificate	managed.authorizationAttemptInfo	output	true	discovery+mm
gcp.certificate	managed.authorizationAttemptInfo[].attemptTime	output	true	discovery
gcp.certificate	managed.authorizationAttemptInfo[].details	output	true	discovery+mm
gcp.certificate	managed.authorizationAttemptInfo[].domain	output	true	discovery+mm
gcp.certificate	managed.authorizationAttemptInfo[].failureReason	output	true	discovery+mm
gcp.certificate	managed.authorizationAttemptInfo[].state	output	true	discovery+mm
gcp.certificate	managed.authorizationAttemptInfo[].troubleshooting	output	true	discovery
gcp.certificate	managed.authorizationAttemptInfo[].troubleshooting.cname	output	true	discovery
gcp.certificate	managed.authorizationAttemptInfo[].troubleshooting.cname.expectedData	output	true	discovery
gcp.certificate	managed.authorizationAttemptInfo[].troubleshooting.cname.name	output	true	discovery
gcp.certificate	managed.authorizationAttemptInfo[].troubleshooting.cname.resolvedData	output	true	discovery
gcp.certificate	managed.authorizationAttemptInfo[].troubleshooting.ips	output	true	discovery
gcp.certificate	managed.authorizationAttemptInfo[].troubleshooting.ips.resolved	output	true	discovery
gcp.certificate	managed.authorizationAttemptInfo[].troubleshooting.ips.serving	output	true	discovery
gcp.certificate	managed.authorizationAttemptInfo[].troubleshooting.ips.servingOnAltPorts	output	true	discovery
gcp.certificate	managed.authorizationAttemptInfo[].troubleshooting.issues	output	true	discovery
gcp.certificate	managed.dnsAuthorizations	immutable	true	discovery+mm
gcp.certificate	managed.domains	immutable	true	discovery+mm
gcp.certificate	managed.issuanceConfig	equivalence	resource_name	mm
gcp.certificate	managed.issuanceConfig	immutable	true	discovery+mm
gcp.certificate	managed.provisioningIssue	output	true	discovery+mm
gcp.certificate	managed.provisioningIssue.details	output	true	discovery+mm
gcp.certificate	managed.provisioningIssue.reason	output	true	discovery+mm
gcp.certificate	managed.state	output	true	discovery+mm
gcp.certificate	managedIdentity.identity	immutable	true	discovery
gcp.certificate	managedIdentity.provisioningIssue	output	true	discovery
gcp.certificate	managedIdentity.provisioningIssue.details	output	true	discovery
gcp.certificate	managedIdentity.provisioningIssue.reason	output	true	discovery
gcp.certificate	managedIdentity.state	output	true	discovery
gcp.certificate	name	immutable	true	mm
gcp.certificate	name	required	true	mm
gcp.certificate	pemCertificate	output	true	discovery
gcp.certificate	sanDnsnames	output	true	discovery+mm
gcp.certificate	scope	immutable	true	discovery+mm
gcp.certificate	selfManaged	input_only	true	mm
gcp.certificate	selfManaged.pemCertificate	input_only	true	discovery
gcp.certificate	selfManaged.pemPrivateKey	input_only	true	discovery
gcp.certificate	selfManaged.pemPrivateKey	sensitive	true	mm
gcp.certificate	tags	immutable	true	discovery
gcp.certificate	tags	input_only	true	discovery
gcp.certificate	updateTime	output	true	discovery
gcp.certificate	usedBy	output	true	discovery
gcp.certificate	usedBy[].name	output	true	discovery
gcp.certificateissuanceconfig		clear_before_delete	none	default
gcp.certificateissuanceconfig		create_await	longrunning	discovery
gcp.certificateissuanceconfig		create_url	projects/{{project}}/locations/{{location}}/certificateIssuanceConfigs?certificateIssuanceConfigId={{name}}	mm
gcp.certificateissuanceconfig		create_verb	POST	discovery
gcp.certificateissuanceconfig		delete_await	longrunning	discovery
gcp.certificateissuanceconfig		delete_url	{+name}	discovery
gcp.certificateissuanceconfig		lock_field	none	default
gcp.certificateissuanceconfig		patch_one_field	false	default
gcp.certificateissuanceconfig		setters	none	default
gcp.certificateissuanceconfig		timeout	1200	default
gcp.certificateissuanceconfig		update_await	none	default
gcp.certificateissuanceconfig		update_mask	none	mm
gcp.certificateissuanceconfig		update_verb	none	mm
gcp.certificateissuanceconfig	certificateAuthorityConfig	required	true	mm
gcp.certificateissuanceconfig	certificateAuthorityConfig.certificateAuthorityServiceConfig.caPool	equivalence	resource_name	mm
gcp.certificateissuanceconfig	certificateAuthorityConfig.certificateAuthorityServiceConfig.caPool	required	true	mm
gcp.certificateissuanceconfig	createTime	output	true	discovery+mm
gcp.certificateissuanceconfig	keyAlgorithm	required	true	mm
gcp.certificateissuanceconfig	lifetime	required	true	mm
gcp.certificateissuanceconfig	name	required	true	mm
gcp.certificateissuanceconfig	rotationWindowPercentage	required	true	mm
gcp.certificateissuanceconfig	tags	immutable	true	discovery
gcp.certificateissuanceconfig	tags	input_only	true	discovery
gcp.certificateissuanceconfig	updateTime	output	true	discovery+mm
gcp.certificatemap		clear_before_delete	none	default
gcp.certificatemap		create_await	longrunning	discovery
gcp.certificatemap		create_url	projects/{{project}}/locations/global/certificateMaps?certificateMapId={{name}}	mm
gcp.certificatemap		create_verb	POST	discovery
gcp.certificatemap		delete_await	longrunning	discovery
gcp.certificatemap		delete_url	projects/{{project}}/locations/global/certificateMaps/{{name}}	mm
gcp.certificatemap		lock_field	none	default
gcp.certificatemap		patch_one_field	false	default
gcp.certificatemap		setters	none	default
gcp.certificatemap		timeout	1200	default
gcp.certificatemap		update_await	longrunning	discovery
gcp.certificatemap		update_mask	query	mm
gcp.certificatemap		update_verb	PATCH	mm
gcp.certificatemap	createTime	output	true	discovery+mm
gcp.certificatemap	gclbTargets	output	true	discovery+mm
gcp.certificatemap	gclbTargets[].ipConfigs	output	true	discovery
gcp.certificatemap	gclbTargets[].ipConfigs[].ipAddress	output	true	discovery
gcp.certificatemap	gclbTargets[].ipConfigs[].ports	output	true	discovery
gcp.certificatemap	gclbTargets[].targetHttpsProxy	output	true	discovery
gcp.certificatemap	gclbTargets[].targetSslProxy	output	true	discovery
gcp.certificatemap	name	immutable	true	mm
gcp.certificatemap	name	required	true	mm
gcp.certificatemap	tags	immutable	true	discovery
gcp.certificatemap	tags	input_only	true	discovery
gcp.certificatemap	updateTime	output	true	discovery+mm
gcp.certificatemapentry		clear_before_delete	none	default
gcp.certificatemapentry		create_await	longrunning	discovery
gcp.certificatemapentry		create_url	projects/{{project}}/locations/global/certificateMaps/{{map}}/certificateMapEntries?certificateMapEntryId={{name}}	mm
gcp.certificatemapentry		create_verb	POST	discovery
gcp.certificatemapentry		delete_await	longrunning	discovery
gcp.certificatemapentry		delete_url	projects/{{project}}/locations/global/certificateMaps/{{map}}/certificateMapEntries/{{name}}	mm
gcp.certificatemapentry		lock_field	none	default
gcp.certificatemapentry		patch_one_field	false	default
gcp.certificatemapentry		setters	none	default
gcp.certificatemapentry		timeout	1200	default
gcp.certificatemapentry		update_await	longrunning	discovery
gcp.certificatemapentry		update_mask	query	mm
gcp.certificatemapentry		update_verb	PATCH	mm
gcp.certificatemapentry	certificates	required	true	mm
gcp.certificatemapentry	createTime	output	true	discovery+mm
gcp.certificatemapentry	hostname	immutable	true	mm
gcp.certificatemapentry	map	immutable	true	mm
gcp.certificatemapentry	map	required	true	mm
gcp.certificatemapentry	matcher	immutable	true	mm
gcp.certificatemapentry	name	immutable	true	mm
gcp.certificatemapentry	name	required	true	mm
gcp.certificatemapentry	state	output	true	discovery+mm
gcp.certificatemapentry	updateTime	output	true	discovery+mm
gcp.changestream		clear_before_delete	none	default
gcp.changestream		create_await	none	discovery
gcp.changestream		create_url	projects/{{project}}/databases/{{database}}/changeStreams?changeStreamId={{name}}	mm
gcp.changestream		create_verb	POST	discovery
gcp.changestream		delete_await	none	discovery
gcp.changestream		delete_url	projects/{{project}}/databases/{{database}}/changeStreams/{{name}}	mm
gcp.changestream		lock_field	none	default
gcp.changestream		patch_one_field	false	default
gcp.changestream		setters	none	default
gcp.changestream		timeout	60	default
gcp.changestream		update_await	none	default
gcp.changestream		update_mask	none	discovery+!mm
gcp.changestream		update_verb	none	discovery+!mm
gcp.changestream	collectionGroupScope.collectionGroupId	required	true	mm
gcp.changestream	createTime	output	true	discovery+mm
gcp.changestream	database	immutable	true	mm
gcp.changestream	database	required	true	mm
gcp.changestream	etag	output	true	mm
gcp.changestream	name	immutable	true	mm
gcp.changestream	name	required	true	mm
gcp.changestream	retentionPeriod	required	true	mm
gcp.changestream	startTime	output	true	discovery+mm
gcp.changestream	updateTime	output	true	discovery+mm
gcp.channel		clear_before_delete	none	default
gcp.channel		create_await	longrunning	discovery
gcp.channel		create_url	projects/{{project}}/locations/{{location}}/channels?channelId={{name}}	mm
gcp.channel		create_verb	POST	discovery
gcp.channel		delete_await	longrunning	discovery
gcp.channel		delete_url	projects/{{project}}/locations/{{location}}/channels/{{name}}	mm
gcp.channel		lock_field	none	default
gcp.channel		patch_one_field	false	default
gcp.channel		setters	none	default
gcp.channel		timeout	1200	default
gcp.channel		update_await	longrunning	discovery
gcp.channel		update_mask	query	mm
gcp.channel		update_verb	PATCH	mm
gcp.channel	activationToken	output	true	discovery+mm
gcp.channel	createTime	output	true	discovery+mm
gcp.channel	cryptoKeyName	equivalence	self_link	mm
gcp.channel	name	equivalence	self_link	mm
gcp.channel	name	immutable	true	mm
gcp.channel	name	required	true	mm
gcp.channel	provider_value	immutable	true	mm
gcp.channel	pubsubTopic	output	true	discovery+mm
gcp.channel	satisfiesPzs	output	true	discovery
gcp.channel	state	output	true	discovery+mm
gcp.channel	uid	output	true	discovery+mm
gcp.channel	updateTime	output	true	discovery+mm
gcp.channelconnection		clear_before_delete	none	default
gcp.channelconnection		create_await	longrunning	discovery
gcp.channelconnection		create_url	projects/{{project}}/locations/{{location}}/channelConnections?channelConnectionId={{channelConnectionId}}	discovery
gcp.channelconnection		create_verb	POST	discovery
gcp.channelconnection		delete_await	longrunning	discovery
gcp.channelconnection		delete_url	{+name}	discovery
gcp.channelconnection		lock_field	none	default
gcp.channelconnection		patch_one_field	false	default
gcp.channelconnection		setters	none	default
gcp.channelconnection		timeout	1200	default
gcp.channelconnection		update_await	none	default
gcp.channelconnection		update_mask	none	default
gcp.channelconnection		update_verb	none	default
gcp.channelconnection	activationToken	input_only	true	discovery
gcp.channelconnection	activationToken	sensitive	true	ruling
gcp.channelconnection	channelConnectionId	immutable	true	discovery
gcp.channelconnection	channelConnectionId	required	true	discovery
gcp.channelconnection	createTime	output	true	discovery
gcp.channelconnection	name	output	true	discovery
gcp.channelconnection	uid	output	true	discovery
gcp.channelconnection	updateTime	output	true	discovery
gcp.clienttlspolicy		clear_before_delete	none	default
gcp.clienttlspolicy		create_await	longrunning	discovery
gcp.clienttlspolicy		create_url	projects/{{project}}/locations/{{location}}/clientTlsPolicies?clientTlsPolicyId={{name}}	mm
gcp.clienttlspolicy		create_verb	POST	discovery
gcp.clienttlspolicy		delete_await	longrunning	discovery
gcp.clienttlspolicy		delete_url	{+name}	discovery
gcp.clienttlspolicy		lock_field	none	default
gcp.clienttlspolicy		patch_one_field	false	default
gcp.clienttlspolicy		setters	none	default
gcp.clienttlspolicy		timeout	1200	default
gcp.clienttlspolicy		update_await	longrunning	discovery
gcp.clienttlspolicy		update_mask	query	mm
gcp.clienttlspolicy		update_verb	PATCH	mm
gcp.clienttlspolicy	clientCertificate.certificateProviderInstance.pluginInstance	required	true	mm
gcp.clienttlspolicy	clientCertificate.grpcEndpoint.targetUri	required	true	mm
gcp.clienttlspolicy	createTime	output	true	discovery+mm
gcp.clienttlspolicy	name	immutable	true	mm
gcp.clienttlspolicy	name	required	true	mm
gcp.clienttlspolicy	serverValidationCa[].certificateProviderInstance.pluginInstance	required	true	mm
gcp.clienttlspolicy	serverValidationCa[].grpcEndpoint.targetUri	required	true	mm
gcp.clienttlspolicy	updateTime	output	true	discovery+mm
gcp.cloudasset.savedquery		clear_before_delete	none	default
gcp.cloudasset.savedquery		create_await	none	discovery
gcp.cloudasset.savedquery		create_url	{+parent}/savedQueries?savedQueryId={{savedQueryId}}	discovery
gcp.cloudasset.savedquery		create_verb	POST	discovery
gcp.cloudasset.savedquery		delete_await	none	discovery
gcp.cloudasset.savedquery		delete_url	{+name}	discovery
gcp.cloudasset.savedquery		lock_field	none	default
gcp.cloudasset.savedquery		patch_one_field	false	default
gcp.cloudasset.savedquery		setters	none	default
gcp.cloudasset.savedquery		timeout	60	default
gcp.cloudasset.savedquery		update_await	none	discovery
gcp.cloudasset.savedquery		update_mask	query	discovery
gcp.cloudasset.savedquery		update_verb	PATCH	discovery
gcp.cloudasset.savedquery	createTime	output	true	discovery
gcp.cloudasset.savedquery	creator	output	true	discovery
gcp.cloudasset.savedquery	lastUpdateTime	output	true	discovery
gcp.cloudasset.savedquery	lastUpdater	output	true	discovery
gcp.cloudasset.savedquery	name	output	true	discovery
gcp.cloudasset.savedquery	savedQueryId	immutable	true	discovery
gcp.cloudasset.savedquery	savedQueryId	required	true	discovery
gcp.cloudresourcemanager.capabilityconfig		clear_before_delete	none	default
gcp.cloudresourcemanager.capabilityconfig		create_await	longrunning	discovery
gcp.cloudresourcemanager.capabilityconfig		create_url	{{parent}}/capabilityConfigs?capabilityConfigId={{capability_config_id}}	mm
gcp.cloudresourcemanager.capabilityconfig		create_verb	POST	discovery
gcp.cloudresourcemanager.capabilityconfig		delete_await	longrunning	discovery
gcp.cloudresourcemanager.capabilityconfig		delete_url	{{parent}}/capabilityConfigs/{{capability_config_id}}	mm
gcp.cloudresourcemanager.capabilityconfig		lock_field	none	default
gcp.cloudresourcemanager.capabilityconfig		patch_one_field	false	default
gcp.cloudresourcemanager.capabilityconfig		setters	none	default
gcp.cloudresourcemanager.capabilityconfig		timeout	1200	default
gcp.cloudresourcemanager.capabilityconfig		update_await	longrunning	discovery
gcp.cloudresourcemanager.capabilityconfig		update_mask	query	mm
gcp.cloudresourcemanager.capabilityconfig		update_verb	PATCH	mm
gcp.cloudresourcemanager.capabilityconfig	capability_config_id	immutable	true	mm
gcp.cloudresourcemanager.capabilityconfig	capability_config_id	required	true	mm
gcp.cloudresourcemanager.capabilityconfig	createTime	output	true	discovery+mm
gcp.cloudresourcemanager.capabilityconfig	etag	output	true	mm
gcp.cloudresourcemanager.capabilityconfig	managementProject	immutable	true	discovery+mm
gcp.cloudresourcemanager.capabilityconfig	name	output	true	mm
gcp.cloudresourcemanager.capabilityconfig	state	output	true	discovery+mm
gcp.cloudresourcemanager.capabilityconfig	types	required	true	mm
gcp.cloudresourcemanager.capabilityconfig	types	unordered	true	mm
gcp.cloudresourcemanager.capabilityconfig	updateTime	output	true	discovery+mm
gcp.cloudresourcemanager.folder.capabilityconfig		clear_before_delete	none	default
gcp.cloudresourcemanager.folder.capabilityconfig		create_await	longrunning	discovery
gcp.cloudresourcemanager.folder.capabilityconfig		create_url	{{parent}}/capabilityConfigs?capabilityConfigId={{capability_config_id}}	mm
gcp.cloudresourcemanager.folder.capabilityconfig		create_verb	POST	discovery
gcp.cloudresourcemanager.folder.capabilityconfig		delete_await	longrunning	discovery
gcp.cloudresourcemanager.folder.capabilityconfig		delete_url	{{parent}}/capabilityConfigs/{{capability_config_id}}	mm
gcp.cloudresourcemanager.folder.capabilityconfig		lock_field	none	default
gcp.cloudresourcemanager.folder.capabilityconfig		patch_one_field	false	default
gcp.cloudresourcemanager.folder.capabilityconfig		setters	none	default
gcp.cloudresourcemanager.folder.capabilityconfig		timeout	1200	default
gcp.cloudresourcemanager.folder.capabilityconfig		update_await	longrunning	discovery
gcp.cloudresourcemanager.folder.capabilityconfig		update_mask	query	mm
gcp.cloudresourcemanager.folder.capabilityconfig		update_verb	PATCH	mm
gcp.cloudresourcemanager.folder.capabilityconfig	capability_config_id	immutable	true	mm
gcp.cloudresourcemanager.folder.capabilityconfig	capability_config_id	required	true	mm
gcp.cloudresourcemanager.folder.capabilityconfig	createTime	output	true	discovery+mm
gcp.cloudresourcemanager.folder.capabilityconfig	etag	output	true	mm
gcp.cloudresourcemanager.folder.capabilityconfig	managementProject	immutable	true	discovery+mm
gcp.cloudresourcemanager.folder.capabilityconfig	name	output	true	mm
gcp.cloudresourcemanager.folder.capabilityconfig	state	output	true	discovery+mm
gcp.cloudresourcemanager.folder.capabilityconfig	types	required	true	mm
gcp.cloudresourcemanager.folder.capabilityconfig	types	unordered	true	mm
gcp.cloudresourcemanager.folder.capabilityconfig	updateTime	output	true	discovery+mm
gcp.cloudresourcemanager.folder.folder		clear_before_delete	none	default
gcp.cloudresourcemanager.folder.folder		create_await	longrunning	discovery
gcp.cloudresourcemanager.folder.folder		create_url	folders	discovery
gcp.cloudresourcemanager.folder.folder		create_verb	POST	discovery
gcp.cloudresourcemanager.folder.folder		delete_await	longrunning	discovery
gcp.cloudresourcemanager.folder.folder		delete_url	{+name}	discovery
gcp.cloudresourcemanager.folder.folder		lock_field	none	default
gcp.cloudresourcemanager.folder.folder		patch_one_field	false	default
gcp.cloudresourcemanager.folder.folder		setters	none	default
gcp.cloudresourcemanager.folder.folder		timeout	1200	default
gcp.cloudresourcemanager.folder.folder		update_await	longrunning	discovery
gcp.cloudresourcemanager.folder.folder		update_mask	query	discovery
gcp.cloudresourcemanager.folder.folder		update_verb	PATCH	discovery
gcp.cloudresourcemanager.folder.folder	configuredCapabilities	output	true	discovery
gcp.cloudresourcemanager.folder.folder	createTime	output	true	discovery
gcp.cloudresourcemanager.folder.folder	deleteTime	output	true	discovery
gcp.cloudresourcemanager.folder.folder	etag	output	true	discovery
gcp.cloudresourcemanager.folder.folder	managementProject	output	true	discovery
gcp.cloudresourcemanager.folder.folder	state	output	true	discovery
gcp.cloudresourcemanager.folder.folder	tags	immutable	true	discovery
gcp.cloudresourcemanager.folder.folder	tags	input_only	true	discovery
gcp.cloudresourcemanager.folder.folder	updateTime	output	true	discovery
gcp.cloudresourcemanager.organization.capabilityconfig		clear_before_delete	none	default
gcp.cloudresourcemanager.organization.capabilityconfig		create_await	longrunning	discovery
gcp.cloudresourcemanager.organization.capabilityconfig		create_url	{{parent}}/capabilityConfigs?capabilityConfigId={{capability_config_id}}	mm
gcp.cloudresourcemanager.organization.capabilityconfig		create_verb	POST	discovery
gcp.cloudresourcemanager.organization.capabilityconfig		delete_await	longrunning	discovery
gcp.cloudresourcemanager.organization.capabilityconfig		delete_url	{{parent}}/capabilityConfigs/{{capability_config_id}}	mm
gcp.cloudresourcemanager.organization.capabilityconfig		lock_field	none	default
gcp.cloudresourcemanager.organization.capabilityconfig		patch_one_field	false	default
gcp.cloudresourcemanager.organization.capabilityconfig		setters	none	default
gcp.cloudresourcemanager.organization.capabilityconfig		timeout	1200	default
gcp.cloudresourcemanager.organization.capabilityconfig		update_await	longrunning	discovery
gcp.cloudresourcemanager.organization.capabilityconfig		update_mask	query	mm
gcp.cloudresourcemanager.organization.capabilityconfig		update_verb	PATCH	mm
gcp.cloudresourcemanager.organization.capabilityconfig	capability_config_id	immutable	true	mm
gcp.cloudresourcemanager.organization.capabilityconfig	capability_config_id	required	true	mm
gcp.cloudresourcemanager.organization.capabilityconfig	createTime	output	true	discovery+mm
gcp.cloudresourcemanager.organization.capabilityconfig	etag	output	true	mm
gcp.cloudresourcemanager.organization.capabilityconfig	managementProject	immutable	true	discovery+mm
gcp.cloudresourcemanager.organization.capabilityconfig	name	output	true	mm
gcp.cloudresourcemanager.organization.capabilityconfig	state	output	true	discovery+mm
gcp.cloudresourcemanager.organization.capabilityconfig	types	required	true	mm
gcp.cloudresourcemanager.organization.capabilityconfig	types	unordered	true	mm
gcp.cloudresourcemanager.organization.capabilityconfig	updateTime	output	true	discovery+mm
gcp.cloudtasks.queue		clear_before_delete	none	default
gcp.cloudtasks.queue		create_await	none	discovery
gcp.cloudtasks.queue		create_url	projects/{{project}}/locations/{{location}}/queues	mm
gcp.cloudtasks.queue		create_verb	POST	discovery
gcp.cloudtasks.queue		delete_await	none	discovery
gcp.cloudtasks.queue		delete_url	{+name}	discovery
gcp.cloudtasks.queue		lock_field	none	default
gcp.cloudtasks.queue		patch_one_field	false	default
gcp.cloudtasks.queue		setters	none	default
gcp.cloudtasks.queue		timeout	60	default
gcp.cloudtasks.queue		update_await	none	discovery
gcp.cloudtasks.queue		update_mask	query	mm
gcp.cloudtasks.queue		update_verb	PATCH	mm
gcp.cloudtasks.queue	appEngineRoutingOverride.host	output	true	discovery+mm
gcp.cloudtasks.queue	httpTarget.headerOverrides[].header	required	true	mm
gcp.cloudtasks.queue	httpTarget.headerOverrides[].header.key	required	true	mm
gcp.cloudtasks.queue	httpTarget.headerOverrides[].header.value	required	true	mm
gcp.cloudtasks.queue	httpTarget.oauthToken.serviceAccountEmail	required	true	mm
gcp.cloudtasks.queue	httpTarget.oidcToken.serviceAccountEmail	required	true	mm
gcp.cloudtasks.queue	name	immutable	true	mm
gcp.cloudtasks.queue	name	required	true	mm
gcp.cloudtasks.queue	purgeTime	output	true	discovery
gcp.cloudtasks.queue	rateLimits.maxBurstSize	output	true	discovery+mm
gcp.cloudtasks.queue	retryConfig.maxBackoff	equivalence	duration	mm
gcp.cloudtasks.queue	retryConfig.minBackoff	equivalence	duration	mm
gcp.cloudtasks.queue	stackdriverLoggingConfig.samplingRatio	required	true	mm
gcp.cloudtasks.queue	state	output	true	discovery+mm
gcp.compute.instance		clear_before_delete	none	default
gcp.compute.instance		create_await	compute_operation	discovery
gcp.compute.instance		create_url	projects/{{project}}/zones/{{zone}}/instances	mm
gcp.compute.instance		create_verb	POST	discovery
gcp.compute.instance		delete_await	compute_operation	discovery
gcp.compute.instance		delete_url	projects/{project}/zones/{zone}/instances/{instance}	discovery
gcp.compute.instance		lock_field	fingerprint	discovery
gcp.compute.instance		patch_one_field	false	default
gcp.compute.instance		setters	labels=setLabels,machineType=setMachineType	mm+discovery
gcp.compute.instance		timeout	600	default
gcp.compute.instance		update_await	none	default
gcp.compute.instance		update_mask	none	default
gcp.compute.instance		update_verb	none	default
gcp.compute.instance	advancedMachineFeatures	immutable	true	discovery
gcp.compute.instance	canIpForward	immutable	true	discovery
gcp.compute.instance	confidentialInstanceConfig	immutable	true	discovery
gcp.compute.instance	cpuPlatform	output	true	discovery+mm
gcp.compute.instance	creationTimestamp	output	true	discovery+mm
gcp.compute.instance	deletionProtection	immutable	true	discovery
gcp.compute.instance	description	immutable	true	discovery
gcp.compute.instance	disks	immutable	true	mm+discovery
gcp.compute.instance	disks[].architecture	output	true	discovery
gcp.compute.instance	disks[].diskEncryptionKey	immutable	true	mm
gcp.compute.instance	disks[].diskEncryptionKey.kmsKeyName	equivalence	kms_key	discovery
gcp.compute.instance	disks[].diskEncryptionKey.rawKey	sensitive	true	mm
gcp.compute.instance	disks[].diskEncryptionKey.rsaEncryptedKey	sensitive	true	mm
gcp.compute.instance	disks[].diskEncryptionKey.sha256	output	true	discovery+mm
gcp.compute.instance	disks[].forceAttach	input_only	true	discovery
gcp.compute.instance	disks[].index	output	true	discovery
gcp.compute.instance	disks[].initializeParams	immutable	true	mm
gcp.compute.instance	disks[].initializeParams	input_only	true	discovery
gcp.compute.instance	disks[].initializeParams.diskType	equivalence	self_link	mm
gcp.compute.instance	disks[].initializeParams.replicaZones	equivalence	self_link	mm
gcp.compute.instance	disks[].initializeParams.replicaZones[]	equivalence	self_link	mm
gcp.compute.instance	disks[].initializeParams.resourceManagerTags	input_only	true	discovery
gcp.compute.instance	disks[].initializeParams.sourceImageEncryptionKey	immutable	true	mm
gcp.compute.instance	disks[].initializeParams.sourceImageEncryptionKey.kmsKeyName	equivalence	kms_key	discovery
gcp.compute.instance	disks[].initializeParams.sourceImageEncryptionKey.rawKey	sensitive	true	mm
gcp.compute.instance	disks[].initializeParams.sourceImageEncryptionKey.sha256	output	true	discovery+mm
gcp.compute.instance	disks[].initializeParams.sourceSnapshotEncryptionKey.kmsKeyName	equivalence	kms_key	discovery
gcp.compute.instance	disks[].initializeParams.sourceSnapshotEncryptionKey.sha256	output	true	discovery
gcp.compute.instance	disks[].initializeParams.storagePool	immutable	true	mm
gcp.compute.instance	disks[].kind	output	true	discovery
gcp.compute.instance	disks[].licenses	output	true	discovery+mm
gcp.compute.instance	disks[].savedState	output	true	discovery
gcp.compute.instance	disks[].shieldedInstanceInitialState	output	true	discovery
gcp.compute.instance	disks[].source	equivalence	self_link	mm
gcp.compute.instance	displayDevice	immutable	true	discovery
gcp.compute.instance	fingerprint	immutable	true	discovery
gcp.compute.instance	guestAccelerators	immutable	true	discovery
gcp.compute.instance	hostname	immutable	true	discovery
gcp.compute.instance	id	output	true	discovery+mm
gcp.compute.instance	instanceEncryptionKey	immutable	true	discovery
gcp.compute.instance	instanceEncryptionKey.kmsKeyName	equivalence	kms_key	discovery
gcp.compute.instance	instanceEncryptionKey.sha256	output	true	discovery
gcp.compute.instance	keyRevocationActionType	immutable	true	discovery
gcp.compute.instance	kind	output	true	discovery
gcp.compute.instance	labelFingerprint	output	true	mm
gcp.compute.instance	lastStartTimestamp	output	true	discovery
gcp.compute.instance	lastStopTimestamp	output	true	discovery
gcp.compute.instance	lastSuspendedTimestamp	output	true	discovery
gcp.compute.instance	localSsdEncryptionMode	immutable	true	discovery
gcp.compute.instance	machineType	equivalence	self_link	mm
gcp.compute.instance	metadata	immutable	true	discovery
gcp.compute.instance	metadata.kind	output	true	discovery
gcp.compute.instance	minCpuPlatform	immutable	true	discovery
gcp.compute.instance	name	immutable	true	discovery
gcp.compute.instance	networkInterfaces	immutable	true	discovery
gcp.compute.instance	networkInterfaces[].accessConfigs[].kind	output	true	discovery
gcp.compute.instance	networkInterfaces[].accessConfigs[].name	required	false	mm
gcp.compute.instance	networkInterfaces[].accessConfigs[].natIP	equivalence	self_link	mm
gcp.compute.instance	networkInterfaces[].accessConfigs[].type	required	false	mm
gcp.compute.instance	networkInterfaces[].ipv6AccessConfigs[].kind	output	true	discovery
gcp.compute.instance	networkInterfaces[].ipv6AccessType	output	true	discovery
gcp.compute.instance	networkInterfaces[].kind	output	true	discovery
gcp.compute.instance	networkInterfaces[].name	output	true	discovery+mm
gcp.compute.instance	networkInterfaces[].network	equivalence	self_link	mm
gcp.compute.instance	networkInterfaces[].networkAttachment	equivalence	self_link	mm
gcp.compute.instance	networkInterfaces[].parentNicName	output	true	mm
gcp.compute.instance	networkInterfaces[].subnetwork	equivalence	self_link	mm
gcp.compute.instance	networkPerformanceConfig	immutable	true	discovery
gcp.compute.instance	params	immutable	true	discovery
gcp.compute.instance	params	input_only	true	discovery
gcp.compute.instance	params.resourceManagerTags	input_only	true	discovery
gcp.compute.instance	privateIpv6GoogleAccess	immutable	true	discovery
gcp.compute.instance	reservationAffinity	immutable	true	discovery
gcp.compute.instance	resourcePolicies	immutable	true	discovery
gcp.compute.instance	resourceStatus	output	true	discovery
gcp.compute.instance	resourceStatus.effectiveInstanceMetadata	output	true	discovery
gcp.compute.instance	resourceStatus.physicalHost	output	true	discovery
gcp.compute.instance	resourceStatus.physicalHostTopology	output	true	discovery
gcp.compute.instance	resourceStatus.physicalHostTopology.additionalAttributes	output	true	discovery
gcp.compute.instance	resourceStatus.physicalHostTopology.additionalAttributes.acceleratorTopologyIds	output	true	discovery
gcp.compute.instance	resourceStatus.physicalHostTopology.block	output	true	discovery
gcp.compute.instance	resourceStatus.physicalHostTopology.cluster	output	true	discovery
gcp.compute.instance	resourceStatus.physicalHostTopology.host	output	true	discovery
gcp.compute.instance	resourceStatus.physicalHostTopology.subblock	output	true	discovery
gcp.compute.instance	resourceStatus.reservationConsumptionInfo	output	true	discovery
gcp.compute.instance	resourceStatus.reservationConsumptionInfo.consumedReservation	output	true	discovery
gcp.compute.instance	resourceStatus.reservationConsumptionInfo.consumedReservationBlock	output	true	discovery
gcp.compute.instance	resourceStatus.reservationConsumptionInfo.consumedReservationSubBlock	output	true	discovery
gcp.compute.instance	resourceStatus.scheduling.gracefulShutdownTimestamp	output	true	discovery
gcp.compute.instance	resourceStatus.shutdownDetails	output	true	discovery
gcp.compute.instance	resourceStatus.upcomingMaintenance	output	true	discovery
gcp.compute.instance	satisfiesPzi	output	true	discovery
gcp.compute.instance	satisfiesPzs	output	true	discovery
gcp.compute.instance	scheduling	immutable	true	discovery
gcp.compute.instance	selfLink	output	true	discovery
gcp.compute.instance	serviceAccounts	immutable	true	discovery
gcp.compute.instance	shieldedInstanceConfig	immutable	true	discovery
gcp.compute.instance	shieldedInstanceIntegrityPolicy	immutable	true	discovery
gcp.compute.instance	sourceMachineImage	immutable	true	discovery
gcp.compute.instance	sourceMachineImageEncryptionKey	immutable	true	discovery
gcp.compute.instance	sourceMachineImageEncryptionKey.kmsKeyName	equivalence	kms_key	discovery
gcp.compute.instance	sourceMachineImageEncryptionKey.sha256	output	true	discovery
gcp.compute.instance	startRestricted	output	true	discovery
gcp.compute.instance	status	output	true	discovery
gcp.compute.instance	statusMessage	output	true	discovery+mm
gcp.compute.instance	tags	immutable	true	discovery
gcp.compute.instance	workloadIdentityConfig	immutable	true	discovery
gcp.compute.instance	zone	equivalence	self_link	mm
gcp.compute.instance	zone	output	true	discovery
gcp.compute.instance	zone	required	false	!mm+discovery
gcp.config		clear_before_delete	none	default
gcp.config		create_await	longrunning	discovery
gcp.config		create_url	{+parent}/configs	discovery
gcp.config		create_verb	POST	discovery
gcp.config		delete_await	longrunning	discovery
gcp.config		delete_url	{+name}	discovery
gcp.config		lock_field	none	default
gcp.config		patch_one_field	false	default
gcp.config		setters	none	default
gcp.config		timeout	1200	default
gcp.config		update_await	longrunning	discovery
gcp.config		update_mask	query	discovery
gcp.config		update_verb	PATCH	discovery
gcp.config	createTime	output	true	discovery
gcp.config	gatewayServiceAccount	immutable	true	discovery
gcp.config	grpcServices[].fileDescriptorSet	input_only	true	discovery
gcp.config	name	output	true	discovery
gcp.config	serviceConfigId	output	true	discovery
gcp.config	state	output	true	discovery
gcp.config	updateTime	output	true	discovery
gcp.connection		clear_before_delete	none	default
gcp.connection		create_await	longrunning	discovery
gcp.connection		create_url	projects/{{project}}/locations/{{location}}/connections?connectionId={{name}}	mm
gcp.connection		create_verb	POST	discovery
gcp.connection		delete_await	longrunning	discovery
gcp.connection		delete_url	projects/{{project}}/locations/{{location}}/connections/{{name}}	mm
gcp.connection		lock_field	none	default
gcp.connection		patch_one_field	false	default
gcp.connection		setters	none	default
gcp.connection		timeout	1200	default
gcp.connection		update_await	longrunning	discovery
gcp.connection		update_mask	none	default
gcp.connection		update_verb	PATCH	mm
gcp.connection	bitbucketCloudConfig.authorizerCredential	required	true	mm
gcp.connection	bitbucketCloudConfig.authorizerCredential.userTokenSecretVersion	equivalence	self_link	mm
gcp.connection	bitbucketCloudConfig.authorizerCredential.userTokenSecretVersion	required	true	mm
gcp.connection	bitbucketCloudConfig.authorizerCredential.username	output	true	discovery+mm
gcp.connection	bitbucketCloudConfig.readAuthorizerCredential	required	true	mm
gcp.connection	bitbucketCloudConfig.readAuthorizerCredential.userTokenSecretVersion	equivalence	self_link	mm
gcp.connection	bitbucketCloudConfig.readAuthorizerCredential.userTokenSecretVersion	required	true	mm
gcp.connection	bitbucketCloudConfig.readAuthorizerCredential.username	output	true	discovery+mm
gcp.connection	bitbucketCloudConfig.webhookSecretSecretVersion	equivalence	self_link	mm
gcp.connection	bitbucketCloudConfig.webhookSecretSecretVersion	immutable	true	mm
gcp.connection	bitbucketCloudConfig.webhookSecretSecretVersion	required	true	mm
gcp.connection	bitbucketCloudConfig.workspace	required	true	mm
gcp.connection	bitbucketDataCenterConfig.authorizerCredential	required	true	mm
gcp.connection	bitbucketDataCenterConfig.authorizerCredential.userTokenSecretVersion	equivalence	self_link	mm
gcp.connection	bitbucketDataCenterConfig.authorizerCredential.userTokenSecretVersion	required	true	mm
gcp.connection	bitbucketDataCenterConfig.authorizerCredential.username	output	true	discovery+mm
gcp.connection	bitbucketDataCenterConfig.hostUri	required	true	mm
gcp.connection	bitbucketDataCenterConfig.readAuthorizerCredential	required	true	mm
gcp.connection	bitbucketDataCenterConfig.readAuthorizerCredential.userTokenSecretVersion	equivalence	self_link	mm
gcp.connection	bitbucketDataCenterConfig.readAuthorizerCredential.userTokenSecretVersion	required	true	mm
gcp.connection	bitbucketDataCenterConfig.readAuthorizerCredential.username	output	true	discovery+mm
gcp.connection	bitbucketDataCenterConfig.serverVersion	output	true	discovery+mm
gcp.connection	bitbucketDataCenterConfig.serviceDirectoryConfig.service	equivalence	self_link	mm
gcp.connection	bitbucketDataCenterConfig.serviceDirectoryConfig.service	required	true	mm
gcp.connection	bitbucketDataCenterConfig.webhookSecretSecretVersion	equivalence	self_link	mm
gcp.connection	bitbucketDataCenterConfig.webhookSecretSecretVersion	immutable	true	discovery+mm
gcp.connection	bitbucketDataCenterConfig.webhookSecretSecretVersion	required	true	mm
gcp.connection	createTime	output	true	discovery+mm
gcp.connection	githubConfig.authorizerCredential.oauthTokenSecretVersion	equivalence	self_link	mm
gcp.connection	githubConfig.authorizerCredential.username	output	true	discovery+mm
gcp.connection	githubEnterpriseConfig.apiKey	sensitive	true	ruling
gcp.connection	githubEnterpriseConfig.hostUri	required	true	mm
gcp.connection	githubEnterpriseConfig.privateKeySecretVersion	equivalence	self_link	mm
gcp.connection	githubEnterpriseConfig.serverVersion	output	true	discovery
gcp.connection	githubEnterpriseConfig.serviceDirectoryConfig.service	equivalence	self_link	mm
gcp.connection	githubEnterpriseConfig.serviceDirectoryConfig.service	required	true	mm
gcp.connection	githubEnterpriseConfig.webhookSecretSecretVersion	equivalence	self_link	mm
gcp.connection	gitlabConfig.authorizerCredential	required	true	mm
gcp.connection	gitlabConfig.authorizerCredential.userTokenSecretVersion	equivalence	self_link	mm
gcp.connection	gitlabConfig.authorizerCredential.userTokenSecretVersion	required	true	mm
gcp.connection	gitlabConfig.authorizerCredential.username	output	true	discovery+mm
gcp.connection	gitlabConfig.readAuthorizerCredential	required	true	mm
gcp.connection	gitlabConfig.readAuthorizerCredential.userTokenSecretVersion	equivalence	self_link	mm
gcp.connection	gitlabConfig.readAuthorizerCredential.userTokenSecretVersion	required	true	mm
gcp.connection	gitlabConfig.readAuthorizerCredential.username	output	true	discovery+mm
gcp.connection	gitlabConfig.serverVersion	output	true	discovery+mm
gcp.connection	gitlabConfig.serviceDirectoryConfig.service	equivalence	self_link	mm
gcp.connection	gitlabConfig.serviceDirectoryConfig.service	required	true	mm
gcp.connection	gitlabConfig.webhookSecretSecretVersion	equivalence	self_link	mm
gcp.connection	gitlabConfig.webhookSecretSecretVersion	immutable	true	discovery+mm
gcp.connection	gitlabConfig.webhookSecretSecretVersion	required	true	mm
gcp.connection	installationState	output	true	discovery+mm
gcp.connection	installationState.actionUri	output	true	discovery+mm
gcp.connection	installationState.message	output	true	discovery+mm
gcp.connection	installationState.stage	output	true	discovery+mm
gcp.connection	name	immutable	true	discovery+mm
gcp.connection	name	required	true	mm
gcp.connection	reconciling	output	true	discovery+mm
gcp.connection	updateTime	output	true	discovery+mm
gcp.container.cluster		clear_before_delete	none	default
gcp.container.cluster		create_await	compute_operation	discovery
gcp.container.cluster		create_url	projects/{{project}}/locations/{{location}}/clusters	discovery
gcp.container.cluster		create_verb	POST	discovery
gcp.container.cluster		delete_await	compute_operation	discovery
gcp.container.cluster		delete_url	{+name}	discovery
gcp.container.cluster		lock_field	none	default
gcp.container.cluster		patch_one_field	false	default
gcp.container.cluster		setters	none	default
gcp.container.cluster		timeout	600	default
gcp.container.cluster		update_await	none	default
gcp.container.cluster		update_mask	none	default
gcp.container.cluster		update_verb	none	default
gcp.container.cluster	autoscaling.autoprovisioningNodePoolDefaults.management.upgradeOptions.autoUpgradeStartTime	output	true	discovery
gcp.container.cluster	autoscaling.autoprovisioningNodePoolDefaults.management.upgradeOptions.description	output	true	discovery
gcp.container.cluster	controlPlaneEndpointsConfig.dnsEndpointConfig.endpoint	output	true	discovery
gcp.container.cluster	controlPlaneEndpointsConfig.ipEndpointsConfig.privateEndpoint	output	true	discovery
gcp.container.cluster	controlPlaneEndpointsConfig.ipEndpointsConfig.publicEndpoint	output	true	discovery
gcp.container.cluster	createTime	output	true	discovery
gcp.container.cluster	currentEmulatedVersion	output	true	discovery
gcp.container.cluster	currentMasterVersion	output	true	discovery
gcp.container.cluster	currentNodeCount	output	true	discovery
gcp.container.cluster	currentNodeVersion	output	true	discovery
gcp.container.cluster	databaseEncryption.currentState	output	true	discovery
gcp.container.cluster	databaseEncryption.decryptionKeys	output	true	discovery
gcp.container.cluster	databaseEncryption.lastOperationErrors	output	true	discovery
gcp.container.cluster	endpoint	output	true	discovery
gcp.container.cluster	enterpriseConfig.clusterTier	output	true	discovery
gcp.container.cluster	expireTime	output	true	discovery
gcp.container.cluster	fleet.membership	output	true	discovery
gcp.container.cluster	fleet.preRegistered	output	true	discovery
gcp.container.cluster	id	output	true	discovery
gcp.container.cluster	instanceGroupUrls	output	true	discovery
gcp.container.cluster	ipAllocationPolicy.additionalIpRangesConfigs	output	true	discovery
gcp.container.cluster	ipAllocationPolicy.additionalPodRangesConfig	output	true	discovery
gcp.container.cluster	ipAllocationPolicy.additionalPodRangesConfig.podRangeInfo	output	true	discovery
gcp.container.cluster	ipAllocationPolicy.additionalPodRangesConfig.podRangeInfo[].rangeName	output	true	discovery
gcp.container.cluster	ipAllocationPolicy.additionalPodRangesConfig.podRangeInfo[].utilization	output	true	discovery
gcp.container.cluster	ipAllocationPolicy.clusterIpv4CidrBlock	input_only	true	mm
gcp.container.cluster	ipAllocationPolicy.defaultPodIpv4RangeUtilization	output	true	discovery
gcp.container.cluster	ipAllocationPolicy.servicesIpv4CidrBlock	input_only	true	mm
gcp.container.cluster	ipAllocationPolicy.servicesIpv6CidrBlock	output	true	discovery
gcp.container.cluster	ipAllocationPolicy.subnetIpv6CidrBlock	output	true	discovery
gcp.container.cluster	location	output	true	discovery
gcp.container.cluster	maintenancePolicy.disruptionBudget.lastDisruptionTime	output	true	discovery
gcp.container.cluster	maintenancePolicy.disruptionBudget.lastMinorVersionDisruptionTime	output	true	discovery
gcp.container.cluster	maintenancePolicy.window.dailyMaintenanceWindow.duration	output	true	discovery
gcp.container.cluster	masterAuth.clientCertificate	output	true	discovery
gcp.container.cluster	masterAuth.clientKey	output	true	discovery
gcp.container.cluster	masterAuth.clusterCaCertificate	output	true	discovery
gcp.container.cluster	masterAuth.password	sensitive	true	ruling
gcp.container.cluster	networkConfig.network	output	true	discovery
gcp.container.cluster	networkConfig.subnetwork	output	true	discovery
gcp.container.cluster	networkPolicy.enabled	required	false	mm
gcp.container.cluster	nodeConfig.accelerators	input_only	true	mm
gcp.container.cluster	nodeConfig.accelerators[].gpuDriverInstallationConfig	input_only	true	mm
gcp.container.cluster	nodeConfig.accelerators[].gpuPartitionSize	input_only	true	mm
gcp.container.cluster	nodeConfig.effectiveCgroupMode	output	true	discovery
gcp.container.cluster	nodeConfig.kubeletConfig.reservedResourcesConfig.effectiveCpuReservedMillicore	output	true	discovery
gcp.container.cluster	nodeConfig.kubeletConfig.reservedResourcesConfig.effectiveMemoryReservedMib	output	true	discovery
gcp.container.cluster	nodeConfig.taints	input_only	true	mm
gcp.container.cluster	nodeConfig.taints[].effect	input_only	true	mm
gcp.container.cluster	nodeConfig.taints[].key	input_only	true	mm
gcp.container.cluster	nodeConfig.taints[].value	input_only	true	mm
gcp.container.cluster	nodeIpv4CidrSize	output	true	discovery
gcp.container.cluster	nodePoolAutoConfig.linuxNodeConfig	output	true	discovery
gcp.container.cluster	nodePoolAutoConfig.nodeKubeletConfig.reservedResourcesConfig.effectiveCpuReservedMillicore	output	true	discovery
gcp.container.cluster	nodePoolAutoConfig.nodeKubeletConfig.reservedResourcesConfig.effectiveMemoryReservedMib	output	true	discovery
gcp.container.cluster	nodePoolDefaults.nodeConfigDefaults.nodeKubeletConfig.reservedResourcesConfig.effectiveCpuReservedMillicore	output	true	discovery
gcp.container.cluster	nodePoolDefaults.nodeConfigDefaults.nodeKubeletConfig.reservedResourcesConfig.effectiveMemoryReservedMib	output	true	discovery
gcp.container.cluster	nodePools[].conditions	output	true	discovery
gcp.container.cluster	nodePools[].config.effectiveCgroupMode	output	true	discovery
gcp.container.cluster	nodePools[].config.kubeletConfig.reservedResourcesConfig.effectiveCpuReservedMillicore	output	true	discovery
gcp.container.cluster	nodePools[].config.kubeletConfig.reservedResourcesConfig.effectiveMemoryReservedMib	output	true	discovery
gcp.container.cluster	nodePools[].etag	output	true	discovery
gcp.container.cluster	nodePools[].instanceGroupUrls	output	true	discovery
gcp.container.cluster	nodePools[].kubeletCertInfo	output	true	discovery
gcp.container.cluster	nodePools[].kubeletCertInfo.nonTpmBootstrapCertExpireTime	output	true	discovery
gcp.container.cluster	nodePools[].kubeletCertInfo.tpmBootstrapCertExpireTime	output	true	discovery
gcp.container.cluster	nodePools[].maintenancePolicy.exclusionUntilEndOfSupport.endTime	output	true	discovery
gcp.container.cluster	nodePools[].maintenancePolicy.exclusionUntilEndOfSupport.startTime	output	true	discovery
gcp.container.cluster	nodePools[].management.upgradeOptions.autoUpgradeStartTime	output	true	discovery
gcp.container.cluster	nodePools[].management.upgradeOptions.description	output	true	discovery
gcp.container.cluster	nodePools[].networkConfig.acceleratorNetworkProfile	immutable	true	discovery
gcp.container.cluster	nodePools[].networkConfig.createPodRange	input_only	true	discovery
gcp.container.cluster	nodePools[].networkConfig.network	immutable	true	discovery
gcp.container.cluster	nodePools[].networkConfig.networkTierConfig	output	true	discovery
gcp.container.cluster	nodePools[].networkConfig.podIpv4RangeUtilization	output	true	discovery
gcp.container.cluster	nodePools[].podIpv4CidrSize	output	true	discovery
gcp.container.cluster	nodePools[].selfLink	output	true	discovery
gcp.container.cluster	nodePools[].status	output	true	discovery
gcp.container.cluster	nodePools[].statusMessage	output	true	discovery
gcp.container.cluster	nodePools[].updateInfo	output	true	discovery
gcp.container.cluster	parent	immutable	true	discovery
gcp.container.cluster	privateClusterConfig.peeringName	output	true	discovery
gcp.container.cluster	privateClusterConfig.privateEndpoint	output	true	discovery
gcp.container.cluster	privateClusterConfig.publicEndpoint	output	true	discovery
gcp.container.cluster	projectId	immutable	true	discovery
gcp.container.cluster	satisfiesPzi	output	true	discovery
gcp.container.cluster	satisfiesPzs	output	true	discovery
gcp.container.cluster	selfLink	output	true	discovery
gcp.container.cluster	servicesIpv4Cidr	output	true	discovery
gcp.container.cluster	status	output	true	discovery
gcp.container.cluster	statusMessage	output	true	discovery
gcp.container.cluster	tpuIpv4CidrBlock	output	true	discovery
gcp.container.cluster	userManagedKeysConfig.controlPlaneDiskEncryptionKeyVersions	output	true	discovery
gcp.container.cluster	zone	output	true	discovery
gcp.container.nodepool		clear_before_delete	none	default
gcp.container.nodepool		create_await	compute_operation	discovery
gcp.container.nodepool		create_url	{+parent}/nodePools	discovery
gcp.container.nodepool		create_verb	POST	discovery
gcp.container.nodepool		delete_await	compute_operation	discovery
gcp.container.nodepool		delete_url	{+name}	discovery
gcp.container.nodepool		lock_field	none	default
gcp.container.nodepool		patch_one_field	false	default
gcp.container.nodepool		setters	none	default
gcp.container.nodepool		timeout	600	default
gcp.container.nodepool		update_await	none	default
gcp.container.nodepool		update_mask	none	default
gcp.container.nodepool		update_verb	none	default
gcp.container.nodepool	clusterId	immutable	true	discovery
gcp.container.nodepool	conditions	output	true	discovery
gcp.container.nodepool	config.effectiveCgroupMode	output	true	discovery
gcp.container.nodepool	config.kubeletConfig.reservedResourcesConfig.effectiveCpuReservedMillicore	output	true	discovery
gcp.container.nodepool	config.kubeletConfig.reservedResourcesConfig.effectiveMemoryReservedMib	output	true	discovery
gcp.container.nodepool	etag	output	true	discovery
gcp.container.nodepool	instanceGroupUrls	output	true	discovery
gcp.container.nodepool	kubeletCertInfo	output	true	discovery
gcp.container.nodepool	kubeletCertInfo.nonTpmBootstrapCertExpireTime	output	true	discovery
gcp.container.nodepool	kubeletCertInfo.tpmBootstrapCertExpireTime	output	true	discovery
gcp.container.nodepool	maintenancePolicy.exclusionUntilEndOfSupport.endTime	output	true	discovery
gcp.container.nodepool	maintenancePolicy.exclusionUntilEndOfSupport.startTime	output	true	discovery
gcp.container.nodepool	management.upgradeOptions.autoUpgradeStartTime	output	true	discovery
gcp.container.nodepool	management.upgradeOptions.description	output	true	discovery
gcp.container.nodepool	networkConfig.acceleratorNetworkProfile	immutable	true	discovery
gcp.container.nodepool	networkConfig.createPodRange	input_only	true	discovery+mm
gcp.container.nodepool	networkConfig.network	immutable	true	discovery
gcp.container.nodepool	networkConfig.networkTierConfig	output	true	discovery
gcp.container.nodepool	networkConfig.podIpv4RangeUtilization	output	true	discovery
gcp.container.nodepool	parent	immutable	true	discovery
gcp.container.nodepool	podIpv4CidrSize	output	true	discovery
gcp.container.nodepool	projectId	immutable	true	discovery
gcp.container.nodepool	selfLink	output	true	discovery
gcp.container.nodepool	status	output	true	discovery
gcp.container.nodepool	statusMessage	output	true	discovery
gcp.container.nodepool	updateInfo	output	true	discovery
gcp.container.nodepool	version	input_only	true	mm
gcp.container.nodepool	zone	immutable	true	discovery
gcp.credential		clear_before_delete	none	default
gcp.credential		create_await	none	discovery
gcp.credential		create_url	{+parent}/credentials	discovery
gcp.credential		create_verb	POST	discovery
gcp.credential		delete_await	none	discovery
gcp.credential		delete_url	{+name}	discovery
gcp.credential		lock_field	none	default
gcp.credential		patch_one_field	false	default
gcp.credential		setters	none	default
gcp.credential		timeout	60	default
gcp.credential		update_await	none	discovery
gcp.credential		update_mask	query	discovery
gcp.credential		update_verb	PATCH	discovery
gcp.credential	clientSecret	output	true	discovery
gcp.credential	name	immutable	true	discovery
gcp.crosssitenetwork		clear_before_delete	none	default
gcp.crosssitenetwork		create_await	compute_operation	discovery
gcp.crosssitenetwork		create_url	projects/{{project}}/global/crossSiteNetworks	mm
gcp.crosssitenetwork		create_verb	POST	discovery
gcp.crosssitenetwork		delete_await	compute_operation	discovery
gcp.crosssitenetwork		delete_url	projects/{{project}}/global/crossSiteNetworks/{{name}}	mm
gcp.crosssitenetwork		lock_field	none	default
gcp.crosssitenetwork		patch_one_field	false	default
gcp.crosssitenetwork		setters	none	default
gcp.crosssitenetwork		timeout	600	default
gcp.crosssitenetwork		update_await	compute_operation	discovery
gcp.crosssitenetwork		update_mask	none	default
gcp.crosssitenetwork		update_verb	PATCH	mm
gcp.crosssitenetwork	creationTimestamp	output	true	discovery
gcp.crosssitenetwork	id	output	true	discovery
gcp.crosssitenetwork	kind	output	true	discovery
gcp.crosssitenetwork	name	immutable	true	mm
gcp.crosssitenetwork	name	required	true	mm
gcp.crosssitenetwork	selfLink	output	true	discovery
gcp.customtargettype		clear_before_delete	none	default
gcp.customtargettype		create_await	longrunning	discovery
gcp.customtargettype		create_url	projects/{{project}}/locations/{{location}}/customTargetTypes?customTargetTypeId={{name}}	mm
gcp.customtargettype		create_verb	POST	discovery
gcp.customtargettype		delete_await	longrunning	discovery
gcp.customtargettype		delete_url	projects/{{project}}/locations/{{location}}/customTargetTypes/{{name}}	mm
gcp.customtargettype		lock_field	none	default
gcp.customtargettype		patch_one_field	false	default
gcp.customtargettype		setters	none	default
gcp.customtargettype		timeout	1200	default
gcp.customtargettype		update_await	longrunning	discovery
gcp.customtargettype		update_mask	query	mm
gcp.customtargettype		update_verb	PATCH	mm
gcp.customtargettype	createTime	output	true	discovery+mm
gcp.customtargettype	customActions.deployAction	required	true	mm
gcp.customtargettype	customActions.includeSkaffoldModules[].git.repo	required	true	mm
gcp.customtargettype	customActions.includeSkaffoldModules[].googleCloudBuildRepo.repository	required	true	mm
gcp.customtargettype	customActions.includeSkaffoldModules[].googleCloudStorage.source	required	true	mm
gcp.customtargettype	customTargetTypeId	output	true	discovery+mm
gcp.customtargettype	etag	output	true	mm
gcp.customtargettype	name	immutable	true	mm
gcp.customtargettype	name	required	true	mm
gcp.customtargettype	tasks.deploy	required	true	mm
gcp.customtargettype	tasks.deploy.container.image	required	true	mm
gcp.customtargettype	tasks.render.container.image	required	true	mm
gcp.customtargettype	uid	output	true	discovery+mm
gcp.customtargettype	updateTime	output	true	discovery+mm
gcp.dataproc.autoscalingpolicy		clear_before_delete	none	default
gcp.dataproc.autoscalingpolicy		create_await	none	discovery
gcp.dataproc.autoscalingpolicy		create_url	projects/{{project}}/locations/{{location}}/autoscalingPolicies	mm
gcp.dataproc.autoscalingpolicy		create_verb	POST	discovery
gcp.dataproc.autoscalingpolicy		delete_await	none	discovery
gcp.dataproc.autoscalingpolicy		delete_url	projects/{{project}}/locations/{{location}}/autoscalingPolicies/{{policy_id}}	mm
gcp.dataproc.autoscalingpolicy		lock_field	none	default
gcp.dataproc.autoscalingpolicy		patch_one_field	false	default
gcp.dataproc.autoscalingpolicy		setters	none	default
gcp.dataproc.autoscalingpolicy		timeout	60	default
gcp.dataproc.autoscalingpolicy		update_await	none	default
gcp.dataproc.autoscalingpolicy		update_mask	none	default
gcp.dataproc.autoscalingpolicy		update_verb	none	default
gcp.dataproc.autoscalingpolicy	basicAlgorithm.yarnConfig	required	true	mm
gcp.dataproc.autoscalingpolicy	basicAlgorithm.yarnConfig.gracefulDecommissionTimeout	required	true	mm
gcp.dataproc.autoscalingpolicy	basicAlgorithm.yarnConfig.scaleDownFactor	required	true	mm
gcp.dataproc.autoscalingpolicy	basicAlgorithm.yarnConfig.scaleUpFactor	required	true	mm
gcp.dataproc.autoscalingpolicy	id	immutable	true	mm
gcp.dataproc.autoscalingpolicy	id	required	true	mm
gcp.dataproc.autoscalingpolicy	name	output	true	discovery+mm
gcp.dataproc.autoscalingpolicy	workerConfig.maxInstances	required	true	mm
gcp.dataproc.cluster		clear_before_delete	none	default
gcp.dataproc.cluster		create_await	longrunning	discovery
gcp.dataproc.cluster		create_url	projects/{projectId}/regions/{region}/clusters	discovery
gcp.dataproc.cluster		create_verb	POST	discovery
gcp.dataproc.cluster		delete_await	longrunning	discovery
gcp.dataproc.cluster		delete_url	projects/{projectId}/regions/{region}/clusters/{clusterName}	discovery
gcp.dataproc.cluster		lock_field	none	default
gcp.dataproc.cluster		patch_one_field	false	default
gcp.dataproc.cluster		setters	none	default
gcp.dataproc.cluster		timeout	1200	default
gcp.dataproc.cluster		update_await	longrunning	discovery
gcp.dataproc.cluster		update_mask	query	discovery
gcp.dataproc.cluster		update_verb	PATCH	discovery
gcp.dataproc.cluster	clusterUuid	output	true	discovery
gcp.dataproc.cluster	config.auxiliaryNodeGroups[].nodeGroup.nodeGroupConfig.instanceFlexibilityPolicy.instanceMachineTypes	output	true	discovery
gcp.dataproc.cluster	config.auxiliaryNodeGroups[].nodeGroup.nodeGroupConfig.instanceFlexibilityPolicy.instanceSelectionResults	output	true	discovery
gcp.dataproc.cluster	config.auxiliaryNodeGroups[].nodeGroup.nodeGroupConfig.instanceFlexibilityPolicy.instanceSelectionResults[].machineType	output	true	discovery
gcp.dataproc.cluster	config.auxiliaryNodeGroups[].nodeGroup.nodeGroupConfig.instanceFlexibilityPolicy.instanceSelectionResults[].vmCount	output	true	discovery
gcp.dataproc.cluster	config.auxiliaryNodeGroups[].nodeGroup.nodeGroupConfig.instanceNames	output	true	discovery
gcp.dataproc.cluster	config.auxiliaryNodeGroups[].nodeGroup.nodeGroupConfig.instanceReferences	output	true	discovery
gcp.dataproc.cluster	config.auxiliaryNodeGroups[].nodeGroup.nodeGroupConfig.isPreemptible	output	true	discovery
gcp.dataproc.cluster	config.auxiliaryNodeGroups[].nodeGroup.nodeGroupConfig.managedGroupConfig	output	true	discovery
gcp.dataproc.cluster	config.auxiliaryNodeGroups[].nodeGroup.nodeGroupConfig.managedGroupConfig.instanceGroupManagerName	output	true	discovery
gcp.dataproc.cluster	config.auxiliaryNodeGroups[].nodeGroup.nodeGroupConfig.managedGroupConfig.instanceGroupManagerUri	output	true	discovery
gcp.dataproc.cluster	config.auxiliaryNodeGroups[].nodeGroup.nodeGroupConfig.managedGroupConfig.instanceTemplateName	output	true	discovery
gcp.dataproc.cluster	config.endpointConfig.httpPorts	output	true	discovery
gcp.dataproc.cluster	config.gkeClusterConfig.nodePoolTarget[].nodePoolConfig	input_only	true	discovery
gcp.dataproc.cluster	config.lifecycleConfig.idleStartTime	output	true	discovery
gcp.dataproc.cluster	config.masterConfig.instanceFlexibilityPolicy.instanceMachineTypes	output	true	discovery
gcp.dataproc.cluster	config.masterConfig.instanceFlexibilityPolicy.instanceSelectionResults	output	true	discovery
gcp.dataproc.cluster	config.masterConfig.instanceFlexibilityPolicy.instanceSelectionResults[].machineType	output	true	discovery
gcp.dataproc.cluster	config.masterConfig.instanceFlexibilityPolicy.instanceSelectionResults[].vmCount	output	true	discovery
gcp.dataproc.cluster	config.masterConfig.instanceNames	output	true	discovery
gcp.dataproc.cluster	config.masterConfig.instanceReferences	output	true	discovery
gcp.dataproc.cluster	config.masterConfig.isPreemptible	output	true	discovery
gcp.dataproc.cluster	config.masterConfig.managedGroupConfig	output	true	discovery
gcp.dataproc.cluster	config.masterConfig.managedGroupConfig.instanceGroupManagerName	output	true	discovery
gcp.dataproc.cluster	config.masterConfig.managedGroupConfig.instanceGroupManagerUri	output	true	discovery
gcp.dataproc.cluster	config.masterConfig.managedGroupConfig.instanceTemplateName	output	true	discovery
gcp.dataproc.cluster	config.secondaryWorkerConfig.instanceFlexibilityPolicy.instanceMachineTypes	output	true	discovery
gcp.dataproc.cluster	config.secondaryWorkerConfig.instanceFlexibilityPolicy.instanceSelectionResults	output	true	discovery
gcp.dataproc.cluster	config.secondaryWorkerConfig.instanceFlexibilityPolicy.instanceSelectionResults[].machineType	output	true	discovery
gcp.dataproc.cluster	config.secondaryWorkerConfig.instanceFlexibilityPolicy.instanceSelectionResults[].vmCount	output	true	discovery
gcp.dataproc.cluster	config.secondaryWorkerConfig.instanceNames	output	true	discovery
gcp.dataproc.cluster	config.secondaryWorkerConfig.instanceReferences	output	true	discovery
gcp.dataproc.cluster	config.secondaryWorkerConfig.isPreemptible	output	true	discovery
gcp.dataproc.cluster	config.secondaryWorkerConfig.managedGroupConfig	output	true	discovery
gcp.dataproc.cluster	config.secondaryWorkerConfig.managedGroupConfig.instanceGroupManagerName	output	true	discovery
gcp.dataproc.cluster	config.secondaryWorkerConfig.managedGroupConfig.instanceGroupManagerUri	output	true	discovery
gcp.dataproc.cluster	config.secondaryWorkerConfig.managedGroupConfig.instanceTemplateName	output	true	discovery
gcp.dataproc.cluster	config.workerConfig.instanceFlexibilityPolicy.instanceMachineTypes	output	true	discovery
gcp.dataproc.cluster	config.workerConfig.instanceFlexibilityPolicy.instanceSelectionResults	output	true	discovery
gcp.dataproc.cluster	config.workerConfig.instanceFlexibilityPolicy.instanceSelectionResults[].machineType	output	true	discovery
gcp.dataproc.cluster	config.workerConfig.instanceFlexibilityPolicy.instanceSelectionResults[].vmCount	output	true	discovery
gcp.dataproc.cluster	config.workerConfig.instanceNames	output	true	discovery
gcp.dataproc.cluster	config.workerConfig.instanceReferences	output	true	discovery
gcp.dataproc.cluster	config.workerConfig.isPreemptible	output	true	discovery
gcp.dataproc.cluster	config.workerConfig.managedGroupConfig	output	true	discovery
gcp.dataproc.cluster	config.workerConfig.managedGroupConfig.instanceGroupManagerName	output	true	discovery
gcp.dataproc.cluster	config.workerConfig.managedGroupConfig.instanceGroupManagerUri	output	true	discovery
gcp.dataproc.cluster	config.workerConfig.managedGroupConfig.instanceTemplateName	output	true	discovery
gcp.dataproc.cluster	metrics	output	true	discovery
gcp.dataproc.cluster	status	output	true	discovery
gcp.dataproc.cluster	status.state	output	true	discovery
gcp.dataproc.cluster	status.stateStartTime	output	true	discovery
gcp.dataproc.cluster	status.substate	output	true	discovery
gcp.dataproc.cluster	statusHistory	output	true	discovery
gcp.dataproc.cluster	statusHistory[].state	output	true	discovery
gcp.dataproc.cluster	statusHistory[].stateStartTime	output	true	discovery
gcp.dataproc.cluster	statusHistory[].substate	output	true	discovery
gcp.dataproc.cluster	virtualClusterConfig.kubernetesClusterConfig.gkeClusterConfig.nodePoolTarget[].nodePoolConfig	input_only	true	discovery
gcp.dataproc.session		clear_before_delete	none	default
gcp.dataproc.session		create_await	longrunning	discovery
gcp.dataproc.session		create_url	projects/{{project}}/locations/{{location}}/sessions?sessionId={{sessionId}}	discovery
gcp.dataproc.session		create_verb	POST	discovery
gcp.dataproc.session		delete_await	longrunning	discovery
gcp.dataproc.session		delete_url	{+name}	discovery
gcp.dataproc.session		lock_field	none	default
gcp.dataproc.session		patch_one_field	false	default
gcp.dataproc.session		setters	none	default
gcp.dataproc.session		timeout	1200	default
gcp.dataproc.session		update_await	none	default
gcp.dataproc.session		update_mask	none	default
gcp.dataproc.session		update_verb	none	default
gcp.dataproc.session	createTime	output	true	discovery
gcp.dataproc.session	creator	output	true	discovery
gcp.dataproc.session	name	output	true	discovery
gcp.dataproc.session	runtimeInfo	output	true	discovery
gcp.dataproc.session	runtimeInfo.approximateUsage	output	true	discovery
gcp.dataproc.session	runtimeInfo.cohortInfo	output	true	discovery
gcp.dataproc.session	runtimeInfo.cohortInfo.cohort	output	true	discovery
gcp.dataproc.session	runtimeInfo.cohortInfo.cohortSource	output	true	discovery
gcp.dataproc.session	runtimeInfo.currentUsage	output	true	discovery
gcp.dataproc.session	runtimeInfo.diagnosticOutputUri	output	true	discovery
gcp.dataproc.session	runtimeInfo.endpoints	output	true	discovery
gcp.dataproc.session	runtimeInfo.outputUri	output	true	discovery
gcp.dataproc.session	runtimeInfo.propertiesInfo.autotuningProperties	output	true	discovery
gcp.dataproc.session	sessionId	immutable	true	discovery
gcp.dataproc.session	sessionId	required	true	discovery
gcp.dataproc.session	state	output	true	discovery
gcp.dataproc.session	stateHistory	output	true	discovery
gcp.dataproc.session	stateHistory[].state	output	true	discovery
gcp.dataproc.session	stateHistory[].stateMessage	output	true	discovery
gcp.dataproc.session	stateHistory[].stateStartTime	output	true	discovery
gcp.dataproc.session	stateMessage	output	true	discovery
gcp.dataproc.session	stateTime	output	true	discovery
gcp.dataproc.session	uuid	output	true	discovery
gcp.dataproc.workflowtemplate		clear_before_delete	none	default
gcp.dataproc.workflowtemplate		create_await	none	discovery
gcp.dataproc.workflowtemplate		create_url	projects/{{project}}/locations/{{location}}/workflowTemplates	discovery
gcp.dataproc.workflowtemplate		create_verb	POST	discovery
gcp.dataproc.workflowtemplate		delete_await	none	discovery
gcp.dataproc.workflowtemplate		delete_url	{+name}	discovery
gcp.dataproc.workflowtemplate		lock_field	none	default
gcp.dataproc.workflowtemplate		patch_one_field	false	default
gcp.dataproc.workflowtemplate		setters	none	default
gcp.dataproc.workflowtemplate		timeout	60	default
gcp.dataproc.workflowtemplate		update_await	none	default
gcp.dataproc.workflowtemplate		update_mask	none	default
gcp.dataproc.workflowtemplate		update_verb	none	default
gcp.dataproc.workflowtemplate	createTime	output	true	discovery
gcp.dataproc.workflowtemplate	name	output	true	discovery
gcp.dataproc.workflowtemplate	placement.managedCluster.config.auxiliaryNodeGroups[].nodeGroup.nodeGroupConfig.instanceFlexibilityPolicy.instanceMachineTypes	output	true	discovery
gcp.dataproc.workflowtemplate	placement.managedCluster.config.auxiliaryNodeGroups[].nodeGroup.nodeGroupConfig.instanceFlexibilityPolicy.instanceSelectionResults	output	true	discovery
gcp.dataproc.workflowtemplate	placement.managedCluster.config.auxiliaryNodeGroups[].nodeGroup.nodeGroupConfig.instanceFlexibilityPolicy.instanceSelectionResults[].machineType	output	true	discovery
gcp.dataproc.workflowtemplate	placement.managedCluster.config.auxiliaryNodeGroups[].nodeGroup.nodeGroupConfig.instanceFlexibilityPolicy.instanceSelectionResults[].vmCount	output	true	discovery
gcp.dataproc.workflowtemplate	placement.managedCluster.config.auxiliaryNodeGroups[].nodeGroup.nodeGroupConfig.instanceNames	output	true	discovery
gcp.dataproc.workflowtemplate	placement.managedCluster.config.auxiliaryNodeGroups[].nodeGroup.nodeGroupConfig.instanceReferences	output	true	discovery
gcp.dataproc.workflowtemplate	placement.managedCluster.config.auxiliaryNodeGroups[].nodeGroup.nodeGroupConfig.isPreemptible	output	true	discovery
gcp.dataproc.workflowtemplate	placement.managedCluster.config.auxiliaryNodeGroups[].nodeGroup.nodeGroupConfig.managedGroupConfig	output	true	discovery
gcp.dataproc.workflowtemplate	placement.managedCluster.config.auxiliaryNodeGroups[].nodeGroup.nodeGroupConfig.managedGroupConfig.instanceGroupManagerName	output	true	discovery
gcp.dataproc.workflowtemplate	placement.managedCluster.config.auxiliaryNodeGroups[].nodeGroup.nodeGroupConfig.managedGroupConfig.instanceGroupManagerUri	output	true	discovery
gcp.dataproc.workflowtemplate	placement.managedCluster.config.auxiliaryNodeGroups[].nodeGroup.nodeGroupConfig.managedGroupConfig.instanceTemplateName	output	true	discovery
gcp.dataproc.workflowtemplate	placement.managedCluster.config.endpointConfig.httpPorts	output	true	discovery
gcp.dataproc.workflowtemplate	placement.managedCluster.config.gkeClusterConfig.nodePoolTarget[].nodePoolConfig	input_only	true	discovery
gcp.dataproc.workflowtemplate	placement.managedCluster.config.lifecycleConfig.idleStartTime	output	true	discovery
gcp.dataproc.workflowtemplate	placement.managedCluster.config.masterConfig.instanceFlexibilityPolicy.instanceMachineTypes	output	true	discovery
gcp.dataproc.workflowtemplate	placement.managedCluster.config.masterConfig.instanceFlexibilityPolicy.instanceSelectionResults	output	true	discovery
gcp.dataproc.workflowtemplate	placement.managedCluster.config.masterConfig.instanceFlexibilityPolicy.instanceSelectionResults[].machineType	output	true	discovery
gcp.dataproc.workflowtemplate	placement.managedCluster.config.masterConfig.instanceFlexibilityPolicy.instanceSelectionResults[].vmCount	output	true	discovery
gcp.dataproc.workflowtemplate	placement.managedCluster.config.masterConfig.instanceNames	output	true	discovery
gcp.dataproc.workflowtemplate	placement.managedCluster.config.masterConfig.instanceReferences	output	true	discovery
gcp.dataproc.workflowtemplate	placement.managedCluster.config.masterConfig.isPreemptible	output	true	discovery
gcp.dataproc.workflowtemplate	placement.managedCluster.config.masterConfig.managedGroupConfig	output	true	discovery
gcp.dataproc.workflowtemplate	placement.managedCluster.config.masterConfig.managedGroupConfig.instanceGroupManagerName	output	true	discovery
gcp.dataproc.workflowtemplate	placement.managedCluster.config.masterConfig.managedGroupConfig.instanceGroupManagerUri	output	true	discovery
gcp.dataproc.workflowtemplate	placement.managedCluster.config.masterConfig.managedGroupConfig.instanceTemplateName	output	true	discovery
gcp.dataproc.workflowtemplate	placement.managedCluster.config.secondaryWorkerConfig.instanceFlexibilityPolicy.instanceMachineTypes	output	true	discovery
gcp.dataproc.workflowtemplate	placement.managedCluster.config.secondaryWorkerConfig.instanceFlexibilityPolicy.instanceSelectionResults	output	true	discovery
gcp.dataproc.workflowtemplate	placement.managedCluster.config.secondaryWorkerConfig.instanceFlexibilityPolicy.instanceSelectionResults[].machineType	output	true	discovery
gcp.dataproc.workflowtemplate	placement.managedCluster.config.secondaryWorkerConfig.instanceFlexibilityPolicy.instanceSelectionResults[].vmCount	output	true	discovery
gcp.dataproc.workflowtemplate	placement.managedCluster.config.secondaryWorkerConfig.instanceNames	output	true	discovery
gcp.dataproc.workflowtemplate	placement.managedCluster.config.secondaryWorkerConfig.instanceReferences	output	true	discovery
gcp.dataproc.workflowtemplate	placement.managedCluster.config.secondaryWorkerConfig.isPreemptible	output	true	discovery
gcp.dataproc.workflowtemplate	placement.managedCluster.config.secondaryWorkerConfig.managedGroupConfig	output	true	discovery
gcp.dataproc.workflowtemplate	placement.managedCluster.config.secondaryWorkerConfig.managedGroupConfig.instanceGroupManagerName	output	true	discovery
gcp.dataproc.workflowtemplate	placement.managedCluster.config.secondaryWorkerConfig.managedGroupConfig.instanceGroupManagerUri	output	true	discovery
gcp.dataproc.workflowtemplate	placement.managedCluster.config.secondaryWorkerConfig.managedGroupConfig.instanceTemplateName	output	true	discovery
gcp.dataproc.workflowtemplate	placement.managedCluster.config.workerConfig.instanceFlexibilityPolicy.instanceMachineTypes	output	true	discovery
gcp.dataproc.workflowtemplate	placement.managedCluster.config.workerConfig.instanceFlexibilityPolicy.instanceSelectionResults	output	true	discovery
gcp.dataproc.workflowtemplate	placement.managedCluster.config.workerConfig.instanceFlexibilityPolicy.instanceSelectionResults[].machineType	output	true	discovery
gcp.dataproc.workflowtemplate	placement.managedCluster.config.workerConfig.instanceFlexibilityPolicy.instanceSelectionResults[].vmCount	output	true	discovery
gcp.dataproc.workflowtemplate	placement.managedCluster.config.workerConfig.instanceNames	output	true	discovery
gcp.dataproc.workflowtemplate	placement.managedCluster.config.workerConfig.instanceReferences	output	true	discovery
gcp.dataproc.workflowtemplate	placement.managedCluster.config.workerConfig.isPreemptible	output	true	discovery
gcp.dataproc.workflowtemplate	placement.managedCluster.config.workerConfig.managedGroupConfig	output	true	discovery
gcp.dataproc.workflowtemplate	placement.managedCluster.config.workerConfig.managedGroupConfig.instanceGroupManagerName	output	true	discovery
gcp.dataproc.workflowtemplate	placement.managedCluster.config.workerConfig.managedGroupConfig.instanceGroupManagerUri	output	true	discovery
gcp.dataproc.workflowtemplate	placement.managedCluster.config.workerConfig.managedGroupConfig.instanceTemplateName	output	true	discovery
gcp.dataproc.workflowtemplate	updateTime	output	true	discovery
gcp.dataset		clear_before_delete	none	default
gcp.dataset		create_await	none	discovery
gcp.dataset		create_url	projects/{{project}}/datasets?accessPolicyVersion=3	mm
gcp.dataset		create_verb	POST	discovery
gcp.dataset		delete_await	none	discovery
gcp.dataset		delete_url	projects/{{project}}/datasets/{{dataset_id}}	mm
gcp.dataset		lock_field	none	default
gcp.dataset		patch_one_field	false	default
gcp.dataset		setters	none	default
gcp.dataset		timeout	60	default
gcp.dataset		update_await	none	discovery
gcp.dataset		update_mask	none	discovery
gcp.dataset		update_verb	PATCH	discovery
gcp.dataset	access	unordered	true	mm
gcp.dataset	access[].condition.expression	required	true	mm
gcp.dataset	access[].dataset.dataset	required	true	mm
gcp.dataset	access[].dataset.dataset.datasetId	required	true	mm
gcp.dataset	access[].dataset.dataset.projectId	required	true	mm
gcp.dataset	access[].dataset.targetTypes	required	true	mm
gcp.dataset	access[].routine.datasetId	required	true	mm
gcp.dataset	access[].routine.projectId	required	true	mm
gcp.dataset	access[].routine.routineId	required	true	mm
gcp.dataset	access[].view.datasetId	required	true	mm
gcp.dataset	access[].view.projectId	required	true	mm
gcp.dataset	access[].view.tableId	required	true	mm
gcp.dataset	catalogSource	output	true	discovery
gcp.dataset	creationTime	output	true	discovery+mm
gcp.dataset	datasetReference	immutable	true	mm
gcp.dataset	datasetReference	required	true	mm
gcp.dataset	datasetReference.datasetId	immutable	true	mm
gcp.dataset	datasetReference.datasetId	required	true	mm
gcp.dataset	defaultEncryptionConfiguration.kmsKeyName	required	true	mm
gcp.dataset	etag	output	true	discovery+mm
gcp.dataset	externalDatasetReference	immutable	true	mm
gcp.dataset	externalDatasetReference.connection	immutable	true	mm
gcp.dataset	externalDatasetReference.connection	required	true	mm
gcp.dataset	externalDatasetReference.externalSource	immutable	true	mm
gcp.dataset	externalDatasetReference.externalSource	required	true	mm
gcp.dataset	id	output	true	discovery
gcp.dataset	kind	output	true	discovery
gcp.dataset	lastModifiedTime	output	true	discovery+mm
gcp.dataset	linkedDatasetMetadata	output	true	discovery
gcp.dataset	linkedDatasetMetadata.linkState	output	true	discovery
gcp.dataset	location	equivalence	case	mm
gcp.dataset	location	immutable	true	mm
gcp.dataset	restrictions	output	true	discovery
gcp.dataset	restrictions.type	output	true	discovery
gcp.dataset	satisfiesPzi	output	true	discovery
gcp.dataset	satisfiesPzs	output	true	discovery
gcp.dataset	selfLink	output	true	discovery
gcp.dataset	tags	output	true	discovery
gcp.dataset	type_value	output	true	discovery
gcp.defaultobjectaccesscontrol		clear_before_delete	none	default
gcp.defaultobjectaccesscontrol		create_await	none	discovery
gcp.defaultobjectaccesscontrol		create_url	b/{{bucket}}/defaultObjectAcl	mm
gcp.defaultobjectaccesscontrol		create_verb	POST	discovery
gcp.defaultobjectaccesscontrol		delete_await	none	discovery
gcp.defaultobjectaccesscontrol		delete_url	b/{{bucket}}/defaultObjectAcl/{{entity}}	mm
gcp.defaultobjectaccesscontrol		lock_field	none	default
gcp.defaultobjectaccesscontrol		patch_one_field	false	default
gcp.defaultobjectaccesscontrol		setters	none	default
gcp.defaultobjectaccesscontrol		timeout	60	default
gcp.defaultobjectaccesscontrol		update_await	none	discovery
gcp.defaultobjectaccesscontrol		update_mask	none	discovery
gcp.defaultobjectaccesscontrol		update_verb	PATCH	discovery
gcp.defaultobjectaccesscontrol	bucket	equivalence	self_link	mm
gcp.defaultobjectaccesscontrol	bucket	input_only	true	mm
gcp.defaultobjectaccesscontrol	bucket	required	true	mm
gcp.defaultobjectaccesscontrol	domain	output	true	mm
gcp.defaultobjectaccesscontrol	email	output	true	mm
gcp.defaultobjectaccesscontrol	entity	required	true	mm
gcp.defaultobjectaccesscontrol	entityId	output	true	mm
gcp.defaultobjectaccesscontrol	generation	output	true	mm
gcp.defaultobjectaccesscontrol	kind	output	true	discovery
gcp.defaultobjectaccesscontrol	projectTeam	output	true	mm
gcp.defaultobjectaccesscontrol	role	required	true	mm
gcp.deliverypipeline		clear_before_delete	none	default
gcp.deliverypipeline		create_await	longrunning	discovery
gcp.deliverypipeline		create_url	projects/{{project}}/locations/{{location}}/deliveryPipelines?deliveryPipelineId={{name}}	mm
gcp.deliverypipeline		create_verb	POST	discovery
gcp.deliverypipeline		delete_await	longrunning	discovery
gcp.deliverypipeline		delete_url	projects/{{project}}/locations/{{location}}/deliveryPipelines/{{name}}	mm
gcp.deliverypipeline		lock_field	none	default
gcp.deliverypipeline		patch_one_field	false	default
gcp.deliverypipeline		setters	none	default
gcp.deliverypipeline		timeout	1200	default
gcp.deliverypipeline		update_await	longrunning	discovery
gcp.deliverypipeline		update_mask	query	discovery
gcp.deliverypipeline		update_verb	PATCH	discovery
gcp.deliverypipeline	condition	output	true	discovery
gcp.deliverypipeline	createTime	output	true	discovery
gcp.deliverypipeline	name	required	true	mm
gcp.deliverypipeline	uid	output	true	discovery
gcp.deliverypipeline	updateTime	output	true	discovery
gcp.deploypolicy		clear_before_delete	none	default
gcp.deploypolicy		create_await	longrunning	discovery
gcp.deploypolicy		create_url	projects/{{project}}/locations/{{location}}/deployPolicies?deployPolicyId={{deployPolicyId}}	mm
gcp.deploypolicy		create_verb	POST	discovery
gcp.deploypolicy		delete_await	longrunning	discovery
gcp.deploypolicy		delete_url	projects/{{project}}/locations/{{location}}/deployPolicies/{{name}}	mm
gcp.deploypolicy		lock_field	none	default
gcp.deploypolicy		patch_one_field	false	default
gcp.deploypolicy		setters	none	default
gcp.deploypolicy		timeout	1200	default
gcp.deploypolicy		update_await	longrunning	discovery
gcp.deploypolicy		update_mask	query	mm
gcp.deploypolicy		update_verb	PATCH	mm
gcp.deploypolicy	createTime	output	true	discovery+mm
gcp.deploypolicy	deployPolicyId	immutable	true	discovery
gcp.deploypolicy	etag	output	true	mm
gcp.deploypolicy	name	immutable	true	mm
gcp.deploypolicy	name	output	true	discovery
gcp.deploypolicy	name	required	false	!mm+discovery
gcp.deploypolicy	rules	required	true	mm
gcp.deploypolicy	rules[].rolloutRestriction.id	required	true	mm
gcp.deploypolicy	rules[].rolloutRestriction.timeWindows.oneTimeWindows[].endDate	required	true	mm
gcp.deploypolicy	rules[].rolloutRestriction.timeWindows.oneTimeWindows[].endTime	required	true	mm
gcp.deploypolicy	rules[].rolloutRestriction.timeWindows.oneTimeWindows[].startDate	required	true	mm
gcp.deploypolicy	rules[].rolloutRestriction.timeWindows.oneTimeWindows[].startTime	required	true	mm
gcp.deploypolicy	rules[].rolloutRestriction.timeWindows.timeZone	required	true	mm
gcp.deploypolicy	selectors	required	true	mm
gcp.deploypolicy	uid	output	true	discovery+mm
gcp.deploypolicy	updateTime	output	true	discovery+mm
gcp.dns.policy		clear_before_delete	networks	observed+ruling
gcp.dns.policy		create_await	none	discovery
gcp.dns.policy		create_url	projects/{{project}}/policies	mm
gcp.dns.policy		create_verb	POST	discovery
gcp.dns.policy		delete_await	none	discovery
gcp.dns.policy		delete_url	projects/{project}/policies/{policy}	discovery
gcp.dns.policy		lock_field	none	default
gcp.dns.policy		patch_one_field	false	default
gcp.dns.policy		setters	none	default
gcp.dns.policy		timeout	60	default
gcp.dns.policy		update_await	none	discovery
gcp.dns.policy		update_mask	none	discovery
gcp.dns.policy		update_verb	PATCH	discovery
gcp.dns.policy	alternativeNameServerConfig.kind	output	true	discovery
gcp.dns.policy	alternativeNameServerConfig.targetNameServers	required	true	mm
gcp.dns.policy	alternativeNameServerConfig.targetNameServers	unordered	true	mm
gcp.dns.policy	alternativeNameServerConfig.targetNameServers[].ipv4Address	required	true	mm
gcp.dns.policy	alternativeNameServerConfig.targetNameServers[].kind	output	true	discovery
gcp.dns.policy	description	required	true	ruling
gcp.dns.policy	dns64Config	immutable	true	mm
gcp.dns.policy	dns64Config.kind	output	true	discovery
gcp.dns.policy	dns64Config.scope	required	true	mm
gcp.dns.policy	dns64Config.scope.kind	output	true	discovery
gcp.dns.policy	id	immutable	true	mm
gcp.dns.policy	kind	output	true	discovery
gcp.dns.policy	name	immutable	true	mm
gcp.dns.policy	name	required	true	mm
gcp.dns.policy	networks	unordered	true	mm
gcp.dns.policy	networks[].kind	output	true	discovery
gcp.dns.policy	networks[].networkUrl	equivalence	self_link	mm
gcp.dns.policy	networks[].networkUrl	required	true	mm
gcp.dnsauthorization		clear_before_delete	none	default
gcp.dnsauthorization		create_await	longrunning	discovery
gcp.dnsauthorization		create_url	projects/{{project}}/locations/{{location}}/dnsAuthorizations?dnsAuthorizationId={{name}}	mm
gcp.dnsauthorization		create_verb	POST	discovery
gcp.dnsauthorization		delete_await	longrunning	discovery
gcp.dnsauthorization		delete_url	projects/{{project}}/locations/{{location}}/dnsAuthorizations/{{name}}	mm
gcp.dnsauthorization		lock_field	none	default
gcp.dnsauthorization		patch_one_field	false	default
gcp.dnsauthorization		setters	none	default
gcp.dnsauthorization		timeout	1200	default
gcp.dnsauthorization		update_await	longrunning	discovery
gcp.dnsauthorization		update_mask	query	mm
gcp.dnsauthorization		update_verb	PATCH	mm
gcp.dnsauthorization	createTime	output	true	discovery
gcp.dnsauthorization	dnsResourceRecord	output	true	discovery+mm
gcp.dnsauthorization	dnsResourceRecord.data	output	true	discovery+mm
gcp.dnsauthorization	dnsResourceRecord.name	output	true	discovery+mm
gcp.dnsauthorization	dnsResourceRecord.type	output	true	discovery+mm
gcp.dnsauthorization	domain	immutable	true	discovery+mm
gcp.dnsauthorization	domain	required	true	mm
gcp.dnsauthorization	name	immutable	true	mm
gcp.dnsauthorization	name	required	true	mm
gcp.dnsauthorization	tags	immutable	true	discovery
gcp.dnsauthorization	tags	input_only	true	discovery
gcp.dnsauthorization	type_value	immutable	true	discovery+mm
gcp.dnsauthorization	updateTime	output	true	discovery
gcp.dnsthreatdetector		clear_before_delete	none	default
gcp.dnsthreatdetector		create_await	none	discovery
gcp.dnsthreatdetector		create_url	projects/{{project}}/locations/{{location}}/dnsThreatDetectors?dnsThreatDetectorId={{name}}	mm
gcp.dnsthreatdetector		create_verb	POST	discovery
gcp.dnsthreatdetector		delete_await	none	discovery
gcp.dnsthreatdetector		delete_url	projects/{{project}}/locations/{{location}}/dnsThreatDetectors/{{name}}	mm
gcp.dnsthreatdetector		lock_field	none	default
gcp.dnsthreatdetector		patch_one_field	false	default
gcp.dnsthreatdetector		setters	none	default
gcp.dnsthreatdetector		timeout	60	default
gcp.dnsthreatdetector		update_await	none	discovery
gcp.dnsthreatdetector		update_mask	query	mm
gcp.dnsthreatdetector		update_verb	PATCH	mm
gcp.dnsthreatdetector	createTime	output	true	discovery+mm
gcp.dnsthreatdetector	name	immutable	true	discovery+mm
gcp.dnsthreatdetector	name	required	true	mm
gcp.dnsthreatdetector	provider_value	immutable	true	mm
gcp.dnsthreatdetector	updateTime	output	true	discovery+mm
gcp.endpointpolicy		clear_before_delete	none	default
gcp.endpointpolicy		create_await	longrunning	discovery
gcp.endpointpolicy		create_url	projects/{{project}}/locations/global/endpointPolicies?endpointPolicyId={{name}}	mm
gcp.endpointpolicy		create_verb	POST	discovery
gcp.endpointpolicy		delete_await	longrunning	discovery
gcp.endpointpolicy		delete_url	projects/{{project}}/locations/global/endpointPolicies/{{name}}	mm
gcp.endpointpolicy		lock_field	none	default
gcp.endpointpolicy		patch_one_field	false	default
gcp.endpointpolicy		setters	none	default
gcp.endpointpolicy		timeout	1200	default
gcp.endpointpolicy		update_await	longrunning	discovery
gcp.endpointpolicy		update_mask	query	mm
gcp.endpointpolicy		update_verb	PATCH	mm
gcp.endpointpolicy	createTime	output	true	discovery+mm
gcp.endpointpolicy	endpointMatcher	required	true	mm
gcp.endpointpolicy	endpointMatcher.metadataLabelMatcher	required	true	mm
gcp.endpointpolicy	endpointMatcher.metadataLabelMatcher.metadataLabelMatchCriteria	required	true	mm
gcp.endpointpolicy	endpointMatcher.metadataLabelMatcher.metadataLabels[].labelName	required	true	mm
gcp.endpointpolicy	endpointMatcher.metadataLabelMatcher.metadataLabels[].labelValue	required	true	mm
gcp.endpointpolicy	name	immutable	true	mm
gcp.endpointpolicy	name	required	true	mm
gcp.endpointpolicy	trafficPortSelector.ports	required	true	mm
gcp.endpointpolicy	type_value	required	true	mm
gcp.endpointpolicy	updateTime	output	true	discovery+mm
gcp.enrollment		clear_before_delete	none	default
gcp.enrollment		create_await	longrunning	discovery
gcp.enrollment		create_url	projects/{{project}}/locations/{{location}}/enrollments?enrollmentId={{enrollment_id}}	mm
gcp.enrollment		create_verb	POST	discovery
gcp.enrollment		delete_await	longrunning	discovery
gcp.enrollment		delete_url	projects/{{project}}/locations/{{location}}/enrollments/{{enrollment_id}}	mm
gcp.enrollment		lock_field	none	default
gcp.enrollment		patch_one_field	false	default
gcp.enrollment		setters	none	default
gcp.enrollment		timeout	1200	default
gcp.enrollment		update_await	longrunning	discovery
gcp.enrollment		update_mask	query	mm
gcp.enrollment		update_verb	PATCH	mm
gcp.enrollment	celMatch	required	true	mm
gcp.enrollment	createTime	output	true	discovery+mm
gcp.enrollment	destination	required	true	mm
gcp.enrollment	enrollment_id	immutable	true	mm
gcp.enrollment	enrollment_id	required	true	mm
gcp.enrollment	etag	output	true	discovery+mm
gcp.enrollment	messageBus	immutable	true	discovery+mm
gcp.enrollment	messageBus	required	true	mm
gcp.enrollment	name	output	true	mm
gcp.enrollment	uid	output	true	discovery+mm
gcp.enrollment	updateTime	output	true	discovery+mm
gcp.environment		clear_before_delete	none	default
gcp.environment		create_await	longrunning	discovery
gcp.environment		create_url	projects/{{project}}/locations/{{location}}/environments	discovery
gcp.environment		create_verb	POST	discovery
gcp.environment		delete_await	longrunning	discovery
gcp.environment		delete_url	{+name}	discovery
gcp.environment		lock_field	none	default
gcp.environment		patch_one_field	false	default
gcp.environment		setters	none	default
gcp.environment		timeout	1200	default
gcp.environment		update_await	longrunning	discovery
gcp.environment		update_mask	query	discovery
gcp.environment		update_verb	PATCH	discovery
gcp.environment	config.airflowByoidUri	output	true	discovery
gcp.environment	config.airflowUri	output	true	discovery
gcp.environment	config.dagGcsPrefix	output	true	discovery
gcp.environment	config.gkeCluster	output	true	discovery
gcp.environment	config.privateEnvironmentConfig.cloudComposerNetworkIpv4ReservedRange	output	true	discovery
gcp.environment	config.privateEnvironmentConfig.privateClusterConfig.masterIpv4ReservedRange	output	true	discovery
gcp.environment	config.privateEnvironmentConfig.webServerIpv4ReservedRange	output	true	discovery
gcp.environment	createTime	output	true	discovery
gcp.environment	satisfiesPzi	output	true	discovery
gcp.environment	satisfiesPzs	output	true	discovery
gcp.environment	updateTime	output	true	discovery
gcp.environment	uuid	output	true	discovery
gcp.extensionbinding		clear_before_delete	none	default
gcp.extensionbinding		create_await	longrunning	discovery
gcp.extensionbinding		create_url	projects/{{project}}/locations/{{location}}/extensionBindings?extensionBindingId={{extensionBindingId}}	discovery
gcp.extensionbinding		create_verb	POST	discovery
gcp.extensionbinding		delete_await	longrunning	discovery
gcp.extensionbinding		delete_url	{+name}	discovery
gcp.extensionbinding		lock_field	none	default
gcp.extensionbinding		patch_one_field	false	default
gcp.extensionbinding		setters	none	default
gcp.extensionbinding		timeout	1200	default
gcp.extensionbinding		update_await	longrunning	discovery
gcp.extensionbinding		update_mask	query	discovery
gcp.extensionbinding		update_verb	PATCH	discovery
gcp.extensionbinding	createTime	output	true	discovery
gcp.extensionbinding	extensionBindingId	immutable	true	discovery
gcp.extensionbinding	extensionBindingId	required	true	discovery
gcp.extensionbinding	name	output	true	discovery
gcp.extensionbinding	updateTime	output	true	discovery
gcp.externalvpngateway		clear_before_delete	none	default
gcp.externalvpngateway		create_await	compute_operation	discovery
gcp.externalvpngateway		create_url	projects/{{project}}/global/externalVpnGateways	mm
gcp.externalvpngateway		create_verb	POST	discovery
gcp.externalvpngateway		delete_await	compute_operation	discovery
gcp.externalvpngateway		delete_url	projects/{project}/global/externalVpnGateways/{externalVpnGateway}	discovery
gcp.externalvpngateway		lock_field	none	default
gcp.externalvpngateway		patch_one_field	false	default
gcp.externalvpngateway		setters	labels=setLabels	mm+discovery
gcp.externalvpngateway		timeout	600	default
gcp.externalvpngateway		update_await	none	default
gcp.externalvpngateway		update_mask	none	default
gcp.externalvpngateway		update_verb	none	default
gcp.externalvpngateway	creationTimestamp	output	true	discovery
gcp.externalvpngateway	description	immutable	true	discovery
gcp.externalvpngateway	id	output	true	discovery
gcp.externalvpngateway	interfaces	immutable	true	discovery
gcp.externalvpngateway	kind	output	true	discovery
gcp.externalvpngateway	labelFingerprint	output	true	mm
gcp.externalvpngateway	name	immutable	true	discovery
gcp.externalvpngateway	name	required	true	mm
gcp.externalvpngateway	params	immutable	true	mm+discovery
gcp.externalvpngateway	params	input_only	true	discovery+mm
gcp.externalvpngateway	params.resourceManagerTags	input_only	true	mm
gcp.externalvpngateway	redundancyType	immutable	true	discovery
gcp.externalvpngateway	selfLink	output	true	discovery
gcp.feed		clear_before_delete	none	default
gcp.feed		create_await	none	discovery
gcp.feed		create_url	{+parent}/feeds	discovery
gcp.feed		create_verb	POST	discovery
gcp.feed		delete_await	none	discovery
gcp.feed		delete_url	{+name}	discovery
gcp.feed		lock_field	none	default
gcp.feed		patch_one_field	false	default
gcp.feed		setters	none	default
gcp.feed		timeout	60	default
gcp.feed		update_await	none	discovery
gcp.feed		update_mask	body:updateMask	discovery
gcp.feed		update_verb	PATCH	discovery
gcp.feed	feedId	immutable	true	discovery
gcp.file.backup		clear_before_delete	none	default
gcp.file.backup		create_await	longrunning	discovery
gcp.file.backup		create_url	projects/{{project}}/locations/{{location}}/backups?backupId={{backupId}}	discovery
gcp.file.backup		create_verb	POST	discovery
gcp.file.backup		delete_await	longrunning	discovery
gcp.file.backup		delete_url	{+name}	discovery
gcp.file.backup		lock_field	none	default
gcp.file.backup		patch_one_field	false	default
gcp.file.backup		setters	none	default
gcp.file.backup		timeout	1200	default
gcp.file.backup		update_await	longrunning	discovery
gcp.file.backup		update_mask	query	discovery
gcp.file.backup		update_verb	PATCH	discovery
gcp.file.backup	backupId	immutable	true	discovery
gcp.file.backup	backupId	required	true	discovery
gcp.file.backup	capacityGb	output	true	discovery
gcp.file.backup	createTime	output	true	discovery
gcp.file.backup	downloadBytes	output	true	discovery
gcp.file.backup	fileSystemProtocol	output	true	discovery
gcp.file.backup	kmsKey	immutable	true	discovery
gcp.file.backup	name	output	true	discovery
gcp.file.backup	satisfiesPzi	output	true	discovery
gcp.file.backup	satisfiesPzs	output	true	discovery
gcp.file.backup	sourceInstanceTier	output	true	discovery
gcp.file.backup	state	output	true	discovery
gcp.file.backup	storageBytes	output	true	discovery
gcp.file.backup	tags	immutable	true	discovery
gcp.file.backup	tags	input_only	true	discovery
gcp.file.instance		clear_before_delete	none	default
gcp.file.instance		create_await	longrunning	discovery
gcp.file.instance		create_url	projects/{{project}}/locations/{{location}}/instances?instanceId={{instanceId}}	discovery
gcp.file.instance		create_verb	POST	discovery
gcp.file.instance		delete_await	longrunning	discovery
gcp.file.instance		delete_url	{+name}	discovery
gcp.file.instance		lock_field	none	default
gcp.file.instance		patch_one_field	false	default
gcp.file.instance		setters	none	default
gcp.file.instance		timeout	1200	default
gcp.file.instance		update_await	longrunning	discovery
gcp.file.instance		update_mask	query	discovery
gcp.file.instance		update_verb	PATCH	discovery
gcp.file.instance	capacityStepSizeGb	output	true	discovery
gcp.file.instance	createTime	output	true	discovery
gcp.file.instance	customPerformanceSupported	output	true	discovery
gcp.file.instance	instanceId	immutable	true	discovery
gcp.file.instance	instanceId	required	true	discovery
gcp.file.instance	maxCapacityGb	output	true	discovery
gcp.file.instance	minCapacityGb	output	true	discovery
gcp.file.instance	name	output	true	discovery
gcp.file.instance	networks[].ipAddresses	output	true	discovery
gcp.file.instance	networks[].pscConfig.requestedIpAddress	immutable	true	discovery
gcp.file.instance	performanceLimits	output	true	discovery
gcp.file.instance	performanceLimits.maxIops	output	true	discovery
gcp.file.instance	performanceLimits.maxReadIops	output	true	discovery
gcp.file.instance	performanceLimits.maxReadThroughputBps	output	true	discovery
gcp.file.instance	performanceLimits.maxWriteIops	output	true	discovery
gcp.file.instance	performanceLimits.maxWriteThroughputBps	output	true	discovery
gcp.file.instance	protocol	immutable	true	discovery
gcp.file.instance	replication.replicas[].lastActiveSyncTime	output	true	discovery
gcp.file.instance	replication.replicas[].state	output	true	discovery
gcp.file.instance	replication.replicas[].stateReasons	output	true	discovery
gcp.file.instance	replication.replicas[].stateUpdateTime	output	true	discovery
gcp.file.instance	satisfiesPzi	output	true	discovery
gcp.file.instance	satisfiesPzs	output	true	discovery
gcp.file.instance	state	output	true	discovery
gcp.file.instance	statusMessage	output	true	discovery
gcp.file.instance	suspensionReasons	output	true	discovery
gcp.file.instance	tags	immutable	true	discovery
gcp.file.instance	tags	input_only	true	discovery
gcp.file.snapshot		clear_before_delete	none	default
gcp.file.snapshot		create_await	longrunning	discovery
gcp.file.snapshot		create_url	{+parent}/snapshots?snapshotId={{snapshotId}}	discovery
gcp.file.snapshot		create_verb	POST	discovery
gcp.file.snapshot		delete_await	longrunning	discovery
gcp.file.snapshot		delete_url	{+name}	discovery
gcp.file.snapshot		lock_field	none	default
gcp.file.snapshot		patch_one_field	false	default
gcp.file.snapshot		setters	none	default
gcp.file.snapshot		timeout	1200	default
gcp.file.snapshot		update_await	longrunning	discovery
gcp.file.snapshot		update_mask	query	discovery
gcp.file.snapshot		update_verb	PATCH	discovery
gcp.file.snapshot	createTime	output	true	discovery
gcp.file.snapshot	filesystemUsedBytes	output	true	discovery
gcp.file.snapshot	name	output	true	discovery
gcp.file.snapshot	snapshotId	immutable	true	discovery
gcp.file.snapshot	snapshotId	required	true	discovery
gcp.file.snapshot	state	output	true	discovery
gcp.file.snapshot	tags	immutable	true	discovery
gcp.file.snapshot	tags	input_only	true	discovery
gcp.firestore.databas		clear_before_delete	none	default
gcp.firestore.databas		create_await	longrunning	discovery
gcp.firestore.databas		create_url	projects/{{project}}/databases?databaseId={{databaseId}}	discovery
gcp.firestore.databas		create_verb	POST	discovery
gcp.firestore.databas		delete_await	longrunning	discovery
gcp.firestore.databas		delete_url	{+name}	discovery
gcp.firestore.databas		lock_field	none	default
gcp.firestore.databas		patch_one_field	false	default
gcp.firestore.databas		setters	none	default
gcp.firestore.databas		timeout	1200	default
gcp.firestore.databas		update_await	longrunning	discovery
gcp.firestore.databas		update_mask	query	discovery
gcp.firestore.databas		update_verb	PATCH	discovery
gcp.firestore.databas	cmekConfig.activeKeyVersion	output	true	discovery
gcp.firestore.databas	createTime	output	true	discovery
gcp.firestore.databas	databaseEdition	immutable	true	discovery
gcp.firestore.databas	databaseId	immutable	true	discovery
gcp.firestore.databas	databaseId	required	true	discovery
gcp.firestore.databas	deleteTime	output	true	discovery
gcp.firestore.databas	earliestVersionTime	output	true	discovery
gcp.firestore.databas	freeTier	output	true	discovery
gcp.firestore.databas	keyPrefix	output	true	discovery
gcp.firestore.databas	name	output	true	discovery
gcp.firestore.databas	previousId	output	true	discovery
gcp.firestore.databas	realtimeUpdatesMode	immutable	true	discovery
gcp.firestore.databas	sourceInfo	output	true	discovery
gcp.firestore.databas	tags	immutable	true	discovery
gcp.firestore.databas	tags	input_only	true	discovery
gcp.firestore.databas	uid	output	true	discovery
gcp.firestore.databas	updateTime	output	true	discovery
gcp.firestore.databas	versionRetentionPeriod	output	true	discovery
gcp.firewall		clear_before_delete	none	default
gcp.firewall		create_await	compute_operation	discovery
gcp.firewall		create_url	projects/{{project}}/global/firewalls	mm
gcp.firewall		create_verb	POST	discovery
gcp.firewall		delete_await	compute_operation	discovery
gcp.firewall		delete_url	projects/{project}/global/firewalls/{firewall}	discovery
gcp.firewall		lock_field	none	default
gcp.firewall		patch_one_field	false	default
gcp.firewall		setters	none	default
gcp.firewall		timeout	600	default
gcp.firewall		update_await	compute_operation	discovery
gcp.firewall		update_mask	none	default
gcp.firewall		update_verb	PATCH	mm
gcp.firewall	allowed	unordered	true	mm
gcp.firewall	allowed[].IPProtocol	equivalence	case	mm
gcp.firewall	allowed[].IPProtocol	required	true	mm
gcp.firewall	creationTimestamp	output	true	discovery+mm
gcp.firewall	denied	unordered	true	mm
gcp.firewall	denied[].IPProtocol	equivalence	case	mm
gcp.firewall	denied[].IPProtocol	required	true	mm
gcp.firewall	destinationRanges	unordered	true	mm
gcp.firewall	direction	immutable	true	mm
gcp.firewall	id	output	true	discovery
gcp.firewall	kind	output	true	discovery
gcp.firewall	logConfig.metadata	required	true	mm
gcp.firewall	name	immutable	true	mm
gcp.firewall	name	required	true	mm
gcp.firewall	network	equivalence	self_link	mm
gcp.firewall	network	required	true	mm
gcp.firewall	params	immutable	true	mm
gcp.firewall	params	input_only	true	discovery+mm
gcp.firewall	params.resourceManagerTags	input_only	true	mm
gcp.firewall	selfLink	output	true	discovery
gcp.firewall	sourceRanges	unordered	true	mm
gcp.firewall	sourceServiceAccounts	unordered	true	mm
gcp.firewall	sourceTags	unordered	true	mm
gcp.firewall	targetServiceAccounts	unordered	true	mm
gcp.firewall	targetTags	unordered	true	mm
gcp.firewallendpointassociation		clear_before_delete	none	default
gcp.firewallendpointassociation		create_await	longrunning	discovery
gcp.firewallendpointassociation		create_url	{{parent}}/locations/{{location}}/firewallEndpointAssociations?firewallEndpointAssociationId={{name}}	mm
gcp.firewallendpointassociation		create_verb	POST	discovery
gcp.firewallendpointassociation		delete_await	longrunning	discovery
gcp.firewallendpointassociation		delete_url	{{parent}}/locations/{{location}}/firewallEndpointAssociations/{{name}}	mm
gcp.firewallendpointassociation		lock_field	none	default
gcp.firewallendpointassociation		patch_one_field	false	default
gcp.firewallendpointassociation		setters	none	default
gcp.firewallendpointassociation		timeout	1200	default
gcp.firewallendpointassociation		update_await	longrunning	discovery
gcp.firewallendpointassociation		update_mask	query	mm
gcp.firewallendpointassociation		update_verb	PATCH	mm
gcp.firewallendpointassociation	createTime	output	true	discovery+mm
gcp.firewallendpointassociation	firewallEndpoint	required	true	mm
gcp.firewallendpointassociation	name	immutable	true	discovery+mm
gcp.firewallendpointassociation	name	required	true	mm
gcp.firewallendpointassociation	network	required	true	mm
gcp.firewallendpointassociation	reconciling	output	true	discovery+mm
gcp.firewallendpointassociation	state	output	true	discovery+mm
gcp.firewallendpointassociation	updateTime	output	true	discovery+mm
gcp.forwardingrule		clear_before_delete	none	default
gcp.forwardingrule		create_await	compute_operation	discovery
gcp.forwardingrule		create_url	projects/{{project}}/regions/{{region}}/forwardingRules	mm
gcp.forwardingrule		create_verb	POST	discovery
gcp.forwardingrule		delete_await	compute_operation	discovery
gcp.forwardingrule		delete_url	projects/{project}/regions/{region}/forwardingRules/{forwardingRule}	discovery
gcp.forwardingrule		lock_field	fingerprint	discovery
gcp.forwardingrule		patch_one_field	false	default
gcp.forwardingrule		setters	labels=setLabels,target=setTarget	mm+discovery
gcp.forwardingrule		timeout	600	default
gcp.forwardingrule		update_await	compute_operation	discovery
gcp.forwardingrule		update_mask	none	discovery
gcp.forwardingrule		update_verb	PATCH	discovery+ruling
gcp.forwardingrule	IPAddress	immutable	true	ruling
gcp.forwardingrule	IPProtocol	equivalence	case	mm
gcp.forwardingrule	IPProtocol	immutable	true	ruling
gcp.forwardingrule	allPorts	immutable	true	ruling
gcp.forwardingrule	attachedExtensions	output	true	discovery
gcp.forwardingrule	attachedExtensions[].reference	output	true	discovery
gcp.forwardingrule	backendService	equivalence	self_link	mm
gcp.forwardingrule	backendService	immutable	true	ruling
gcp.forwardingrule	baseForwardingRule	output	true	discovery+mm
gcp.forwardingrule	creationTimestamp	output	true	discovery+mm
gcp.forwardingrule	description	immutable	true	ruling
gcp.forwardingrule	externalManagedBackendBucketMigrationState	immutable	true	ruling
gcp.forwardingrule	externalManagedBackendBucketMigrationTestingPercentage	immutable	true	ruling
gcp.forwardingrule	fingerprint	immutable	true	ruling
gcp.forwardingrule	id	output	true	discovery+mm
gcp.forwardingrule	ipCollection	immutable	true	ruling
gcp.forwardingrule	ipVersion	immutable	true	mm+ruling
gcp.forwardingrule	isMirroringCollector	immutable	true	ruling
gcp.forwardingrule	kind	output	true	discovery
gcp.forwardingrule	labelFingerprint	output	true	mm
gcp.forwardingrule	labels	immutable	false	!ruling+mm+discovery
gcp.forwardingrule	loadBalancingScheme	immutable	true	ruling
gcp.forwardingrule	metadataFilters	immutable	true	ruling
gcp.forwardingrule	name	immutable	true	ruling
gcp.forwardingrule	name	required	true	mm
gcp.forwardingrule	network	equivalence	self_link	mm
gcp.forwardingrule	network	immutable	true	ruling
gcp.forwardingrule	networkTier	immutable	true	mm+ruling
gcp.forwardingrule	noAutomateDnsZone	immutable	true	mm+ruling
gcp.forwardingrule	noAutomateDnsZone	input_only	true	mm
gcp.forwardingrule	portRange	equivalence	port_range	mm
gcp.forwardingrule	portRange	immutable	true	ruling
gcp.forwardingrule	ports	immutable	true	ruling
gcp.forwardingrule	ports	unordered	true	mm
gcp.forwardingrule	pscConnectionId	output	true	discovery+mm
gcp.forwardingrule	pscConnectionStatus	output	true	discovery+mm
gcp.forwardingrule	region	equivalence	self_link	mm
gcp.forwardingrule	region	output	true	discovery
gcp.forwardingrule	selfLink	output	true	discovery
gcp.forwardingrule	selfLinkWithId	output	true	discovery
gcp.forwardingrule	serviceDirectoryRegistrations	immutable	true	mm+ruling
gcp.forwardingrule	serviceDirectoryRegistrations[].namespace	immutable	true	mm
gcp.forwardingrule	serviceDirectoryRegistrations[].service	immutable	true	mm
gcp.forwardingrule	serviceLabel	immutable	true	ruling
gcp.forwardingrule	serviceName	output	true	discovery+mm
gcp.forwardingrule	sourceIpRanges	immutable	true	mm+ruling
gcp.forwardingrule	subnetwork	equivalence	self_link	mm
gcp.forwardingrule	subnetwork	immutable	true	ruling
gcp.forwardingrule	target	immutable	false	!ruling+mm+discovery
gcp.function		clear_before_delete	none	default
gcp.function		create_await	longrunning	discovery
gcp.function		create_url	projects/{{project}}/locations/{{location}}/functions?functionId={{functionId}}	discovery
gcp.function		create_verb	POST	discovery
gcp.function		delete_await	longrunning	discovery
gcp.function		delete_url	{+name}	discovery
gcp.function		lock_field	none	default
gcp.function		patch_one_field	false	default
gcp.function		setters	none	default
gcp.function		timeout	1200	default
gcp.function		update_await	longrunning	discovery
gcp.function		update_mask	query	discovery
gcp.function		update_verb	PATCH	discovery
gcp.function	buildConfig.build	output	true	discovery
gcp.function	buildConfig.onDeployUpdatePolicy.runtimeVersion	output	true	discovery
gcp.function	buildConfig.sourceProvenance	output	true	discovery
gcp.function	createTime	output	true	discovery
gcp.function	eventTrigger.trigger	output	true	discovery
gcp.function	functionId	immutable	true	discovery
gcp.function	name	output	true	discovery
gcp.function	satisfiesPzi	output	true	discovery
gcp.function	satisfiesPzs	output	true	discovery
gcp.function	serviceConfig.revision	output	true	discovery
gcp.function	serviceConfig.service	output	true	discovery
gcp.function	serviceConfig.uri	output	true	discovery
gcp.function	state	output	true	discovery
gcp.function	stateMessages	output	true	discovery
gcp.function	updateTime	output	true	discovery
gcp.function	upgradeInfo	output	true	discovery
gcp.function	upgradeInfo.buildConfig.build	output	true	discovery
gcp.function	upgradeInfo.buildConfig.onDeployUpdatePolicy.runtimeVersion	output	true	discovery
gcp.function	upgradeInfo.buildConfig.sourceProvenance	output	true	discovery
gcp.function	upgradeInfo.eventTrigger.trigger	output	true	discovery
gcp.function	upgradeInfo.serviceConfig.revision	output	true	discovery
gcp.function	upgradeInfo.serviceConfig.service	output	true	discovery
gcp.function	upgradeInfo.serviceConfig.uri	output	true	discovery
gcp.function	url	output	true	discovery
gcp.gatewaysecuritypolicy		clear_before_delete	none	default
gcp.gatewaysecuritypolicy		create_await	longrunning	discovery
gcp.gatewaysecuritypolicy		create_url	projects/{{project}}/locations/{{location}}/gatewaySecurityPolicies?gatewaySecurityPolicyId={{name}}	mm
gcp.gatewaysecuritypolicy		create_verb	POST	discovery
gcp.gatewaysecuritypolicy		delete_await	longrunning	discovery
gcp.gatewaysecuritypolicy		delete_url	projects/{{project}}/locations/{{location}}/gatewaySecurityPolicies/{{name}}	mm
gcp.gatewaysecuritypolicy		lock_field	none	default
gcp.gatewaysecuritypolicy		patch_one_field	false	default
gcp.gatewaysecuritypolicy		setters	none	default
gcp.gatewaysecuritypolicy		timeout	1200	default
gcp.gatewaysecuritypolicy		update_await	longrunning	discovery
gcp.gatewaysecuritypolicy		update_mask	query	mm
gcp.gatewaysecuritypolicy		update_verb	PATCH	mm
gcp.gatewaysecuritypolicy	createTime	output	true	discovery+mm
gcp.gatewaysecuritypolicy	name	immutable	true	mm
gcp.gatewaysecuritypolicy	name	required	true	mm
gcp.gatewaysecuritypolicy	tlsInspectionPolicy	input_only	true	mm
gcp.gatewaysecuritypolicy	updateTime	output	true	discovery+mm
gcp.globaladdress		clear_before_delete	none	default
gcp.globaladdress		create_await	compute_operation	discovery
gcp.globaladdress		create_url	projects/{{project}}/global/addresses	mm
gcp.globaladdress		create_verb	POST	discovery
gcp.globaladdress		delete_await	compute_operation	discovery
gcp.globaladdress		delete_url	projects/{project}/global/addresses/{address}	discovery
gcp.globaladdress		lock_field	none	default
gcp.globaladdress		patch_one_field	false	default
gcp.globaladdress		setters	labels=setLabels	mm+discovery
gcp.globaladdress		timeout	600	default
gcp.globaladdress		update_await	none	default
gcp.globaladdress		update_mask	none	default
gcp.globaladdress		update_verb	none	default
gcp.globaladdress	address	immutable	true	discovery
gcp.globaladdress	addressType	immutable	true	discovery
gcp.globaladdress	creationTimestamp	output	true	discovery+mm
gcp.globaladdress	description	immutable	true	discovery
gcp.globaladdress	id	output	true	discovery
gcp.globaladdress	ipCollection	immutable	true	discovery
gcp.globaladdress	ipVersion	immutable	true	discovery
gcp.globaladdress	ipv6EndpointType	immutable	true	discovery
gcp.globaladdress	kind	output	true	discovery
gcp.globaladdress	labelFingerprint	output	true	mm
gcp.globaladdress	name	immutable	true	discovery
gcp.globaladdress	name	required	true	mm
gcp.globaladdress	network	equivalence	self_link	mm
gcp.globaladdress	network	immutable	true	discovery
gcp.globaladdress	networkTier	immutable	true	discovery
gcp.globaladdress	prefixLength	immutable	true	discovery
gcp.globaladdress	purpose	immutable	true	discovery
gcp.globaladdress	region	output	true	discovery
gcp.globaladdress	selfLink	output	true	discovery
gcp.globaladdress	status	output	true	discovery
gcp.globaladdress	subnetwork	immutable	true	discovery
gcp.globaladdress	users	output	true	discovery
gcp.globalforwardingrule		clear_before_delete	none	default
gcp.globalforwardingrule		create_await	compute_operation	discovery
gcp.globalforwardingrule		create_url	projects/{{project}}/global/forwardingRules	mm
gcp.globalforwardingrule		create_verb	POST	discovery
gcp.globalforwardingrule		delete_await	compute_operation	discovery
gcp.globalforwardingrule		delete_url	projects/{project}/global/forwardingRules/{forwardingRule}	discovery
gcp.globalforwardingrule		lock_field	fingerprint	discovery
gcp.globalforwardingrule		patch_one_field	false	default
gcp.globalforwardingrule		setters	labels=setLabels,target=setTarget	observed+mm+discovery
gcp.globalforwardingrule		timeout	600	default
gcp.globalforwardingrule		update_await	compute_operation	discovery
gcp.globalforwardingrule		update_mask	none	discovery
gcp.globalforwardingrule		update_verb	PATCH	discovery+ruling
gcp.globalforwardingrule	IPAddress	immutable	true	ruling
gcp.globalforwardingrule	IPProtocol	equivalence	case	mm
gcp.globalforwardingrule	IPProtocol	immutable	true	ruling
gcp.globalforwardingrule	allPorts	immutable	true	ruling
gcp.globalforwardingrule	allowGlobalAccess	immutable	true	ruling
gcp.globalforwardingrule	allowPscGlobalAccess	immutable	true	ruling
gcp.globalforwardingrule	attachedExtensions	output	true	discovery
gcp.globalforwardingrule	attachedExtensions[].reference	output	true	discovery
gcp.globalforwardingrule	backendService	immutable	true	ruling
gcp.globalforwardingrule	baseForwardingRule	output	true	discovery+mm
gcp.globalforwardingrule	creationTimestamp	output	true	discovery
gcp.globalforwardingrule	fingerprint	immutable	true	ruling
gcp.globalforwardingrule	id	output	true	discovery+mm
gcp.globalforwardingrule	ipCollection	immutable	true	ruling
gcp.globalforwardingrule	ipVersion	immutable	true	ruling
gcp.globalforwardingrule	isMirroringCollector	immutable	true	ruling
gcp.globalforwardingrule	kind	output	true	discovery
gcp.globalforwardingrule	labelFingerprint	output	true	mm
gcp.globalforwardingrule	labels	immutable	false	!ruling+mm+discovery
gcp.globalforwardingrule	metadataFilters	immutable	true	ruling
gcp.globalforwardingrule	metadataFilters[].filterLabels	required	true	mm
gcp.globalforwardingrule	metadataFilters[].filterLabels[].name	required	true	mm
gcp.globalforwardingrule	metadataFilters[].filterLabels[].value	required	true	mm
gcp.globalforwardingrule	metadataFilters[].filterMatchCriteria	required	true	mm
gcp.globalforwardingrule	name	immutable	true	ruling
gcp.globalforwardingrule	name	required	true	mm
gcp.globalforwardingrule	network	equivalence	self_link	mm
gcp.globalforwardingrule	network	immutable	true	ruling
gcp.globalforwardingrule	networkTier	immutable	true	mm+ruling
gcp.globalforwardingrule	noAutomateDnsZone	immutable	true	mm+ruling
gcp.globalforwardingrule	noAutomateDnsZone	input_only	true	mm
gcp.globalforwardingrule	portRange	equivalence	port_range	mm+observed
gcp.globalforwardingrule	portRange	immutable	true	ruling
gcp.globalforwardingrule	ports	immutable	true	ruling
gcp.globalforwardingrule	pscConnectionId	output	true	discovery+mm
gcp.globalforwardingrule	pscConnectionStatus	output	true	discovery+mm
gcp.globalforwardingrule	region	output	true	discovery
gcp.globalforwardingrule	selfLink	output	true	discovery
gcp.globalforwardingrule	selfLinkWithId	output	true	discovery
gcp.globalforwardingrule	serviceDirectoryRegistrations	immutable	true	mm+ruling
gcp.globalforwardingrule	serviceDirectoryRegistrations[].namespace	immutable	true	mm
gcp.globalforwardingrule	serviceDirectoryRegistrations[].serviceDirectoryRegion	immutable	true	mm
gcp.globalforwardingrule	serviceLabel	immutable	true	ruling
gcp.globalforwardingrule	serviceName	output	true	discovery
gcp.globalforwardingrule	sourceIpRanges	immutable	true	mm+ruling
gcp.globalforwardingrule	subnetwork	equivalence	self_link	mm
gcp.globalforwardingrule	subnetwork	immutable	true	ruling
gcp.globalforwardingrule	target	equivalence	self_link	mm
gcp.globalforwardingrule	target	immutable	false	!ruling+mm+discovery
gcp.globalforwardingrule	target	required	true	mm
gcp.globalnetworkendpointgroup		clear_before_delete	none	default
gcp.globalnetworkendpointgroup		create_await	compute_operation	discovery
gcp.globalnetworkendpointgroup		create_url	projects/{{project}}/global/networkEndpointGroups	mm
gcp.globalnetworkendpointgroup		create_verb	POST	discovery
gcp.globalnetworkendpointgroup		delete_await	compute_operation	discovery
gcp.globalnetworkendpointgroup		delete_url	projects/{project}/global/networkEndpointGroups/{networkEndpointGroup}	discovery
gcp.globalnetworkendpointgroup		lock_field	none	default
gcp.globalnetworkendpointgroup		patch_one_field	false	default
gcp.globalnetworkendpointgroup		setters	none	default
gcp.globalnetworkendpointgroup		timeout	600	default
gcp.globalnetworkendpointgroup		update_await	none	default
gcp.globalnetworkendpointgroup		update_mask	none	default
gcp.globalnetworkendpointgroup		update_verb	none	default
gcp.globalnetworkendpointgroup	creationTimestamp	output	true	discovery
gcp.globalnetworkendpointgroup	id	output	true	discovery
gcp.globalnetworkendpointgroup	kind	output	true	discovery
gcp.globalnetworkendpointgroup	name	required	true	mm
gcp.globalnetworkendpointgroup	networkEndpointType	required	true	mm
gcp.globalnetworkendpointgroup	pscData.consumerPscAddress	output	true	discovery
gcp.globalnetworkendpointgroup	pscData.pscConnectionId	output	true	discovery
gcp.globalnetworkendpointgroup	pscData.pscConnectionStatus	output	true	discovery
gcp.globalnetworkendpointgroup	region	output	true	discovery
gcp.globalnetworkendpointgroup	selfLink	output	true	discovery
gcp.globalnetworkendpointgroup	size	output	true	discovery
gcp.globalnetworkendpointgroup	zone	output	true	discovery
gcp.globalpublicdelegatedprefix		clear_before_delete	none	default
gcp.globalpublicdelegatedprefix		create_await	compute_operation	discovery
gcp.globalpublicdelegatedprefix		create_url	projects/{project}/global/publicDelegatedPrefixes	discovery
gcp.globalpublicdelegatedprefix		create_verb	POST	discovery
gcp.globalpublicdelegatedprefix		delete_await	compute_operation	discovery
gcp.globalpublicdelegatedprefix		delete_url	projects/{project}/global/publicDelegatedPrefixes/{publicDelegatedPrefix}	discovery
gcp.globalpublicdelegatedprefix		lock_field	fingerprint	discovery
gcp.globalpublicdelegatedprefix		patch_one_field	false	default
gcp.globalpublicdelegatedprefix		setters	none	default
gcp.globalpublicdelegatedprefix		timeout	600	default
gcp.globalpublicdelegatedprefix		update_await	compute_operation	discovery
gcp.globalpublicdelegatedprefix		update_mask	none	discovery
gcp.globalpublicdelegatedprefix		update_verb	PATCH	discovery
gcp.globalpublicdelegatedprefix	byoipApiVersion	output	true	discovery
gcp.globalpublicdelegatedprefix	creationTimestamp	output	true	discovery
gcp.globalpublicdelegatedprefix	enableEnhancedIpv4Allocation	output	true	discovery
gcp.globalpublicdelegatedprefix	id	output	true	discovery
gcp.globalpublicdelegatedprefix	ipv6AccessType	output	true	discovery
gcp.globalpublicdelegatedprefix	kind	output	true	discovery
gcp.globalpublicdelegatedprefix	publicDelegatedSubPrefixs[].enableEnhancedIpv4Allocation	output	true	discovery
gcp.globalpublicdelegatedprefix	publicDelegatedSubPrefixs[].ipv6AccessType	output	true	discovery
gcp.globalpublicdelegatedprefix	publicDelegatedSubPrefixs[].region	output	true	discovery
gcp.globalpublicdelegatedprefix	publicDelegatedSubPrefixs[].status	output	true	discovery
gcp.globalpublicdelegatedprefix	region	output	true	discovery
gcp.globalpublicdelegatedprefix	selfLink	output	true	discovery
gcp.globalpublicdelegatedprefix	status	output	true	discovery
gcp.googleapisource		clear_before_delete	none	default
gcp.googleapisource		create_await	longrunning	discovery
gcp.googleapisource		create_url	projects/{{project}}/locations/{{location}}/googleApiSources?googleApiSourceId={{google_api_source_id}}	mm
gcp.googleapisource		create_verb	POST	discovery
gcp.googleapisource		delete_await	longrunning	discovery
gcp.googleapisource		delete_url	projects/{{project}}/locations/{{location}}/googleApiSources/{{google_api_source_id}}	mm
gcp.googleapisource		lock_field	none	default
gcp.googleapisource		patch_one_field	false	default
gcp.googleapisource		setters	none	default
gcp.googleapisource		timeout	1200	default
gcp.googleapisource		update_await	longrunning	discovery
gcp.googleapisource		update_mask	query	mm
gcp.googleapisource		update_verb	PATCH	mm
gcp.googleapisource	createTime	output	true	discovery+mm
gcp.googleapisource	destination	required	true	mm
gcp.googleapisource	etag	output	true	discovery+mm
gcp.googleapisource	google_api_source_id	immutable	true	mm
gcp.googleapisource	google_api_source_id	required	true	mm
gcp.googleapisource	name	output	true	mm
gcp.googleapisource	uid	output	true	discovery+mm
gcp.googleapisource	updateTime	output	true	discovery+mm
gcp.grpcroute		clear_before_delete	none	default
gcp.grpcroute		create_await	longrunning	discovery
gcp.grpcroute		create_url	projects/{{project}}/locations/{{location}}/grpcRoutes?grpcRouteId={{name}}	mm
gcp.grpcroute		create_verb	POST	discovery
gcp.grpcroute		delete_await	longrunning	discovery
gcp.grpcroute		delete_url	projects/{{project}}/locations/{{location}}/grpcRoutes/{{name}}	mm
gcp.grpcroute		lock_field	none	default
gcp.grpcroute		patch_one_field	false	default
gcp.grpcroute		setters	none	default
gcp.grpcroute		timeout	1200	default
gcp.grpcroute		update_await	longrunning	discovery
gcp.grpcroute		update_mask	query	mm
gcp.grpcroute		update_verb	PATCH	mm
gcp.grpcroute	createTime	output	true	discovery+mm
gcp.grpcroute	hostnames	required	true	mm
gcp.grpcroute	name	immutable	true	mm
gcp.grpcroute	name	required	true	mm
gcp.grpcroute	rules	required	true	mm
gcp.grpcroute	rules[].matches[].headers[].key	required	true	mm
gcp.grpcroute	rules[].matches[].headers[].value	required	true	mm
gcp.grpcroute	rules[].matches[].method.grpcMethod	required	true	mm
gcp.grpcroute	rules[].matches[].method.grpcService	required	true	mm
gcp.grpcroute	selfLink	output	true	discovery+mm
gcp.grpcroute	updateTime	output	true	discovery+mm
gcp.healthcheck		clear_before_delete	none	default
gcp.healthcheck		create_await	compute_operation	discovery
gcp.healthcheck		create_url	projects/{{project}}/global/healthChecks	mm
gcp.healthcheck		create_verb	POST	discovery
gcp.healthcheck		delete_await	compute_operation	discovery
gcp.healthcheck		delete_url	projects/{project}/global/healthChecks/{healthCheck}	discovery
gcp.healthcheck		lock_field	none	default
gcp.healthcheck		patch_one_field	false	default
gcp.healthcheck		setters	none	default
gcp.healthcheck		timeout	600	default
gcp.healthcheck		update_await	compute_operation	discovery
gcp.healthcheck		update_mask	none	discovery
gcp.healthcheck		update_verb	PATCH	discovery
gcp.healthcheck	creationTimestamp	output	true	discovery+mm
gcp.healthcheck	id	output	true	discovery
gcp.healthcheck	kind	output	true	discovery
gcp.healthcheck	name	immutable	true	mm
gcp.healthcheck	name	required	true	mm
gcp.healthcheck	region	output	true	discovery
gcp.healthcheck	selfLink	output	true	discovery
gcp.healthcheck	type_value	output	false	!mm+ruling+observed
gcp.healthcheck	type_value	required	true	ruling
gcp.httphealthcheck		clear_before_delete	none	default
gcp.httphealthcheck		create_await	compute_operation	discovery
gcp.httphealthcheck		create_url	projects/{{project}}/global/httpHealthChecks	mm
gcp.httphealthcheck		create_verb	POST	discovery
gcp.httphealthcheck		delete_await	compute_operation	discovery
gcp.httphealthcheck		delete_url	projects/{project}/global/httpHealthChecks/{httpHealthCheck}	discovery
gcp.httphealthcheck		lock_field	none	default
gcp.httphealthcheck		patch_one_field	false	default
gcp.httphealthcheck		setters	none	default
gcp.httphealthcheck		timeout	600	default
gcp.httphealthcheck		update_await	compute_operation	discovery
gcp.httphealthcheck		update_mask	none	discovery
gcp.httphealthcheck		update_verb	PATCH	discovery
gcp.httphealthcheck	creationTimestamp	output	true	discovery+mm
gcp.httphealthcheck	id	output	true	discovery
gcp.httphealthcheck	kind	output	true	discovery
gcp.httphealthcheck	name	immutable	true	mm
gcp.httphealthcheck	name	required	true	mm
gcp.httphealthcheck	selfLink	output	true	discovery
gcp.httproute		clear_before_delete	none	default
gcp.httproute		create_await	longrunning	discovery
gcp.httproute		create_url	projects/{{project}}/locations/global/httpRoutes?httpRouteId={{name}}	mm
gcp.httproute		create_verb	POST	discovery
gcp.httproute		delete_await	longrunning	discovery
gcp.httproute		delete_url	projects/{{project}}/locations/global/httpRoutes/{{name}}	mm
gcp.httproute		lock_field	none	default
gcp.httproute		patch_one_field	false	default
gcp.httproute		setters	none	default
gcp.httproute		timeout	1200	default
gcp.httproute		update_await	longrunning	discovery
gcp.httproute		update_mask	query	mm
gcp.httproute		update_verb	PATCH	mm
gcp.httproute	createTime	output	true	discovery+mm
gcp.httproute	hostnames	required	true	mm
gcp.httproute	name	immutable	true	mm
gcp.httproute	name	required	true	mm
gcp.httproute	rules	required	true	mm
gcp.httproute	rules[].matches[].headers[].rangeMatch.end	required	true	mm
gcp.httproute	rules[].matches[].headers[].rangeMatch.start	required	true	mm
gcp.httproute	selfLink	output	true	discovery+mm
gcp.httproute	updateTime	output	true	discovery+mm
gcp.httpshealthcheck		clear_before_delete	none	default
gcp.httpshealthcheck		create_await	compute_operation	discovery
gcp.httpshealthcheck		create_url	projects/{{project}}/global/httpsHealthChecks	mm
gcp.httpshealthcheck		create_verb	POST	discovery
gcp.httpshealthcheck		delete_await	compute_operation	discovery
gcp.httpshealthcheck		delete_url	projects/{project}/global/httpsHealthChecks/{httpsHealthCheck}	discovery
gcp.httpshealthcheck		lock_field	none	default
gcp.httpshealthcheck		patch_one_field	false	default
gcp.httpshealthcheck		setters	none	default
gcp.httpshealthcheck		timeout	600	default
gcp.httpshealthcheck		update_await	compute_operation	discovery
gcp.httpshealthcheck		update_mask	none	discovery
gcp.httpshealthcheck		update_verb	PATCH	discovery
gcp.httpshealthcheck	creationTimestamp	output	true	discovery+mm
gcp.httpshealthcheck	id	output	true	discovery
gcp.httpshealthcheck	kind	output	true	discovery
gcp.httpshealthcheck	name	immutable	true	mm
gcp.httpshealthcheck	name	required	true	mm
gcp.httpshealthcheck	selfLink	output	true	discovery
gcp.iam.organization.role		clear_before_delete	none	default
gcp.iam.organization.role		create_await	none	discovery
gcp.iam.organization.role		create_url	{+parent}/roles	discovery
gcp.iam.organization.role		create_verb	POST	discovery
gcp.iam.organization.role		delete_await	none	discovery
gcp.iam.organization.role		delete_url	{+name}	discovery
gcp.iam.organization.role		lock_field	none	default
gcp.iam.organization.role		patch_one_field	false	default
gcp.iam.organization.role		setters	none	default
gcp.iam.organization.role		timeout	60	default
gcp.iam.organization.role		update_await	none	discovery
gcp.iam.organization.role		update_mask	query	discovery
gcp.iam.organization.role		update_verb	PATCH	discovery
gcp.iam.organization.role	roleId	immutable	true	discovery
gcp.iam.role		clear_before_delete	none	default
gcp.iam.role		create_await	none	discovery
gcp.iam.role		create_url	projects/{{project}}/roles	discovery
gcp.iam.role		create_verb	POST	discovery
gcp.iam.role		delete_await	none	discovery
gcp.iam.role		delete_url	{+name}	discovery
gcp.iam.role		lock_field	none	default
gcp.iam.role		patch_one_field	false	default
gcp.iam.role		setters	none	default
gcp.iam.role		timeout	60	default
gcp.iam.role		update_await	none	discovery
gcp.iam.role		update_mask	query	discovery
gcp.iam.role		update_verb	PATCH	discovery
gcp.iam.role	roleId	immutable	true	discovery
gcp.iam.serviceaccount.key		clear_before_delete	none	default
gcp.iam.serviceaccount.key		create_await	none	discovery
gcp.iam.serviceaccount.key		create_url	{+name}/keys	discovery
gcp.iam.serviceaccount.key		create_verb	POST	discovery
gcp.iam.serviceaccount.key		delete_await	none	discovery
gcp.iam.serviceaccount.key		delete_url	{+name}	discovery
gcp.iam.serviceaccount.key		lock_field	none	default
gcp.iam.serviceaccount.key		patch_one_field	false	default
gcp.iam.serviceaccount.key		setters	none	default
gcp.iam.serviceaccount.key		timeout	60	default
gcp.iam.serviceaccount.key		update_await	none	default
gcp.iam.serviceaccount.key		update_mask	none	default
gcp.iam.serviceaccount.key		update_verb	none	default
gcp.iam.workforcepool.provider		clear_before_delete	none	default
gcp.iam.workforcepool.provider		create_await	longrunning	discovery
gcp.iam.workforcepool.provider		create_url	{+parent}/providers	discovery
gcp.iam.workforcepool.provider		create_verb	POST	discovery
gcp.iam.workforcepool.provider		delete_await	longrunning	discovery
gcp.iam.workforcepool.provider		delete_url	{+name}	discovery
gcp.iam.workforcepool.provider		lock_field	none	default
gcp.iam.workforcepool.provider		patch_one_field	false	default
gcp.iam.workforcepool.provider		setters	none	default
gcp.iam.workforcepool.provider		timeout	1200	default
gcp.iam.workforcepool.provider		update_await	longrunning	discovery
gcp.iam.workforcepool.provider		update_mask	query	discovery
gcp.iam.workforcepool.provider		update_verb	PATCH	discovery
gcp.iam.workforcepool.provider	expireTime	output	true	discovery
gcp.iam.workforcepool.provider	extendedAttributesOauth2Client.clientSecret.value.plainText	input_only	true	discovery
gcp.iam.workforcepool.provider	extendedAttributesOauth2Client.clientSecret.value.thumbprint	output	true	discovery
gcp.iam.workforcepool.provider	extraAttributesOauth2Client.clientSecret.value.plainText	input_only	true	discovery
gcp.iam.workforcepool.provider	extraAttributesOauth2Client.clientSecret.value.thumbprint	output	true	discovery
gcp.iam.workforcepool.provider	oidc.clientSecret.value.plainText	input_only	true	discovery
gcp.iam.workforcepool.provider	oidc.clientSecret.value.thumbprint	output	true	discovery
gcp.iam.workforcepool.provider	state	output	true	discovery
gcp.iam.workforcepool.provider.key		clear_before_delete	none	default
gcp.iam.workforcepool.provider.key		create_await	longrunning	discovery
gcp.iam.workforcepool.provider.key		create_url	{+parent}/keys	discovery
gcp.iam.workforcepool.provider.key		create_verb	POST	discovery
gcp.iam.workforcepool.provider.key		delete_await	longrunning	discovery
gcp.iam.workforcepool.provider.key		delete_url	{+name}	discovery
gcp.iam.workforcepool.provider.key		lock_field	none	default
gcp.iam.workforcepool.provider.key		patch_one_field	false	default
gcp.iam.workforcepool.provider.key		setters	none	default
gcp.iam.workforcepool.provider.key		timeout	1200	default
gcp.iam.workforcepool.provider.key		update_await	none	default
gcp.iam.workforcepool.provider.key		update_mask	none	default
gcp.iam.workforcepool.provider.key		update_verb	none	default
gcp.iam.workforcepool.provider.key	expireTime	output	true	discovery
gcp.iam.workforcepool.provider.key	keyData	immutable	true	discovery
gcp.iam.workforcepool.provider.key	keyData.format	output	true	discovery
gcp.iam.workforcepool.provider.key	keyData.key	output	true	discovery
gcp.iam.workforcepool.provider.key	keyData.notAfterTime	output	true	discovery
gcp.iam.workforcepool.provider.key	keyData.notBeforeTime	output	true	discovery
gcp.iam.workforcepool.provider.key	state	output	true	discovery
gcp.iam.workloadidentitypool.provider		clear_before_delete	none	default
gcp.iam.workloadidentitypool.provider		create_await	longrunning	discovery
gcp.iam.workloadidentitypool.provider		create_url	{+parent}/providers	discovery
gcp.iam.workloadidentitypool.provider		create_verb	POST	discovery
gcp.iam.workloadidentitypool.provider		delete_await	longrunning	discovery
gcp.iam.workloadidentitypool.provider		delete_url	{+name}	discovery
gcp.iam.workloadidentitypool.provider		lock_field	none	default
gcp.iam.workloadidentitypool.provider		patch_one_field	false	default
gcp.iam.workloadidentitypool.provider		setters	none	default
gcp.iam.workloadidentitypool.provider		timeout	1200	default
gcp.iam.workloadidentitypool.provider		update_await	longrunning	discovery
gcp.iam.workloadidentitypool.provider		update_mask	query	discovery
gcp.iam.workloadidentitypool.provider		update_verb	PATCH	discovery
gcp.iam.workloadidentitypool.provider	expireTime	output	true	discovery
gcp.iam.workloadidentitypool.provider	state	output	true	discovery
gcp.iam.workloadidentitypool.provider.key		clear_before_delete	none	default
gcp.iam.workloadidentitypool.provider.key		create_await	longrunning	discovery
gcp.iam.workloadidentitypool.provider.key		create_url	{+parent}/keys	discovery
gcp.iam.workloadidentitypool.provider.key		create_verb	POST	discovery
gcp.iam.workloadidentitypool.provider.key		delete_await	longrunning	discovery
gcp.iam.workloadidentitypool.provider.key		delete_url	{+name}	discovery
gcp.iam.workloadidentitypool.provider.key		lock_field	none	default
gcp.iam.workloadidentitypool.provider.key		patch_one_field	false	default
gcp.iam.workloadidentitypool.provider.key		setters	none	default
gcp.iam.workloadidentitypool.provider.key		timeout	1200	default
gcp.iam.workloadidentitypool.provider.key		update_await	none	default
gcp.iam.workloadidentitypool.provider.key		update_mask	none	default
gcp.iam.workloadidentitypool.provider.key		update_verb	none	default
gcp.iam.workloadidentitypool.provider.key	expireTime	output	true	discovery
gcp.iam.workloadidentitypool.provider.key	keyData	immutable	true	discovery
gcp.iam.workloadidentitypool.provider.key	keyData.format	output	true	discovery
gcp.iam.workloadidentitypool.provider.key	keyData.key	output	true	discovery
gcp.iam.workloadidentitypool.provider.key	keyData.notAfterTime	output	true	discovery
gcp.iam.workloadidentitypool.provider.key	keyData.notBeforeTime	output	true	discovery
gcp.iam.workloadidentitypool.provider.key	state	output	true	discovery
gcp.image		clear_before_delete	none	default
gcp.image		create_await	compute_operation	discovery
gcp.image		create_url	projects/{{project}}/global/images	mm
gcp.image		create_verb	POST	discovery
gcp.image		delete_await	compute_operation	discovery
gcp.image		delete_url	projects/{project}/global/images/{image}	discovery
gcp.image		lock_field	none	default
gcp.image		patch_one_field	false	default
gcp.image		setters	labels=setLabels	mm+discovery
gcp.image		timeout	600	default
gcp.image		update_await	compute_operation	discovery
gcp.image		update_mask	none	discovery
gcp.image		update_verb	PATCH	discovery+ruling
gcp.image	architecture	immutable	true	ruling
gcp.image	archiveSizeBytes	output	true	mm
gcp.image	creationTimestamp	output	true	discovery+mm
gcp.image	deprecated	output	true	discovery
gcp.image	diskSizeGb	immutable	true	ruling
gcp.image	enableConfidentialCompute	output	true	discovery
gcp.image	guestOsFeatures	immutable	true	ruling
gcp.image	guestOsFeatures	unordered	true	mm
gcp.image	guestOsFeatures[].type	required	true	mm
gcp.image	id	output	true	discovery
gcp.image	imageEncryptionKey	immutable	true	mm+ruling
gcp.image	imageEncryptionKey.kmsKeyName	equivalence	kms_key	!mm+discovery
gcp.image	imageEncryptionKey.rawKey	input_only	true	mm
gcp.image	imageEncryptionKey.rawKey	sensitive	true	mm
gcp.image	imageEncryptionKey.rsaEncryptedKey	input_only	true	mm
gcp.image	imageEncryptionKey.rsaEncryptedKey	sensitive	true	mm
gcp.image	imageEncryptionKey.sha256	output	true	discovery
gcp.image	kind	output	true	discovery
gcp.image	labelFingerprint	output	true	mm
gcp.image	labels	immutable	false	!ruling+mm+discovery
gcp.image	licenseCodes	immutable	true	ruling
gcp.image	licenses	equivalence	self_link	mm
gcp.image	licenses	immutable	true	ruling
gcp.image	licenses[]	equivalence	self_link	mm
gcp.image	name	immutable	true	ruling
gcp.image	name	required	true	mm
gcp.image	params	immutable	true	mm+ruling
gcp.image	params	input_only	true	discovery+mm
gcp.image	params.resourceManagerTags	immutable	true	mm
gcp.image	params.resourceManagerTags	input_only	true	discovery+mm
gcp.image	rawDisk	immutable	true	ruling
gcp.image	rawDisk	input_only	true	mm
gcp.image	rawDisk.source	required	true	mm
gcp.image	satisfiesPzi	output	true	discovery
gcp.image	satisfiesPzs	output	true	discovery
gcp.image	selfLink	output	true	discovery
gcp.image	shieldedInstanceInitialState	immutable	true	ruling
gcp.image	shieldedInstanceInitialState.dbs[].content	required	true	mm
gcp.image	shieldedInstanceInitialState.dbxs[].content	required	true	mm
gcp.image	shieldedInstanceInitialState.keks[].content	required	true	mm
gcp.image	shieldedInstanceInitialState.pk.content	required	true	mm
gcp.image	sourceDisk	equivalence	self_link	mm
gcp.image	sourceDisk	immutable	true	ruling
gcp.image	sourceDiskEncryptionKey	immutable	true	mm+ruling
gcp.image	sourceDiskEncryptionKey	input_only	true	mm
gcp.image	sourceDiskEncryptionKey.kmsKeyName	equivalence	kms_key	!mm+discovery
gcp.image	sourceDiskEncryptionKey.rawKey	sensitive	true	mm
gcp.image	sourceDiskEncryptionKey.rsaEncryptedKey	sensitive	true	mm
gcp.image	sourceDiskEncryptionKey.sha256	output	true	discovery
gcp.image	sourceDiskId	output	true	discovery
gcp.image	sourceImage	equivalence	self_link	mm
gcp.image	sourceImage	immutable	true	ruling
gcp.image	sourceImageEncryptionKey	immutable	true	mm+ruling
gcp.image	sourceImageEncryptionKey	input_only	true	mm
gcp.image	sourceImageEncryptionKey.kmsKeyName	equivalence	kms_key	!mm+discovery
gcp.image	sourceImageEncryptionKey.rawKey	sensitive	true	mm
gcp.image	sourceImageEncryptionKey.rsaEncryptedKey	sensitive	true	mm
gcp.image	sourceImageEncryptionKey.sha256	output	true	discovery
gcp.image	sourceImageId	output	true	discovery
gcp.image	sourceSnapshot	equivalence	self_link	mm
gcp.image	sourceSnapshot	immutable	true	ruling
gcp.image	sourceSnapshotEncryptionKey	immutable	true	mm+ruling
gcp.image	sourceSnapshotEncryptionKey	input_only	true	mm
gcp.image	sourceSnapshotEncryptionKey.kmsKeyName	equivalence	kms_key	!mm+discovery
gcp.image	sourceSnapshotEncryptionKey.rawKey	sensitive	true	mm
gcp.image	sourceSnapshotEncryptionKey.rsaEncryptedKey	sensitive	true	mm
gcp.image	sourceSnapshotEncryptionKey.sha256	output	true	discovery
gcp.image	sourceSnapshotId	output	true	discovery
gcp.image	sourceType	immutable	true	ruling
gcp.image	status	output	true	discovery
gcp.image	storageLocations	immutable	true	ruling
gcp.instancegroupmanagerresizerequest		clear_before_delete	none	default
gcp.instancegroupmanagerresizerequest		create_await	compute_operation	discovery
gcp.instancegroupmanagerresizerequest		create_url	projects/{project}/zones/{zone}/instanceGroupManagers/{instanceGroupManager}/resizeRequests	discovery
gcp.instancegroupmanagerresizerequest		create_verb	POST	discovery
gcp.instancegroupmanagerresizerequest		delete_await	compute_operation	discovery
gcp.instancegroupmanagerresizerequest		delete_url	projects/{project}/zones/{zone}/instanceGroupManagers/{instanceGroupManager}/resizeRequests/{resizeRequest}	discovery
gcp.instancegroupmanagerresizerequest		lock_field	none	default
gcp.instancegroupmanagerresizerequest		patch_one_field	false	default
gcp.instancegroupmanagerresizerequest		setters	none	default
gcp.instancegroupmanagerresizerequest		timeout	600	default
gcp.instancegroupmanagerresizerequest		update_await	none	default
gcp.instancegroupmanagerresizerequest		update_mask	none	default
gcp.instancegroupmanagerresizerequest		update_verb	none	default
gcp.instancegroupmanagerresizerequest	creationTimestamp	output	true	discovery
gcp.instancegroupmanagerresizerequest	id	output	true	discovery
gcp.instancegroupmanagerresizerequest	instanceGroupManager	immutable	true	discovery
gcp.instancegroupmanagerresizerequest	instanceGroupManager	required	true	discovery
gcp.instancegroupmanagerresizerequest	kind	output	true	discovery
gcp.instancegroupmanagerresizerequest	region	output	true	discovery
gcp.instancegroupmanagerresizerequest	selfLink	output	true	discovery
gcp.instancegroupmanagerresizerequest	selfLinkWithId	output	true	discovery
gcp.instancegroupmanagerresizerequest	state	output	true	discovery
gcp.instancegroupmanagerresizerequest	status	output	true	discovery
gcp.instancegroupmanagerresizerequest	status.error	output	true	discovery
gcp.instancegroupmanagerresizerequest	status.error.errors	output	true	discovery
gcp.instancegroupmanagerresizerequest	status.error.errors[].code	output	true	discovery
gcp.instancegroupmanagerresizerequest	status.error.errors[].errorDetails	output	true	discovery
gcp.instancegroupmanagerresizerequest	status.error.errors[].location	output	true	discovery
gcp.instancegroupmanagerresizerequest	status.error.errors[].message	output	true	discovery
gcp.instancegroupmanagerresizerequest	status.lastAttempt	output	true	discovery
gcp.instancegroupmanagerresizerequest	status.lastAttempt.error	output	true	discovery
gcp.instancegroupmanagerresizerequest	status.lastAttempt.error.errors	output	true	discovery
gcp.instancegroupmanagerresizerequest	status.lastAttempt.error.errors[].code	output	true	discovery
gcp.instancegroupmanagerresizerequest	status.lastAttempt.error.errors[].errorDetails	output	true	discovery
gcp.instancegroupmanagerresizerequest	status.lastAttempt.error.errors[].location	output	true	discovery
gcp.instancegroupmanagerresizerequest	status.lastAttempt.error.errors[].message	output	true	discovery
gcp.instancegroupmanagerresizerequest	zone	output	true	discovery
gcp.instancetemplate		clear_before_delete	none	default
gcp.instancetemplate		create_await	compute_operation	discovery
gcp.instancetemplate		create_url	projects/{{project}}/global/instanceTemplates	mm
gcp.instancetemplate		create_verb	POST	discovery
gcp.instancetemplate		delete_await	compute_operation	discovery
gcp.instancetemplate		delete_url	projects/{project}/global/instanceTemplates/{instanceTemplate}	discovery
gcp.instancetemplate		lock_field	none	default
gcp.instancetemplate		patch_one_field	false	default
gcp.instancetemplate		setters	none	default
gcp.instancetemplate		timeout	600	default
gcp.instancetemplate		update_await	none	default
gcp.instancetemplate		update_mask	none	default
gcp.instancetemplate		update_verb	none	default
gcp.instancetemplate	creationTimestamp	output	true	discovery
gcp.instancetemplate	id	output	true	discovery
gcp.instancetemplate	kind	output	true	discovery
gcp.instancetemplate	name	immutable	true	mm
gcp.instancetemplate	name	required	true	mm
gcp.instancetemplate	properties.disks[].architecture	output	true	discovery
gcp.instancetemplate	properties.disks[].diskEncryptionKey.kmsKeyName	equivalence	kms_key	discovery
gcp.instancetemplate	properties.disks[].diskEncryptionKey.sha256	output	true	discovery
gcp.instancetemplate	properties.disks[].forceAttach	input_only	true	discovery
gcp.instancetemplate	properties.disks[].index	output	true	discovery
gcp.instancetemplate	properties.disks[].initializeParams	input_only	true	discovery
gcp.instancetemplate	properties.disks[].initializeParams.resourceManagerTags	input_only	true	discovery
gcp.instancetemplate	properties.disks[].initializeParams.sourceImageEncryptionKey.kmsKeyName	equivalence	kms_key	discovery
gcp.instancetemplate	properties.disks[].initializeParams.sourceImageEncryptionKey.sha256	output	true	discovery
gcp.instancetemplate	properties.disks[].initializeParams.sourceSnapshotEncryptionKey.kmsKeyName	equivalence	kms_key	discovery
gcp.instancetemplate	properties.disks[].initializeParams.sourceSnapshotEncryptionKey.sha256	output	true	discovery
gcp.instancetemplate	properties.disks[].kind	output	true	discovery
gcp.instancetemplate	properties.disks[].licenses	output	true	discovery
gcp.instancetemplate	properties.disks[].savedState	output	true	discovery
gcp.instancetemplate	properties.disks[].shieldedInstanceInitialState	output	true	discovery
gcp.instancetemplate	properties.metadata.kind	output	true	discovery
gcp.instancetemplate	properties.networkInterfaces[].accessConfigs[].kind	output	true	discovery
gcp.instancetemplate	properties.networkInterfaces[].ipv6AccessConfigs[].kind	output	true	discovery
gcp.instancetemplate	properties.networkInterfaces[].ipv6AccessType	output	true	discovery
gcp.instancetemplate	properties.networkInterfaces[].kind	output	true	discovery
gcp.instancetemplate	properties.networkInterfaces[].name	output	true	discovery
gcp.instancetemplate	properties.resourceManagerTags	input_only	true	discovery
gcp.instancetemplate	region	output	true	discovery
gcp.instancetemplate	selfLink	output	true	discovery
gcp.instantsnapshot		clear_before_delete	none	default
gcp.instantsnapshot		create_await	compute_operation	discovery
gcp.instantsnapshot		create_url	projects/{{project}}/zones/{{zone}}/instantSnapshots	mm
gcp.instantsnapshot		create_verb	POST	discovery
gcp.instantsnapshot		delete_await	compute_operation	discovery
gcp.instantsnapshot		delete_url	projects/{project}/zones/{zone}/instantSnapshots/{instantSnapshot}	discovery
gcp.instantsnapshot		lock_field	none	default
gcp.instantsnapshot		patch_one_field	false	default
gcp.instantsnapshot		setters	labels=setLabels	mm+discovery
gcp.instantsnapshot		timeout	600	default
gcp.instantsnapshot		update_await	none	default
gcp.instantsnapshot		update_mask	none	default
gcp.instantsnapshot		update_verb	none	default
gcp.instantsnapshot	architecture	output	true	discovery
gcp.instantsnapshot	creationTimestamp	output	true	discovery+mm
gcp.instantsnapshot	description	immutable	true	discovery
gcp.instantsnapshot	diskSizeGb	output	true	discovery+mm
gcp.instantsnapshot	id	output	true	discovery
gcp.instantsnapshot	kind	output	true	discovery
gcp.instantsnapshot	labelFingerprint	output	true	mm
gcp.instantsnapshot	name	immutable	true	mm+discovery
gcp.instantsnapshot	name	required	true	mm
gcp.instantsnapshot	params	immutable	true	mm+discovery
gcp.instantsnapshot	params	input_only	true	discovery+mm
gcp.instantsnapshot	params.resourceManagerTags	input_only	true	discovery+mm
gcp.instantsnapshot	region	output	true	discovery
gcp.instantsnapshot	resourceStatus	output	true	discovery
gcp.instantsnapshot	resourceStatus.storageSizeBytes	output	true	discovery
gcp.instantsnapshot	satisfiesPzi	output	true	discovery
gcp.instantsnapshot	satisfiesPzs	output	true	discovery
gcp.instantsnapshot	selfLink	output	true	discovery
gcp.instantsnapshot	selfLinkWithId	output	true	discovery
gcp.instantsnapshot	sourceDisk	equivalence	self_link	mm
gcp.instantsnapshot	sourceDisk	immutable	true	mm+discovery
gcp.instantsnapshot	sourceDisk	required	true	mm
gcp.instantsnapshot	sourceDiskId	output	true	discovery+mm
gcp.instantsnapshot	sourceInstantSnapshotGroup	output	true	discovery
gcp.instantsnapshot	sourceInstantSnapshotGroupId	output	true	discovery
gcp.instantsnapshot	status	output	true	discovery
gcp.instantsnapshot	zone	equivalence	self_link	mm
gcp.instantsnapshot	zone	output	true	discovery
gcp.instantsnapshotgroup		clear_before_delete	none	default
gcp.instantsnapshotgroup		create_await	compute_operation	discovery
gcp.instantsnapshotgroup		create_url	projects/{project}/zones/{zone}/instantSnapshotGroups	discovery
gcp.instantsnapshotgroup		create_verb	POST	discovery
gcp.instantsnapshotgroup		delete_await	compute_operation	discovery
gcp.instantsnapshotgroup		delete_url	projects/{project}/zones/{zone}/instantSnapshotGroups/{instantSnapshotGroup}	discovery
gcp.instantsnapshotgroup		lock_field	none	default
gcp.instantsnapshotgroup		patch_one_field	false	default
gcp.instantsnapshotgroup		setters	none	default
gcp.instantsnapshotgroup		timeout	600	default
gcp.instantsnapshotgroup		update_await	none	default
gcp.instantsnapshotgroup		update_mask	none	default
gcp.instantsnapshotgroup		update_verb	none	default
gcp.instantsnapshotgroup	creationTimestamp	output	true	discovery
gcp.instantsnapshotgroup	id	output	true	discovery
gcp.instantsnapshotgroup	kind	output	true	discovery
gcp.instantsnapshotgroup	region	output	true	discovery
gcp.instantsnapshotgroup	resourceStatus	output	true	discovery
gcp.instantsnapshotgroup	resourceStatus.consistencyMembershipResolutionTime	output	true	discovery
gcp.instantsnapshotgroup	resourceStatus.sourceInfo	output	true	discovery
gcp.instantsnapshotgroup	resourceStatus.sourceInfo.consistencyGroup	output	true	discovery
gcp.instantsnapshotgroup	resourceStatus.sourceInfo.consistencyGroupId	output	true	discovery
gcp.instantsnapshotgroup	selfLink	output	true	discovery
gcp.instantsnapshotgroup	selfLinkWithId	output	true	discovery
gcp.instantsnapshotgroup	status	output	true	discovery
gcp.instantsnapshotgroup	zone	output	true	discovery
gcp.interceptdeployment		clear_before_delete	none	default
gcp.interceptdeployment		create_await	longrunning	discovery
gcp.interceptdeployment		create_url	projects/{{project}}/locations/{{location}}/interceptDeployments?interceptDeploymentId={{intercept_deployment_id}}	mm
gcp.interceptdeployment		create_verb	POST	discovery
gcp.interceptdeployment		delete_await	longrunning	discovery
gcp.interceptdeployment		delete_url	projects/{{project}}/locations/{{location}}/interceptDeployments/{{intercept_deployment_id}}	mm
gcp.interceptdeployment		lock_field	none	default
gcp.interceptdeployment		patch_one_field	false	default
gcp.interceptdeployment		setters	none	default
gcp.interceptdeployment		timeout	1200	default
gcp.interceptdeployment		update_await	longrunning	discovery
gcp.interceptdeployment		update_mask	query	mm
gcp.interceptdeployment		update_verb	PATCH	mm
gcp.interceptdeployment	createTime	output	true	discovery+mm
gcp.interceptdeployment	forwardingRule	immutable	true	discovery+mm
gcp.interceptdeployment	forwardingRule	required	true	mm
gcp.interceptdeployment	interceptDeploymentGroup	immutable	true	discovery+mm
gcp.interceptdeployment	interceptDeploymentGroup	required	true	mm
gcp.interceptdeployment	intercept_deployment_id	immutable	true	mm
gcp.interceptdeployment	intercept_deployment_id	required	true	mm
gcp.interceptdeployment	name	immutable	true	discovery
gcp.interceptdeployment	name	output	true	mm
gcp.interceptdeployment	reconciling	output	true	discovery+mm
gcp.interceptdeployment	state	output	true	discovery+mm
gcp.interceptdeployment	updateTime	output	true	discovery+mm
gcp.interceptdeploymentgroup		clear_before_delete	none	default
gcp.interceptdeploymentgroup		create_await	longrunning	discovery
gcp.interceptdeploymentgroup		create_url	projects/{{project}}/locations/{{location}}/interceptDeploymentGroups?interceptDeploymentGroupId={{intercept_deployment_group_id}}	mm
gcp.interceptdeploymentgroup		create_verb	POST	discovery
gcp.interceptdeploymentgroup		delete_await	longrunning	discovery
gcp.interceptdeploymentgroup		delete_url	projects/{{project}}/locations/{{location}}/interceptDeploymentGroups/{{intercept_deployment_group_id}}	mm
gcp.interceptdeploymentgroup		lock_field	none	default
gcp.interceptdeploymentgroup		patch_one_field	false	default
gcp.interceptdeploymentgroup		setters	none	default
gcp.interceptdeploymentgroup		timeout	1200	default
gcp.interceptdeploymentgroup		update_await	longrunning	discovery
gcp.interceptdeploymentgroup		update_mask	query	mm
gcp.interceptdeploymentgroup		update_verb	PATCH	mm
gcp.interceptdeploymentgroup	connectedEndpointGroups	output	true	discovery+mm
gcp.interceptdeploymentgroup	connectedEndpointGroups[].name	output	true	discovery+mm
gcp.interceptdeploymentgroup	createTime	output	true	discovery+mm
gcp.interceptdeploymentgroup	intercept_deployment_group_id	immutable	true	mm
gcp.interceptdeploymentgroup	intercept_deployment_group_id	required	true	mm
gcp.interceptdeploymentgroup	locations	output	true	discovery+mm
gcp.interceptdeploymentgroup	locations	unordered	true	mm
gcp.interceptdeploymentgroup	locations[].location	output	true	discovery+mm
gcp.interceptdeploymentgroup	locations[].state	output	true	discovery+mm
gcp.interceptdeploymentgroup	name	immutable	true	discovery
gcp.interceptdeploymentgroup	name	output	true	mm
gcp.interceptdeploymentgroup	nestedDeployments	output	true	discovery
gcp.interceptdeploymentgroup	nestedDeployments[].name	output	true	discovery
gcp.interceptdeploymentgroup	nestedDeployments[].state	output	true	discovery
gcp.interceptdeploymentgroup	network	immutable	true	discovery+mm
gcp.interceptdeploymentgroup	network	required	true	mm
gcp.interceptdeploymentgroup	reconciling	output	true	discovery+mm
gcp.interceptdeploymentgroup	state	output	true	discovery+mm
gcp.interceptdeploymentgroup	updateTime	output	true	discovery+mm
gcp.interceptendpointgroup		clear_before_delete	none	default
gcp.interceptendpointgroup		create_await	longrunning	discovery
gcp.interceptendpointgroup		create_url	projects/{{project}}/locations/{{location}}/interceptEndpointGroups?interceptEndpointGroupId={{intercept_endpoint_group_id}}	mm
gcp.interceptendpointgroup		create_verb	POST	discovery
gcp.interceptendpointgroup		delete_await	longrunning	discovery
gcp.interceptendpointgroup		delete_url	projects/{{project}}/locations/{{location}}/interceptEndpointGroups/{{intercept_endpoint_group_id}}	mm
gcp.interceptendpointgroup		lock_field	none	default
gcp.interceptendpointgroup		patch_one_field	false	default
gcp.interceptendpointgroup		setters	none	default
gcp.interceptendpointgroup		timeout	1200	default
gcp.interceptendpointgroup		update_await	longrunning	discovery
gcp.interceptendpointgroup		update_mask	query	mm
gcp.interceptendpointgroup		update_verb	PATCH	mm
gcp.interceptendpointgroup	associations	output	true	discovery+mm
gcp.interceptendpointgroup	associations	unordered	true	mm
gcp.interceptendpointgroup	associations[].name	output	true	discovery+mm
gcp.interceptendpointgroup	associations[].network	output	true	discovery+mm
gcp.interceptendpointgroup	associations[].state	output	true	discovery+mm
gcp.interceptendpointgroup	connectedDeploymentGroup	output	true	discovery+mm
gcp.interceptendpointgroup	connectedDeploymentGroup.locations	output	true	discovery+mm
gcp.interceptendpointgroup	connectedDeploymentGroup.locations	unordered	true	mm
gcp.interceptendpointgroup	connectedDeploymentGroup.locations[].location	output	true	discovery+mm
gcp.interceptendpointgroup	connectedDeploymentGroup.locations[].state	output	true	discovery+mm
gcp.interceptendpointgroup	connectedDeploymentGroup.name	output	true	discovery+mm
gcp.interceptendpointgroup	createTime	output	true	discovery+mm
gcp.interceptendpointgroup	interceptDeploymentGroup	immutable	true	discovery+mm
gcp.interceptendpointgroup	interceptDeploymentGroup	required	true	mm
gcp.interceptendpointgroup	intercept_endpoint_group_id	immutable	true	mm
gcp.interceptendpointgroup	intercept_endpoint_group_id	required	true	mm
gcp.interceptendpointgroup	name	immutable	true	discovery
gcp.interceptendpointgroup	name	output	true	mm
gcp.interceptendpointgroup	reconciling	output	true	discovery+mm
gcp.interceptendpointgroup	state	output	true	discovery+mm
gcp.interceptendpointgroup	updateTime	output	true	discovery+mm
gcp.interceptendpointgroupassociation		clear_before_delete	none	default
gcp.interceptendpointgroupassociation		create_await	longrunning	discovery
gcp.interceptendpointgroupassociation		create_url	projects/{{project}}/locations/{{location}}/interceptEndpointGroupAssociations?interceptEndpointGroupAssociationId={{intercept_endpoint_group_association_id}}	mm
gcp.interceptendpointgroupassociation		create_verb	POST	discovery
gcp.interceptendpointgroupassociation		delete_await	longrunning	discovery
gcp.interceptendpointgroupassociation		delete_url	projects/{{project}}/locations/{{location}}/interceptEndpointGroupAssociations/{{intercept_endpoint_group_association_id}}	mm
gcp.interceptendpointgroupassociation		lock_field	none	default
gcp.interceptendpointgroupassociation		patch_one_field	false	default
gcp.interceptendpointgroupassociation		setters	none	default
gcp.interceptendpointgroupassociation		timeout	1200	default
gcp.interceptendpointgroupassociation		update_await	longrunning	discovery
gcp.interceptendpointgroupassociation		update_mask	query	mm
gcp.interceptendpointgroupassociation		update_verb	PATCH	mm
gcp.interceptendpointgroupassociation	createTime	output	true	discovery+mm
gcp.interceptendpointgroupassociation	interceptEndpointGroup	immutable	true	discovery+mm
gcp.interceptendpointgroupassociation	interceptEndpointGroup	required	true	mm
gcp.interceptendpointgroupassociation	intercept_endpoint_group_association_id	immutable	true	mm
gcp.interceptendpointgroupassociation	intercept_endpoint_group_association_id	required	true	mm
gcp.interceptendpointgroupassociation	locations	output	true	discovery+mm
gcp.interceptendpointgroupassociation	locations	unordered	true	mm
gcp.interceptendpointgroupassociation	locationsDetails	output	true	discovery+mm
gcp.interceptendpointgroupassociation	locationsDetails[].location	output	true	discovery+mm
gcp.interceptendpointgroupassociation	locationsDetails[].state	output	true	discovery+mm
gcp.interceptendpointgroupassociation	locations[].location	output	true	discovery+mm
gcp.interceptendpointgroupassociation	locations[].state	output	true	discovery+mm
gcp.interceptendpointgroupassociation	name	immutable	true	discovery
gcp.interceptendpointgroupassociation	name	output	true	mm
gcp.interceptendpointgroupassociation	network	immutable	true	discovery+mm
gcp.interceptendpointgroupassociation	network	required	true	mm
gcp.interceptendpointgroupassociation	networkCookie	output	true	discovery
gcp.interceptendpointgroupassociation	reconciling	output	true	discovery+mm
gcp.interceptendpointgroupassociation	state	output	true	discovery+mm
gcp.interceptendpointgroupassociation	updateTime	output	true	discovery+mm
gcp.interconnect		clear_before_delete	none	default
gcp.interconnect		create_await	compute_operation	discovery
gcp.interconnect		create_url	projects/{{project}}/global/interconnects	mm
gcp.interconnect		create_verb	POST	discovery
gcp.interconnect		delete_await	compute_operation	discovery
gcp.interconnect		delete_url	projects/{{project}}/global/interconnects/{{name}}	mm
gcp.interconnect		lock_field	none	default
gcp.interconnect		patch_one_field	false	default
gcp.interconnect		setters	labels=setLabels	mm+discovery
gcp.interconnect		timeout	600	default
gcp.interconnect		update_await	compute_operation	discovery
gcp.interconnect		update_mask	none	default
gcp.interconnect		update_verb	PATCH	mm
gcp.interconnect	availableFeatures	output	true	discovery+mm
gcp.interconnect	circuitInfos	output	true	discovery+mm
gcp.interconnect	circuitInfos[].customerDemarcId	output	true	mm
gcp.interconnect	circuitInfos[].googleCircuitId	output	true	mm
gcp.interconnect	circuitInfos[].googleDemarcId	output	true	mm
gcp.interconnect	creationTimestamp	output	true	discovery+mm
gcp.interconnect	customerName	immutable	true	mm
gcp.interconnect	effectiveLocation	equivalence	self_link	mm
gcp.interconnect	effectiveLocation	output	true	discovery+mm
gcp.interconnect	expectedOutages	output	true	discovery+mm
gcp.interconnect	expectedOutages[].affectedCircuits	output	true	mm
gcp.interconnect	expectedOutages[].description	output	true	mm
gcp.interconnect	expectedOutages[].endTime	output	true	mm
gcp.interconnect	expectedOutages[].issueType	output	true	mm
gcp.interconnect	expectedOutages[].name	output	true	mm
gcp.interconnect	expectedOutages[].source	output	true	mm
gcp.interconnect	expectedOutages[].startTime	output	true	mm
gcp.interconnect	expectedOutages[].state	output	true	mm
gcp.interconnect	googleIpAddress	output	true	discovery+mm
gcp.interconnect	googleReferenceId	output	true	discovery+mm
gcp.interconnect	id	output	true	discovery
gcp.interconnect	interconnectAttachments	output	true	discovery+mm
gcp.interconnect	interconnectGroups	output	true	discovery+mm
gcp.interconnect	interconnectGroups	unordered	true	mm
gcp.interconnect	interconnectType	immutable	true	mm
gcp.interconnect	interconnectType	required	true	mm
gcp.interconnect	kind	output	true	discovery
gcp.interconnect	linkType	immutable	true	mm
gcp.interconnect	linkType	required	true	mm
gcp.interconnect	location	equivalence	self_link	mm
gcp.interconnect	location	required	true	mm
gcp.interconnect	macsec.preSharedKeys	required	true	mm
gcp.interconnect	macsec.preSharedKeys[].name	required	true	mm
gcp.interconnect	name	immutable	true	mm
gcp.interconnect	name	required	true	mm
gcp.interconnect	operationalStatus	output	true	discovery+mm
gcp.interconnect	params	immutable	true	mm
gcp.interconnect	params	input_only	true	discovery+mm
gcp.interconnect	params.resourceManagerTags	input_only	true	mm
gcp.interconnect	peerIpAddress	output	true	discovery+mm
gcp.interconnect	provisionedLinkCount	output	true	discovery+mm
gcp.interconnect	remoteLocation	immutable	true	mm
gcp.interconnect	requestedFeatures	immutable	true	mm
gcp.interconnect	requestedLinkCount	required	true	mm
gcp.interconnect	satisfiesPzs	output	true	discovery+mm
gcp.interconnect	selfLink	output	true	discovery
gcp.interconnect	selfLinkWithId	output	true	discovery
gcp.interconnect	state	output	true	discovery+mm
gcp.interconnect	wireGroups	output	true	discovery+mm
gcp.interconnectattachmentgroup		clear_before_delete	none	default
gcp.interconnectattachmentgroup		create_await	compute_operation	discovery
gcp.interconnectattachmentgroup		create_url	projects/{{project}}/global/interconnectAttachmentGroups	mm
gcp.interconnectattachmentgroup		create_verb	POST	discovery
gcp.interconnectattachmentgroup		delete_await	compute_operation	discovery
gcp.interconnectattachmentgroup		delete_url	projects/{{project}}/global/interconnectAttachmentGroups/{{name}}	mm
gcp.interconnectattachmentgroup		lock_field	none	default
gcp.interconnectattachmentgroup		patch_one_field	false	default
gcp.interconnectattachmentgroup		setters	none	default
gcp.interconnectattachmentgroup		timeout	600	default
gcp.interconnectattachmentgroup		update_await	compute_operation	discovery
gcp.interconnectattachmentgroup		update_mask	none	default
gcp.interconnectattachmentgroup		update_verb	PATCH	mm
gcp.interconnectattachmentgroup	configured	output	true	discovery+mm
gcp.interconnectattachmentgroup	configured.availabilitySla	output	true	discovery+mm
gcp.interconnectattachmentgroup	configured.availabilitySla.effectiveSla	output	true	discovery+mm
gcp.interconnectattachmentgroup	configured.availabilitySla.intendedSlaBlockers	output	true	discovery+mm
gcp.interconnectattachmentgroup	configured.availabilitySla.intendedSlaBlockers[].attachments	output	true	discovery+mm
gcp.interconnectattachmentgroup	configured.availabilitySla.intendedSlaBlockers[].blockerType	output	true	discovery+mm
gcp.interconnectattachmentgroup	configured.availabilitySla.intendedSlaBlockers[].documentationLink	output	true	discovery+mm
gcp.interconnectattachmentgroup	configured.availabilitySla.intendedSlaBlockers[].explanation	output	true	discovery+mm
gcp.interconnectattachmentgroup	configured.availabilitySla.intendedSlaBlockers[].metros	output	true	discovery+mm
gcp.interconnectattachmentgroup	configured.availabilitySla.intendedSlaBlockers[].regions	output	true	discovery+mm
gcp.interconnectattachmentgroup	configured.availabilitySla.intendedSlaBlockers[].zones	output	true	discovery+mm
gcp.interconnectattachmentgroup	creationTimestamp	output	true	discovery+mm
gcp.interconnectattachmentgroup	id	output	true	discovery
gcp.interconnectattachmentgroup	intent	required	true	mm
gcp.interconnectattachmentgroup	kind	output	true	discovery
gcp.interconnectattachmentgroup	logicalStructure	output	true	discovery+mm
gcp.interconnectattachmentgroup	logicalStructure.regions	output	true	discovery+mm
gcp.interconnectattachmentgroup	logicalStructure.regions[].metros	output	true	discovery+mm
gcp.interconnectattachmentgroup	logicalStructure.regions[].metros[].facilities	output	true	discovery+mm
gcp.interconnectattachmentgroup	logicalStructure.regions[].metros[].facilities[].facility	output	true	discovery+mm
gcp.interconnectattachmentgroup	logicalStructure.regions[].metros[].facilities[].zones	output	true	discovery+mm
gcp.interconnectattachmentgroup	logicalStructure.regions[].metros[].facilities[].zones[].attachments	output	true	discovery+mm
gcp.interconnectattachmentgroup	logicalStructure.regions[].metros[].facilities[].zones[].zone	output	true	discovery+mm
gcp.interconnectattachmentgroup	logicalStructure.regions[].metros[].metro	output	true	discovery+mm
gcp.interconnectattachmentgroup	logicalStructure.regions[].region	output	true	discovery+mm
gcp.interconnectattachmentgroup	name	immutable	true	mm
gcp.interconnectattachmentgroup	name	required	true	mm
gcp.interconnectattachmentgroup	selfLink	output	true	discovery
gcp.interconnectgroup		clear_before_delete	none	default
gcp.interconnectgroup		create_await	compute_operation	discovery
gcp.interconnectgroup		create_url	projects/{{project}}/global/interconnectGroups	mm
gcp.interconnectgroup		create_verb	POST	discovery
gcp.interconnectgroup		delete_await	compute_operation	discovery
gcp.interconnectgroup		delete_url	projects/{{project}}/global/interconnectGroups/{{name}}	mm
gcp.interconnectgroup		lock_field	none	default
gcp.interconnectgroup		patch_one_field	false	default
gcp.interconnectgroup		setters	none	default
gcp.interconnectgroup		timeout	600	default
gcp.interconnectgroup		update_await	compute_operation	discovery
gcp.interconnectgroup		update_mask	none	default
gcp.interconnectgroup		update_verb	PATCH	mm
gcp.interconnectgroup	configured	output	true	discovery+mm
gcp.interconnectgroup	configured.topologyCapability	output	true	discovery+mm
gcp.interconnectgroup	configured.topologyCapability.intendedCapabilityBlockers	output	true	discovery+mm
gcp.interconnectgroup	configured.topologyCapability.intendedCapabilityBlockers[].blockerType	output	true	discovery+mm
gcp.interconnectgroup	configured.topologyCapability.intendedCapabilityBlockers[].documentationLink	output	true	discovery+mm
gcp.interconnectgroup	configured.topologyCapability.intendedCapabilityBlockers[].explanation	output	true	discovery+mm
gcp.interconnectgroup	configured.topologyCapability.intendedCapabilityBlockers[].facilities	output	true	discovery+mm
gcp.interconnectgroup	configured.topologyCapability.intendedCapabilityBlockers[].interconnects	output	true	discovery+mm
gcp.interconnectgroup	configured.topologyCapability.intendedCapabilityBlockers[].metros	output	true	discovery+mm
gcp.interconnectgroup	configured.topologyCapability.intendedCapabilityBlockers[].zones	output	true	discovery+mm
gcp.interconnectgroup	configured.topologyCapability.supportedSla	output	true	discovery+mm
gcp.interconnectgroup	creationTimestamp	output	true	discovery+mm
gcp.interconnectgroup	id	output	true	discovery
gcp.interconnectgroup	intent	required	true	mm
gcp.interconnectgroup	kind	output	true	discovery
gcp.interconnectgroup	name	immutable	true	mm
gcp.interconnectgroup	name	required	true	mm
gcp.interconnectgroup	physicalStructure	output	true	discovery+mm
gcp.interconnectgroup	physicalStructure.metros	output	true	discovery+mm
gcp.interconnectgroup	physicalStructure.metros[].facilities	output	true	discovery+mm
gcp.interconnectgroup	physicalStructure.metros[].facilities[].facility	output	true	discovery+mm
gcp.interconnectgroup	physicalStructure.metros[].facilities[].zones	output	true	discovery+mm
gcp.interconnectgroup	physicalStructure.metros[].facilities[].zones[].interconnects	output	true	discovery+mm
gcp.interconnectgroup	physicalStructure.metros[].facilities[].zones[].zone	output	true	discovery+mm
gcp.interconnectgroup	physicalStructure.metros[].metro	output	true	discovery+mm
gcp.interconnectgroup	selfLink	output	true	discovery
gcp.job		clear_before_delete	none	default
gcp.job		create_await	longrunning	discovery
gcp.job		create_url	projects/{{project}}/locations/{{location}}/jobs?jobId={{jobId}}	discovery
gcp.job		create_verb	POST	discovery
gcp.job		delete_await	longrunning	discovery
gcp.job		delete_url	{+name}	discovery
gcp.job		lock_field	none	default
gcp.job		patch_one_field	false	default
gcp.job		setters	none	default
gcp.job		timeout	1200	default
gcp.job		update_await	longrunning	discovery
gcp.job		update_mask	none	discovery
gcp.job		update_verb	PATCH	discovery
gcp.job	conditions	output	true	discovery
gcp.job	conditions[].executionReason	output	true	discovery
gcp.job	conditions[].instanceReason	output	true	discovery
gcp.job	conditions[].reason	output	true	discovery
gcp.job	conditions[].revisionReason	output	true	discovery
gcp.job	createTime	output	true	discovery
gcp.job	creator	output	true	discovery
gcp.job	deleteTime	output	true	discovery
gcp.job	executionCount	output	true	discovery
gcp.job	expireTime	output	true	discovery
gcp.job	generation	output	true	discovery
gcp.job	jobId	immutable	true	discovery
gcp.job	lastModifier	output	true	discovery
gcp.job	latestCreatedExecution	output	true	discovery
gcp.job	name	output	true	discovery
gcp.job	observedGeneration	output	true	discovery
gcp.job	reconciling	output	true	discovery
gcp.job	satisfiesPzs	output	true	discovery
gcp.job	template.template.containers[].buildInfo	output	true	discovery
gcp.job	template.template.containers[].buildInfo.functionTarget	output	true	discovery
gcp.job	template.template.containers[].buildInfo.sourceLocation	output	true	discovery
gcp.job	template.template.containers[].sourceCode.inlinedSource	input_only	true	discovery
gcp.job	template.template.containers[].sourceCode.inlinedSource.sources	input_only	true	discovery
gcp.job	template.template.containers[].sourceCode.inlinedSource.sources[].content	input_only	true	discovery
gcp.job	template.template.containers[].sourceCode.inlinedSource.sources[].filename	input_only	true	discovery
gcp.job	terminalCondition	output	true	discovery
gcp.job	terminalCondition.executionReason	output	true	discovery
gcp.job	terminalCondition.instanceReason	output	true	discovery
gcp.job	terminalCondition.reason	output	true	discovery
gcp.job	terminalCondition.revisionReason	output	true	discovery
gcp.job	uid	output	true	discovery
gcp.job	updateTime	output	true	discovery
gcp.keyring		clear_before_delete	none	default
gcp.keyring		create_await	none	discovery
gcp.keyring		create_url	projects/{{project}}/locations/{{location}}/keyRings?keyRingId={{keyRingId}}	mm
gcp.keyring		create_verb	POST	discovery
gcp.keyring		delete_await	longrunning	discovery
gcp.keyring		delete_url	projects/{{project}}/locations/{{location}}/keyRings/{{name}}	mm
gcp.keyring		lock_field	none	default
gcp.keyring		patch_one_field	false	default
gcp.keyring		setters	none	default
gcp.keyring		timeout	1200	default
gcp.keyring		update_await	none	default
gcp.keyring		update_mask	none	default
gcp.keyring		update_verb	none	default
gcp.keyring	createTime	output	true	discovery
gcp.keyring	keyRingId	immutable	true	discovery
gcp.keyring	name	output	true	discovery
gcp.keyring	name	required	false	!mm+discovery
gcp.lbedgeextension		clear_before_delete	none	default
gcp.lbedgeextension		create_await	longrunning	discovery
gcp.lbedgeextension		create_url	projects/{{project}}/locations/{{location}}/lbEdgeExtensions?lbEdgeExtensionId={{name}}	mm
gcp.lbedgeextension		create_verb	POST	discovery
gcp.lbedgeextension		delete_await	longrunning	discovery
gcp.lbedgeextension		delete_url	projects/{{project}}/locations/{{location}}/lbEdgeExtensions/{{name}}	mm
gcp.lbedgeextension		lock_field	none	default
gcp.lbedgeextension		patch_one_field	false	default
gcp.lbedgeextension		setters	none	default
gcp.lbedgeextension		timeout	1200	default
gcp.lbedgeextension		update_await	longrunning	discovery
gcp.lbedgeextension		update_mask	query	mm
gcp.lbedgeextension		update_verb	PATCH	mm
gcp.lbedgeextension	createTime	output	true	discovery
gcp.lbedgeextension	extensionChains	required	true	mm
gcp.lbedgeextension	extensionChains[].extensions	required	true	mm
gcp.lbedgeextension	extensionChains[].extensions[].name	required	true	mm
gcp.lbedgeextension	extensionChains[].extensions[].service	required	true	mm
gcp.lbedgeextension	extensionChains[].matchCondition	required	true	mm
gcp.lbedgeextension	extensionChains[].matchCondition.celExpression	required	true	mm
gcp.lbedgeextension	extensionChains[].name	required	true	mm
gcp.lbedgeextension	forwardingRules	required	true	mm
gcp.lbedgeextension	loadBalancingScheme	immutable	true	mm
gcp.lbedgeextension	loadBalancingScheme	required	true	mm
gcp.lbedgeextension	name	immutable	true	mm
gcp.lbedgeextension	name	required	true	mm
gcp.lbedgeextension	updateTime	output	true	discovery
gcp.lbrouteextension		clear_before_delete	none	default
gcp.lbrouteextension		create_await	longrunning	discovery
gcp.lbrouteextension		create_url	projects/{{project}}/locations/{{location}}/lbRouteExtensions?lbRouteExtensionId={{name}}	mm
gcp.lbrouteextension		create_verb	POST	discovery
gcp.lbrouteextension		delete_await	longrunning	discovery
gcp.lbrouteextension		delete_url	projects/{{project}}/locations/{{location}}/lbRouteExtensions/{{name}}	mm
gcp.lbrouteextension		lock_field	none	default
gcp.lbrouteextension		patch_one_field	false	default
gcp.lbrouteextension		setters	none	default
gcp.lbrouteextension		timeout	1200	default
gcp.lbrouteextension		update_await	longrunning	discovery
gcp.lbrouteextension		update_mask	query	mm
gcp.lbrouteextension		update_verb	PATCH	mm
gcp.lbrouteextension	createTime	output	true	discovery
gcp.lbrouteextension	extensionChains	required	true	mm
gcp.lbrouteextension	extensionChains[].extensions	required	true	mm
gcp.lbrouteextension	extensionChains[].extensions[].name	required	true	mm
gcp.lbrouteextension	extensionChains[].extensions[].service	required	true	mm
gcp.lbrouteextension	extensionChains[].extensions[].supportedEvents	unordered	true	mm
gcp.lbrouteextension	extensionChains[].extensions[].timeout	equivalence	duration	mm
gcp.lbrouteextension	extensionChains[].matchCondition	required	true	mm
gcp.lbrouteextension	extensionChains[].matchCondition.celExpression	required	true	mm
gcp.lbrouteextension	extensionChains[].name	required	true	mm
gcp.lbrouteextension	forwardingRules	required	true	mm
gcp.lbrouteextension	loadBalancingScheme	immutable	true	mm
gcp.lbrouteextension	loadBalancingScheme	required	true	mm
gcp.lbrouteextension	name	immutable	true	mm
gcp.lbrouteextension	name	required	true	mm
gcp.lbrouteextension	updateTime	output	true	discovery
gcp.lbtrafficextension		clear_before_delete	none	default
gcp.lbtrafficextension		create_await	longrunning	discovery
gcp.lbtrafficextension		create_url	projects/{{project}}/locations/{{location}}/lbTrafficExtensions?lbTrafficExtensionId={{name}}	mm
gcp.lbtrafficextension		create_verb	POST	discovery
gcp.lbtrafficextension		delete_await	longrunning	discovery
gcp.lbtrafficextension		delete_url	projects/{{project}}/locations/{{location}}/lbTrafficExtensions/{{name}}	mm
gcp.lbtrafficextension		lock_field	none	default
gcp.lbtrafficextension		patch_one_field	false	default
gcp.lbtrafficextension		setters	none	default
gcp.lbtrafficextension		timeout	1200	default
gcp.lbtrafficextension		update_await	longrunning	discovery
gcp.lbtrafficextension		update_mask	query	mm
gcp.lbtrafficextension		update_verb	PATCH	mm
gcp.lbtrafficextension	createTime	output	true	discovery
gcp.lbtrafficextension	extensionChains	required	true	mm
gcp.lbtrafficextension	extensionChains[].extensions	required	true	mm
gcp.lbtrafficextension	extensionChains[].extensions[].name	required	true	mm
gcp.lbtrafficextension	extensionChains[].extensions[].service	required	true	mm
gcp.lbtrafficextension	extensionChains[].extensions[].timeout	equivalence	duration	mm
gcp.lbtrafficextension	extensionChains[].matchCondition	required	true	mm
gcp.lbtrafficextension	extensionChains[].matchCondition.celExpression	required	true	mm
gcp.lbtrafficextension	extensionChains[].name	required	true	mm
gcp.lbtrafficextension	forwardingRules	required	true	mm
gcp.lbtrafficextension	loadBalancingScheme	immutable	true	mm
gcp.lbtrafficextension	loadBalancingScheme	required	true	mm
gcp.lbtrafficextension	name	immutable	true	mm
gcp.lbtrafficextension	name	required	true	mm
gcp.lbtrafficextension	updateTime	output	true	discovery
gcp.licens		clear_before_delete	none	default
gcp.licens		create_await	compute_operation	discovery
gcp.licens		create_url	projects/{project}/global/licenses	discovery
gcp.licens		create_verb	POST	discovery
gcp.licens		delete_await	compute_operation	discovery
gcp.licens		delete_url	projects/{project}/global/licenses/{license}	discovery
gcp.licens		lock_field	none	default
gcp.licens		patch_one_field	false	default
gcp.licens		setters	none	default
gcp.licens		timeout	600	default
gcp.licens		update_await	compute_operation	discovery
gcp.licens		update_mask	query	discovery
gcp.licens		update_verb	PATCH	discovery
gcp.licens	chargesUseFee	output	true	discovery
gcp.licens	creationTimestamp	output	true	discovery
gcp.licens	id	output	true	discovery
gcp.licens	kind	output	true	discovery
gcp.licens	licenseCode	output	true	discovery
gcp.licens	params	input_only	true	discovery
gcp.licens	params.resourceManagerTags	input_only	true	discovery
gcp.licens	resourceRequirements	input_only	true	discovery
gcp.licens	resourceRequirements.minGuestCpuCount	input_only	true	discovery
gcp.licens	resourceRequirements.minMemoryMb	input_only	true	discovery
gcp.licens	selfLink	output	true	discovery
gcp.licens	selfLinkWithId	output	true	discovery
gcp.licens	updateTimestamp	output	true	discovery
gcp.logging.billingaccount.bucket		clear_before_delete	none	default
gcp.logging.billingaccount.bucket		create_await	none	discovery
gcp.logging.billingaccount.bucket		create_url	{+parent}/buckets?bucketId={{bucketId}}	discovery
gcp.logging.billingaccount.bucket		create_verb	POST	discovery
gcp.logging.billingaccount.bucket		delete_await	none	discovery
gcp.logging.billingaccount.bucket		delete_url	{+name}	discovery
gcp.logging.billingaccount.bucket		lock_field	none	default
gcp.logging.billingaccount.bucket		patch_one_field	false	default
gcp.logging.billingaccount.bucket		setters	none	default
gcp.logging.billingaccount.bucket		timeout	60	default
gcp.logging.billingaccount.bucket		update_await	none	discovery
gcp.logging.billingaccount.bucket		update_mask	query	discovery
gcp.logging.billingaccount.bucket		update_verb	PATCH	discovery
gcp.logging.billingaccount.bucket	bucketId	immutable	true	discovery
gcp.logging.billingaccount.bucket	bucketId	required	true	discovery
gcp.logging.billingaccount.bucket	cmekSettings.kmsKeyVersionName	output	true	discovery
gcp.logging.billingaccount.bucket	cmekSettings.name	output	true	discovery
gcp.logging.billingaccount.bucket	cmekSettings.serviceAccountId	output	true	discovery
gcp.logging.billingaccount.bucket	createTime	output	true	discovery
gcp.logging.billingaccount.bucket	indexConfigs[].createTime	output	true	discovery
gcp.logging.billingaccount.bucket	lifecycleState	output	true	discovery
gcp.logging.billingaccount.bucket	name	output	true	discovery
gcp.logging.billingaccount.bucket	updateTime	output	true	discovery
gcp.logging.billingaccount.exclusion		clear_before_delete	none	default
gcp.logging.billingaccount.exclusion		create_await	none	discovery
gcp.logging.billingaccount.exclusion		create_url	{+parent}/exclusions	discovery
gcp.logging.billingaccount.exclusion		create_verb	POST	discovery
gcp.logging.billingaccount.exclusion		delete_await	none	discovery
gcp.logging.billingaccount.exclusion		delete_url	{+name}	discovery
gcp.logging.billingaccount.exclusion		lock_field	none	default
gcp.logging.billingaccount.exclusion		patch_one_field	false	default
gcp.logging.billingaccount.exclusion		setters	none	default
gcp.logging.billingaccount.exclusion		timeout	60	default
gcp.logging.billingaccount.exclusion		update_await	none	discovery
gcp.logging.billingaccount.exclusion		update_mask	query	discovery
gcp.logging.billingaccount.exclusion		update_verb	PATCH	discovery
gcp.logging.billingaccount.exclusion	createTime	output	true	discovery
gcp.logging.billingaccount.exclusion	updateTime	output	true	discovery
gcp.logging.billingaccount.link		clear_before_delete	none	default
gcp.logging.billingaccount.link		create_await	longrunning	discovery
gcp.logging.billingaccount.link		create_url	{+parent}/links?linkId={{linkId}}	discovery
gcp.logging.billingaccount.link		create_verb	POST	discovery
gcp.logging.billingaccount.link		delete_await	longrunning	discovery
gcp.logging.billingaccount.link		delete_url	{+name}	discovery
gcp.logging.billingaccount.link		lock_field	none	default
gcp.logging.billingaccount.link		patch_one_field	false	default
gcp.logging.billingaccount.link		setters	none	default
gcp.logging.billingaccount.link		timeout	1200	default
gcp.logging.billingaccount.link		update_await	none	default
gcp.logging.billingaccount.link		update_mask	none	default
gcp.logging.billingaccount.link		update_verb	none	default
gcp.logging.billingaccount.link	bigqueryDataset.datasetId	output	true	discovery
gcp.logging.billingaccount.link	createTime	output	true	discovery
gcp.logging.billingaccount.link	lifecycleState	output	true	discovery
gcp.logging.billingaccount.link	linkId	immutable	true	discovery
gcp.logging.billingaccount.link	linkId	required	true	discovery
gcp.logging.billingaccount.link	name	output	true	discovery
gcp.logging.billingaccount.savedquery		clear_before_delete	none	default
gcp.logging.billingaccount.savedquery		create_await	none	discovery
gcp.logging.billingaccount.savedquery		create_url	{{parent}}/locations/{{location}}/savedQueries?savedQueryId={{savedQueryId}}	mm
gcp.logging.billingaccount.savedquery		create_verb	POST	discovery
gcp.logging.billingaccount.savedquery		delete_await	none	discovery
gcp.logging.billingaccount.savedquery		delete_url	{{parent}}/locations/{{location}}/savedQueries/{{name}}	mm
gcp.logging.billingaccount.savedquery		lock_field	none	default
gcp.logging.billingaccount.savedquery		patch_one_field	false	default
gcp.logging.billingaccount.savedquery		setters	none	default
gcp.logging.billingaccount.savedquery		timeout	60	default
gcp.logging.billingaccount.savedquery		update_await	none	discovery
gcp.logging.billingaccount.savedquery		update_mask	query	mm
gcp.logging.billingaccount.savedquery		update_verb	PATCH	mm
gcp.logging.billingaccount.savedquery	createTime	output	true	discovery+mm
gcp.logging.billingaccount.savedquery	displayName	required	true	mm
gcp.logging.billingaccount.savedquery	loggingQuery.filter	required	true	mm
gcp.logging.billingaccount.savedquery	name	immutable	true	mm
gcp.logging.billingaccount.savedquery	name	output	true	discovery
gcp.logging.billingaccount.savedquery	name	required	false	!mm+discovery
gcp.logging.billingaccount.savedquery	opsAnalyticsQuery.sqlQueryText	required	true	mm
gcp.logging.billingaccount.savedquery	savedQueryId	immutable	true	discovery
gcp.logging.billingaccount.savedquery	updateTime	output	true	discovery+mm
gcp.logging.billingaccount.savedquery	visibility	required	true	mm
gcp.logging.billingaccount.sink		clear_before_delete	none	default
gcp.logging.billingaccount.sink		create_await	none	discovery
gcp.logging.billingaccount.sink		create_url	{+parent}/sinks	discovery
gcp.logging.billingaccount.sink		create_verb	POST	discovery
gcp.logging.billingaccount.sink		delete_await	none	discovery
gcp.logging.billingaccount.sink		delete_url	{+sinkName}	discovery
gcp.logging.billingaccount.sink		lock_field	none	default
gcp.logging.billingaccount.sink		patch_one_field	false	default
gcp.logging.billingaccount.sink		setters	none	default
gcp.logging.billingaccount.sink		timeout	60	default
gcp.logging.billingaccount.sink		update_await	none	discovery
gcp.logging.billingaccount.sink		update_mask	query	discovery
gcp.logging.billingaccount.sink		update_verb	PATCH	discovery
gcp.logging.billingaccount.sink	bigqueryOptions.usesTimestampColumnPartitioning	output	true	discovery
gcp.logging.billingaccount.sink	createTime	output	true	discovery
gcp.logging.billingaccount.sink	exclusions[].createTime	output	true	discovery
gcp.logging.billingaccount.sink	exclusions[].updateTime	output	true	discovery
gcp.logging.billingaccount.sink	resourceName	output	true	discovery
gcp.logging.billingaccount.sink	updateTime	output	true	discovery
gcp.logging.billingaccount.sink	writerIdentity	output	true	discovery
gcp.logging.billingaccount.view		clear_before_delete	none	default
gcp.logging.billingaccount.view		create_await	none	discovery
gcp.logging.billingaccount.view		create_url	{+parent}/views?viewId={{viewId}}	discovery
gcp.logging.billingaccount.view		create_verb	POST	discovery
gcp.logging.billingaccount.view		delete_await	none	discovery
gcp.logging.billingaccount.view		delete_url	{+name}	discovery
gcp.logging.billingaccount.view		lock_field	none	default
gcp.logging.billingaccount.view		patch_one_field	false	default
gcp.logging.billingaccount.view		setters	none	default
gcp.logging.billingaccount.view		timeout	60	default
gcp.logging.billingaccount.view		update_await	none	discovery
gcp.logging.billingaccount.view		update_mask	query	discovery
gcp.logging.billingaccount.view		update_verb	PATCH	discovery
gcp.logging.billingaccount.view	createTime	output	true	discovery
gcp.logging.billingaccount.view	name	output	true	discovery
gcp.logging.billingaccount.view	updateTime	output	true	discovery
gcp.logging.billingaccount.view	viewId	immutable	true	discovery
gcp.logging.billingaccount.view	viewId	required	true	discovery
gcp.logging.bucket		clear_before_delete	none	default
gcp.logging.bucket		create_await	none	discovery
gcp.logging.bucket		create_url	projects/{{project}}/locations/{{location}}/buckets?bucketId={{bucketId}}	discovery
gcp.logging.bucket		create_verb	POST	discovery
gcp.logging.bucket		delete_await	none	discovery
gcp.logging.bucket		delete_url	{+name}	discovery
gcp.logging.bucket		lock_field	none	default
gcp.logging.bucket		patch_one_field	false	default
gcp.logging.bucket		setters	none	default
gcp.logging.bucket		timeout	60	default
gcp.logging.bucket		update_await	none	discovery
gcp.logging.bucket		update_mask	query	discovery
gcp.logging.bucket		update_verb	PATCH	discovery
gcp.logging.bucket	bucketId	immutable	true	discovery
gcp.logging.bucket	bucketId	required	true	discovery
gcp.logging.bucket	cmekSettings.kmsKeyVersionName	output	true	discovery
gcp.logging.bucket	cmekSettings.name	output	true	discovery
gcp.logging.bucket	cmekSettings.serviceAccountId	output	true	discovery
gcp.logging.bucket	createTime	output	true	discovery
gcp.logging.bucket	indexConfigs[].createTime	output	true	discovery
gcp.logging.bucket	lifecycleState	output	true	discovery
gcp.logging.bucket	name	output	true	discovery
gcp.logging.bucket	updateTime	output	true	discovery
gcp.logging.exclusion		clear_before_delete	none	default
gcp.logging.exclusion		create_await	none	discovery
gcp.logging.exclusion		create_url	projects/{{project}}/exclusions	discovery
gcp.logging.exclusion		create_verb	POST	discovery
gcp.logging.exclusion		delete_await	none	discovery
gcp.logging.exclusion		delete_url	{+name}	discovery
gcp.logging.exclusion		lock_field	none	default
gcp.logging.exclusion		patch_one_field	false	default
gcp.logging.exclusion		setters	none	default
gcp.logging.exclusion		timeout	60	default
gcp.logging.exclusion		update_await	none	discovery
gcp.logging.exclusion		update_mask	query	discovery
gcp.logging.exclusion		update_verb	PATCH	discovery
gcp.logging.exclusion	createTime	output	true	discovery
gcp.logging.exclusion	updateTime	output	true	discovery
gcp.logging.folder.bucket		clear_before_delete	none	default
gcp.logging.folder.bucket		create_await	none	discovery
gcp.logging.folder.bucket		create_url	{+parent}/buckets?bucketId={{bucketId}}	discovery
gcp.logging.folder.bucket		create_verb	POST	discovery
gcp.logging.folder.bucket		delete_await	none	discovery
gcp.logging.folder.bucket		delete_url	{+name}	discovery
gcp.logging.folder.bucket		lock_field	none	default
gcp.logging.folder.bucket		patch_one_field	false	default
gcp.logging.folder.bucket		setters	none	default
gcp.logging.folder.bucket		timeout	60	default
gcp.logging.folder.bucket		update_await	none	discovery
gcp.logging.folder.bucket		update_mask	query	discovery
gcp.logging.folder.bucket		update_verb	PATCH	discovery
gcp.logging.folder.bucket	bucketId	immutable	true	discovery
gcp.logging.folder.bucket	bucketId	required	true	discovery
gcp.logging.folder.bucket	cmekSettings.kmsKeyVersionName	output	true	discovery
gcp.logging.folder.bucket	cmekSettings.name	output	true	discovery
gcp.logging.folder.bucket	cmekSettings.serviceAccountId	output	true	discovery
gcp.logging.folder.bucket	createTime	output	true	discovery
gcp.logging.folder.bucket	indexConfigs[].createTime	output	true	discovery
gcp.logging.folder.bucket	lifecycleState	output	true	discovery
gcp.logging.folder.bucket	name	output	true	discovery
gcp.logging.folder.bucket	updateTime	output	true	discovery
gcp.logging.folder.exclusion		clear_before_delete	none	default
gcp.logging.folder.exclusion		create_await	none	discovery
gcp.logging.folder.exclusion		create_url	{+parent}/exclusions	discovery
gcp.logging.folder.exclusion		create_verb	POST	discovery
gcp.logging.folder.exclusion		delete_await	none	discovery
gcp.logging.folder.exclusion		delete_url	{+name}	discovery
gcp.logging.folder.exclusion		lock_field	none	default
gcp.logging.folder.exclusion		patch_one_field	false	default
gcp.logging.folder.exclusion		setters	none	default
gcp.logging.folder.exclusion		timeout	60	default
gcp.logging.folder.exclusion		update_await	none	discovery
gcp.logging.folder.exclusion		update_mask	query	discovery
gcp.logging.folder.exclusion		update_verb	PATCH	discovery
gcp.logging.folder.exclusion	createTime	output	true	discovery
gcp.logging.folder.exclusion	updateTime	output	true	discovery
gcp.logging.folder.link		clear_before_delete	none	default
gcp.logging.folder.link		create_await	longrunning	discovery
gcp.logging.folder.link		create_url	{+parent}/links?linkId={{linkId}}	discovery
gcp.logging.folder.link		create_verb	POST	discovery
gcp.logging.folder.link		delete_await	longrunning	discovery
gcp.logging.folder.link		delete_url	{+name}	discovery
gcp.logging.folder.link		lock_field	none	default
gcp.logging.folder.link		patch_one_field	false	default
gcp.logging.folder.link		setters	none	default
gcp.logging.folder.link		timeout	1200	default
gcp.logging.folder.link		update_await	none	default
gcp.logging.folder.link		update_mask	none	default
gcp.logging.folder.link		update_verb	none	default
gcp.logging.folder.link	bigqueryDataset.datasetId	output	true	discovery
gcp.logging.folder.link	createTime	output	true	discovery
gcp.logging.folder.link	lifecycleState	output	true	discovery
gcp.logging.folder.link	linkId	immutable	true	discovery
gcp.logging.folder.link	linkId	required	true	discovery
gcp.logging.folder.link	name	output	true	discovery
gcp.logging.folder.savedquery		clear_before_delete	none	default
gcp.logging.folder.savedquery		create_await	none	discovery
gcp.logging.folder.savedquery		create_url	{{parent}}/locations/{{location}}/savedQueries?savedQueryId={{savedQueryId}}	mm
gcp.logging.folder.savedquery		create_verb	POST	discovery
gcp.logging.folder.savedquery		delete_await	none	discovery
gcp.logging.folder.savedquery		delete_url	{{parent}}/locations/{{location}}/savedQueries/{{name}}	mm
gcp.logging.folder.savedquery		lock_field	none	default
gcp.logging.folder.savedquery		patch_one_field	false	default
gcp.logging.folder.savedquery		setters	none	default
gcp.logging.folder.savedquery		timeout	60	default
gcp.logging.folder.savedquery		update_await	none	discovery
gcp.logging.folder.savedquery		update_mask	query	mm
gcp.logging.folder.savedquery		update_verb	PATCH	mm
gcp.logging.folder.savedquery	createTime	output	true	discovery+mm
gcp.logging.folder.savedquery	displayName	required	true	mm
gcp.logging.folder.savedquery	loggingQuery.filter	required	true	mm
gcp.logging.folder.savedquery	name	immutable	true	mm
gcp.logging.folder.savedquery	name	output	true	discovery
gcp.logging.folder.savedquery	name	required	false	!mm+discovery
gcp.logging.folder.savedquery	opsAnalyticsQuery.sqlQueryText	required	true	mm
gcp.logging.folder.savedquery	savedQueryId	immutable	true	discovery
gcp.logging.folder.savedquery	updateTime	output	true	discovery+mm
gcp.logging.folder.savedquery	visibility	required	true	mm
gcp.logging.folder.sink		clear_before_delete	none	default
gcp.logging.folder.sink		create_await	none	discovery
gcp.logging.folder.sink		create_url	{+parent}/sinks	discovery
gcp.logging.folder.sink		create_verb	POST	discovery
gcp.logging.folder.sink		delete_await	none	discovery
gcp.logging.folder.sink		delete_url	{+sinkName}	discovery
gcp.logging.folder.sink		lock_field	none	default
gcp.logging.folder.sink		patch_one_field	false	default
gcp.logging.folder.sink		setters	none	default
gcp.logging.folder.sink		timeout	60	default
gcp.logging.folder.sink		update_await	none	discovery
gcp.logging.folder.sink		update_mask	query	discovery
gcp.logging.folder.sink		update_verb	PATCH	discovery
gcp.logging.folder.sink	bigqueryOptions.usesTimestampColumnPartitioning	output	true	discovery
gcp.logging.folder.sink	createTime	output	true	discovery
gcp.logging.folder.sink	exclusions[].createTime	output	true	discovery
gcp.logging.folder.sink	exclusions[].updateTime	output	true	discovery
gcp.logging.folder.sink	resourceName	output	true	discovery
gcp.logging.folder.sink	updateTime	output	true	discovery
gcp.logging.folder.sink	writerIdentity	output	true	discovery
gcp.logging.folder.view		clear_before_delete	none	default
gcp.logging.folder.view		create_await	none	discovery
gcp.logging.folder.view		create_url	{+parent}/views?viewId={{viewId}}	discovery
gcp.logging.folder.view		create_verb	POST	discovery
gcp.logging.folder.view		delete_await	none	discovery
gcp.logging.folder.view		delete_url	{+name}	discovery
gcp.logging.folder.view		lock_field	none	default
gcp.logging.folder.view		patch_one_field	false	default
gcp.logging.folder.view		setters	none	default
gcp.logging.folder.view		timeout	60	default
gcp.logging.folder.view		update_await	none	discovery
gcp.logging.folder.view		update_mask	query	discovery
gcp.logging.folder.view		update_verb	PATCH	discovery
gcp.logging.folder.view	createTime	output	true	discovery
gcp.logging.folder.view	name	output	true	discovery
gcp.logging.folder.view	updateTime	output	true	discovery
gcp.logging.folder.view	viewId	immutable	true	discovery
gcp.logging.folder.view	viewId	required	true	discovery
gcp.logging.link		clear_before_delete	none	default
gcp.logging.link		create_await	longrunning	discovery
gcp.logging.link		create_url	{+parent}/links?linkId={{linkId}}	discovery
gcp.logging.link		create_verb	POST	discovery
gcp.logging.link		delete_await	longrunning	discovery
gcp.logging.link		delete_url	{+name}	discovery
gcp.logging.link		lock_field	none	default
gcp.logging.link		patch_one_field	false	default
gcp.logging.link		setters	none	default
gcp.logging.link		timeout	1200	default
gcp.logging.link		update_await	none	default
gcp.logging.link		update_mask	none	default
gcp.logging.link		update_verb	none	default
gcp.logging.link	bigqueryDataset.datasetId	output	true	discovery
gcp.logging.link	createTime	output	true	discovery
gcp.logging.link	lifecycleState	output	true	discovery
gcp.logging.link	linkId	immutable	true	discovery
gcp.logging.link	linkId	required	true	discovery
gcp.logging.link	name	output	true	discovery
gcp.logging.metric		clear_before_delete	none	default
gcp.logging.metric		create_await	none	discovery
gcp.logging.metric		create_url	projects/{{project}}/metrics	mm
gcp.logging.metric		create_verb	POST	discovery
gcp.logging.metric		delete_await	none	discovery
gcp.logging.metric		delete_url	projects/{{project}}/metrics/{{%name}}	mm
gcp.logging.metric		lock_field	none	default
gcp.logging.metric		patch_one_field	false	default
gcp.logging.metric		setters	none	default
gcp.logging.metric		timeout	60	default
gcp.logging.metric		update_await	none	default
gcp.logging.metric		update_mask	none	default
gcp.logging.metric		update_verb	none	default
gcp.logging.metric	bucketOptions.explicitBuckets.bounds	required	true	mm
gcp.logging.metric	bucketOptions.exponentialBuckets.growthFactor	required	true	mm
gcp.logging.metric	bucketOptions.exponentialBuckets.numFiniteBuckets	required	true	mm
gcp.logging.metric	bucketOptions.exponentialBuckets.scale	required	true	mm
gcp.logging.metric	bucketOptions.linearBuckets.numFiniteBuckets	required	true	mm
gcp.logging.metric	bucketOptions.linearBuckets.offset	required	true	mm
gcp.logging.metric	bucketOptions.linearBuckets.width	required	true	mm
gcp.logging.metric	createTime	output	true	discovery
gcp.logging.metric	filter	required	true	mm
gcp.logging.metric	metricDescriptor.labels	unordered	true	mm
gcp.logging.metric	metricDescriptor.labels[].key	immutable	true	mm
gcp.logging.metric	metricDescriptor.labels[].key	required	true	mm
gcp.logging.metric	metricDescriptor.labels[].valueType	immutable	true	mm
gcp.logging.metric	metricDescriptor.metricKind	required	true	mm
gcp.logging.metric	metricDescriptor.valueType	required	true	mm
gcp.logging.metric	name	required	true	mm
gcp.logging.metric	resourceName	output	true	discovery
gcp.logging.metric	updateTime	output	true	discovery
gcp.logging.organization.bucket		clear_before_delete	none	default
gcp.logging.organization.bucket		create_await	none	discovery
gcp.logging.organization.bucket		create_url	{+parent}/buckets?bucketId={{bucketId}}	discovery
gcp.logging.organization.bucket		create_verb	POST	discovery
gcp.logging.organization.bucket		delete_await	none	discovery
gcp.logging.organization.bucket		delete_url	{+name}	discovery
gcp.logging.organization.bucket		lock_field	none	default
gcp.logging.organization.bucket		patch_one_field	false	default
gcp.logging.organization.bucket		setters	none	default
gcp.logging.organization.bucket		timeout	60	default
gcp.logging.organization.bucket		update_await	none	discovery
gcp.logging.organization.bucket		update_mask	query	discovery
gcp.logging.organization.bucket		update_verb	PATCH	discovery
gcp.logging.organization.bucket	bucketId	immutable	true	discovery
gcp.logging.organization.bucket	bucketId	required	true	discovery
gcp.logging.organization.bucket	cmekSettings.kmsKeyVersionName	output	true	discovery
gcp.logging.organization.bucket	cmekSettings.name	output	true	discovery
gcp.logging.organization.bucket	cmekSettings.serviceAccountId	output	true	discovery
gcp.logging.organization.bucket	createTime	output	true	discovery
gcp.logging.organization.bucket	indexConfigs[].createTime	output	true	discovery
gcp.logging.organization.bucket	lifecycleState	output	true	discovery
gcp.logging.organization.bucket	name	output	true	discovery
gcp.logging.organization.bucket	updateTime	output	true	discovery
gcp.logging.organization.exclusion		clear_before_delete	none	default
gcp.logging.organization.exclusion		create_await	none	discovery
gcp.logging.organization.exclusion		create_url	{+parent}/exclusions	discovery
gcp.logging.organization.exclusion		create_verb	POST	discovery
gcp.logging.organization.exclusion		delete_await	none	discovery
gcp.logging.organization.exclusion		delete_url	{+name}	discovery
gcp.logging.organization.exclusion		lock_field	none	default
gcp.logging.organization.exclusion		patch_one_field	false	default
gcp.logging.organization.exclusion		setters	none	default
gcp.logging.organization.exclusion		timeout	60	default
gcp.logging.organization.exclusion		update_await	none	discovery
gcp.logging.organization.exclusion		update_mask	query	discovery
gcp.logging.organization.exclusion		update_verb	PATCH	discovery
gcp.logging.organization.exclusion	createTime	output	true	discovery
gcp.logging.organization.exclusion	updateTime	output	true	discovery
gcp.logging.organization.link		clear_before_delete	none	default
gcp.logging.organization.link		create_await	longrunning	discovery
gcp.logging.organization.link		create_url	{+parent}/links?linkId={{linkId}}	discovery
gcp.logging.organization.link		create_verb	POST	discovery
gcp.logging.organization.link		delete_await	longrunning	discovery
gcp.logging.organization.link		delete_url	{+name}	discovery
gcp.logging.organization.link		lock_field	none	default
gcp.logging.organization.link		patch_one_field	false	default
gcp.logging.organization.link		setters	none	default
gcp.logging.organization.link		timeout	1200	default
gcp.logging.organization.link		update_await	none	default
gcp.logging.organization.link		update_mask	none	default
gcp.logging.organization.link		update_verb	none	default
gcp.logging.organization.link	bigqueryDataset.datasetId	output	true	discovery
gcp.logging.organization.link	createTime	output	true	discovery
gcp.logging.organization.link	lifecycleState	output	true	discovery
gcp.logging.organization.link	linkId	immutable	true	discovery
gcp.logging.organization.link	linkId	required	true	discovery
gcp.logging.organization.link	name	output	true	discovery
gcp.logging.organization.savedquery		clear_before_delete	none	default
gcp.logging.organization.savedquery		create_await	none	discovery
gcp.logging.organization.savedquery		create_url	{{parent}}/locations/{{location}}/savedQueries?savedQueryId={{savedQueryId}}	mm
gcp.logging.organization.savedquery		create_verb	POST	discovery
gcp.logging.organization.savedquery		delete_await	none	discovery
gcp.logging.organization.savedquery		delete_url	{{parent}}/locations/{{location}}/savedQueries/{{name}}	mm
gcp.logging.organization.savedquery		lock_field	none	default
gcp.logging.organization.savedquery		patch_one_field	false	default
gcp.logging.organization.savedquery		setters	none	default
gcp.logging.organization.savedquery		timeout	60	default
gcp.logging.organization.savedquery		update_await	none	discovery
gcp.logging.organization.savedquery		update_mask	query	mm
gcp.logging.organization.savedquery		update_verb	PATCH	mm
gcp.logging.organization.savedquery	createTime	output	true	discovery+mm
gcp.logging.organization.savedquery	displayName	required	true	mm
gcp.logging.organization.savedquery	loggingQuery.filter	required	true	mm
gcp.logging.organization.savedquery	name	immutable	true	mm
gcp.logging.organization.savedquery	name	output	true	discovery
gcp.logging.organization.savedquery	name	required	false	!mm+discovery
gcp.logging.organization.savedquery	opsAnalyticsQuery.sqlQueryText	required	true	mm
gcp.logging.organization.savedquery	savedQueryId	immutable	true	discovery
gcp.logging.organization.savedquery	updateTime	output	true	discovery+mm
gcp.logging.organization.savedquery	visibility	required	true	mm
gcp.logging.organization.sink		clear_before_delete	none	default
gcp.logging.organization.sink		create_await	none	discovery
gcp.logging.organization.sink		create_url	{+parent}/sinks	discovery
gcp.logging.organization.sink		create_verb	POST	discovery
gcp.logging.organization.sink		delete_await	none	discovery
gcp.logging.organization.sink		delete_url	{+sinkName}	discovery
gcp.logging.organization.sink		lock_field	none	default
gcp.logging.organization.sink		patch_one_field	false	default
gcp.logging.organization.sink		setters	none	default
gcp.logging.organization.sink		timeout	60	default
gcp.logging.organization.sink		update_await	none	discovery
gcp.logging.organization.sink		update_mask	query	discovery
gcp.logging.organization.sink		update_verb	PATCH	discovery
gcp.logging.organization.sink	bigqueryOptions.usesTimestampColumnPartitioning	output	true	discovery
gcp.logging.organization.sink	createTime	output	true	discovery
gcp.logging.organization.sink	exclusions[].createTime	output	true	discovery
gcp.logging.organization.sink	exclusions[].updateTime	output	true	discovery
gcp.logging.organization.sink	resourceName	output	true	discovery
gcp.logging.organization.sink	updateTime	output	true	discovery
gcp.logging.organization.sink	writerIdentity	output	true	discovery
gcp.logging.organization.view		clear_before_delete	none	default
gcp.logging.organization.view		create_await	none	discovery
gcp.logging.organization.view		create_url	{+parent}/views?viewId={{viewId}}	discovery
gcp.logging.organization.view		create_verb	POST	discovery
gcp.logging.organization.view		delete_await	none	discovery
gcp.logging.organization.view		delete_url	{+name}	discovery
gcp.logging.organization.view		lock_field	none	default
gcp.logging.organization.view		patch_one_field	false	default
gcp.logging.organization.view		setters	none	default
gcp.logging.organization.view		timeout	60	default
gcp.logging.organization.view		update_await	none	discovery
gcp.logging.organization.view		update_mask	query	discovery
gcp.logging.organization.view		update_verb	PATCH	discovery
gcp.logging.organization.view	createTime	output	true	discovery
gcp.logging.organization.view	name	output	true	discovery
gcp.logging.organization.view	updateTime	output	true	discovery
gcp.logging.organization.view	viewId	immutable	true	discovery
gcp.logging.organization.view	viewId	required	true	discovery
gcp.logging.savedquery		clear_before_delete	none	default
gcp.logging.savedquery		create_await	none	discovery
gcp.logging.savedquery		create_url	{{parent}}/locations/{{location}}/savedQueries?savedQueryId={{savedQueryId}}	mm
gcp.logging.savedquery		create_verb	POST	discovery
gcp.logging.savedquery		delete_await	none	discovery
gcp.logging.savedquery		delete_url	{{parent}}/locations/{{location}}/savedQueries/{{name}}	mm
gcp.logging.savedquery		lock_field	none	default
gcp.logging.savedquery		patch_one_field	false	default
gcp.logging.savedquery		setters	none	default
gcp.logging.savedquery		timeout	60	default
gcp.logging.savedquery		update_await	none	discovery
gcp.logging.savedquery		update_mask	query	mm
gcp.logging.savedquery		update_verb	PATCH	mm
gcp.logging.savedquery	createTime	output	true	discovery+mm
gcp.logging.savedquery	displayName	required	true	mm
gcp.logging.savedquery	loggingQuery.filter	required	true	mm
gcp.logging.savedquery	name	immutable	true	mm
gcp.logging.savedquery	name	output	true	discovery
gcp.logging.savedquery	name	required	false	!mm+discovery
gcp.logging.savedquery	opsAnalyticsQuery.sqlQueryText	required	true	mm
gcp.logging.savedquery	savedQueryId	immutable	true	discovery
gcp.logging.savedquery	updateTime	output	true	discovery+mm
gcp.logging.savedquery	visibility	required	true	mm
gcp.logging.sink		clear_before_delete	none	default
gcp.logging.sink		create_await	none	discovery
gcp.logging.sink		create_url	projects/{{project}}/sinks	discovery
gcp.logging.sink		create_verb	POST	discovery
gcp.logging.sink		delete_await	none	discovery
gcp.logging.sink		delete_url	{+sinkName}	discovery
gcp.logging.sink		lock_field	none	default
gcp.logging.sink		patch_one_field	false	default
gcp.logging.sink		setters	none	default
gcp.logging.sink		timeout	60	default
gcp.logging.sink		update_await	none	discovery
gcp.logging.sink		update_mask	query	discovery
gcp.logging.sink		update_verb	PATCH	discovery
gcp.logging.sink	bigqueryOptions.usesTimestampColumnPartitioning	output	true	discovery
gcp.logging.sink	createTime	output	true	discovery
gcp.logging.sink	exclusions[].createTime	output	true	discovery
gcp.logging.sink	exclusions[].updateTime	output	true	discovery
gcp.logging.sink	resourceName	output	true	discovery
gcp.logging.sink	updateTime	output	true	discovery
gcp.logging.sink	writerIdentity	output	true	discovery
gcp.logging.view		clear_before_delete	none	default
gcp.logging.view		create_await	none	discovery
gcp.logging.view		create_url	{+parent}/views?viewId={{viewId}}	discovery
gcp.logging.view		create_verb	POST	discovery
gcp.logging.view		delete_await	none	discovery
gcp.logging.view		delete_url	{+name}	discovery
gcp.logging.view		lock_field	none	default
gcp.logging.view		patch_one_field	false	default
gcp.logging.view		setters	none	default
gcp.logging.view		timeout	60	default
gcp.logging.view		update_await	none	discovery
gcp.logging.view		update_mask	query	discovery
gcp.logging.view		update_verb	PATCH	discovery
gcp.logging.view	createTime	output	true	discovery
gcp.logging.view	name	output	true	discovery
gcp.logging.view	updateTime	output	true	discovery
gcp.logging.view	viewId	immutable	true	discovery
gcp.logging.view	viewId	required	true	discovery
gcp.logicalview		clear_before_delete	none	default
gcp.logicalview		create_await	longrunning	discovery
gcp.logicalview		create_url	{+parent}/logicalViews?logicalViewId={{logicalViewId}}	discovery
gcp.logicalview		create_verb	POST	discovery
gcp.logicalview		delete_await	none	discovery
gcp.logicalview		delete_url	{+name}	discovery
gcp.logicalview		lock_field	none	default
gcp.logicalview		patch_one_field	false	default
gcp.logicalview		setters	none	default
gcp.logicalview		timeout	1200	default
gcp.logicalview		update_await	longrunning	discovery
gcp.logicalview		update_mask	query	discovery
gcp.logicalview		update_verb	PATCH	discovery
gcp.logicalview	logicalViewId	immutable	true	discovery
gcp.logicalview	logicalViewId	required	true	discovery
gcp.logicalview	name	output	true	discovery
gcp.managedidentity		clear_before_delete	none	default
gcp.managedidentity		create_await	longrunning	discovery
gcp.managedidentity		create_url	{+parent}/managedIdentities	discovery
gcp.managedidentity		create_verb	POST	discovery
gcp.managedidentity		delete_await	longrunning	discovery
gcp.managedidentity		delete_url	{+name}	discovery
gcp.managedidentity		lock_field	none	default
gcp.managedidentity		patch_one_field	false	default
gcp.managedidentity		setters	none	default
gcp.managedidentity		timeout	1200	default
gcp.managedidentity		update_await	longrunning	discovery
gcp.managedidentity		update_mask	query	discovery
gcp.managedidentity		update_verb	PATCH	discovery
gcp.managedidentity	expireTime	output	true	discovery
gcp.managedidentity	state	output	true	discovery
gcp.managedzone		clear_before_delete	none	default
gcp.managedzone		create_await	none	discovery
gcp.managedzone		create_url	projects/{{project}}/managedZones	mm
gcp.managedzone		create_verb	POST	discovery
gcp.managedzone		delete_await	none	discovery
gcp.managedzone		delete_url	projects/{project}/managedZones/{managedZone}	discovery
gcp.managedzone		lock_field	none	default
gcp.managedzone		patch_one_field	false	default
gcp.managedzone		setters	none	default
gcp.managedzone		timeout	60	default
gcp.managedzone		update_await	none	discovery
gcp.managedzone		update_mask	none	discovery
gcp.managedzone		update_verb	PATCH	discovery
gcp.managedzone	cloudLoggingConfig.enableLogging	required	true	mm
gcp.managedzone	cloudLoggingConfig.kind	output	true	discovery
gcp.managedzone	creationTime	output	true	mm
gcp.managedzone	description	required	true	ruling+observed
gcp.managedzone	dnsName	immutable	true	mm
gcp.managedzone	dnsName	required	true	mm
gcp.managedzone	dnssecConfig.defaultKeySpecs[].kind	output	true	discovery
gcp.managedzone	dnssecConfig.kind	output	true	discovery
gcp.managedzone	forwardingConfig.kind	output	true	discovery
gcp.managedzone	forwardingConfig.targetNameServers	required	true	mm
gcp.managedzone	forwardingConfig.targetNameServers	unordered	true	mm
gcp.managedzone	forwardingConfig.targetNameServers[].kind	output	true	discovery
gcp.managedzone	id	output	true	mm
gcp.managedzone	kind	output	true	discovery
gcp.managedzone	name	immutable	true	mm
gcp.managedzone	name	required	true	mm
gcp.managedzone	nameServers	output	true	mm
gcp.managedzone	peeringConfig.kind	output	true	discovery
gcp.managedzone	peeringConfig.targetNetwork	required	true	mm
gcp.managedzone	peeringConfig.targetNetwork.kind	output	true	discovery
gcp.managedzone	peeringConfig.targetNetwork.networkUrl	equivalence	self_link	mm
gcp.managedzone	peeringConfig.targetNetwork.networkUrl	required	true	mm
gcp.managedzone	privateVisibilityConfig.gkeClusters[].gkeClusterName	required	true	mm
gcp.managedzone	privateVisibilityConfig.gkeClusters[].kind	output	true	discovery
gcp.managedzone	privateVisibilityConfig.kind	output	true	discovery
gcp.managedzone	privateVisibilityConfig.networks	unordered	true	mm
gcp.managedzone	privateVisibilityConfig.networks[].kind	output	true	discovery
gcp.managedzone	privateVisibilityConfig.networks[].networkUrl	equivalence	self_link	mm
gcp.managedzone	privateVisibilityConfig.networks[].networkUrl	required	true	mm
gcp.managedzone	reverseLookupConfig	immutable	true	mm
gcp.managedzone	reverseLookupConfig.kind	output	true	discovery
gcp.managedzone	serviceDirectoryConfig	immutable	true	mm
gcp.managedzone	serviceDirectoryConfig.kind	output	true	discovery
gcp.managedzone	serviceDirectoryConfig.namespace	required	true	mm
gcp.managedzone	serviceDirectoryConfig.namespace.kind	output	true	discovery
gcp.managedzone	serviceDirectoryConfig.namespace.namespaceUrl	required	true	mm
gcp.managedzone	visibility	equivalence	case	mm
gcp.managedzone	visibility	immutable	true	mm
gcp.materializedview		clear_before_delete	none	default
gcp.materializedview		create_await	longrunning	discovery
gcp.materializedview		create_url	{+parent}/materializedViews?materializedViewId={{materializedViewId}}	discovery
gcp.materializedview		create_verb	POST	discovery
gcp.materializedview		delete_await	none	discovery
gcp.materializedview		delete_url	{+name}	discovery
gcp.materializedview		lock_field	none	default
gcp.materializedview		patch_one_field	false	default
gcp.materializedview		setters	none	default
gcp.materializedview		timeout	1200	default
gcp.materializedview		update_await	longrunning	discovery
gcp.materializedview		update_mask	query	discovery
gcp.materializedview		update_verb	PATCH	discovery
gcp.materializedview	clusterStates	output	true	discovery
gcp.materializedview	materializedViewId	immutable	true	discovery
gcp.materializedview	materializedViewId	required	true	discovery
gcp.materializedview	name	output	true	discovery
gcp.materializedview	query	immutable	true	discovery
gcp.memcache.instance		clear_before_delete	none	default
gcp.memcache.instance		create_await	longrunning	discovery
gcp.memcache.instance		create_url	projects/{{project}}/locations/{{region}}/instances?instanceId={{name}}	mm
gcp.memcache.instance		create_verb	POST	discovery
gcp.memcache.instance		delete_await	longrunning	discovery
gcp.memcache.instance		delete_url	projects/{{project}}/locations/{{region}}/instances/{{name}}	mm
gcp.memcache.instance		lock_field	none	default
gcp.memcache.instance		patch_one_field	false	default
gcp.memcache.instance		setters	none	default
gcp.memcache.instance		timeout	1200	default
gcp.memcache.instance		update_await	longrunning	discovery
gcp.memcache.instance		update_mask	query	mm
gcp.memcache.instance		update_verb	PATCH	mm
gcp.memcache.instance	authorizedNetwork	immutable	true	mm
gcp.memcache.instance	availableMaintenanceVersions	output	true	discovery
gcp.memcache.instance	createTime	output	true	discovery+mm
gcp.memcache.instance	discoveryEndpoint	output	true	discovery+mm
gcp.memcache.instance	effectiveMaintenanceVersion	output	true	discovery
gcp.memcache.instance	maintenancePolicy.createTime	output	true	discovery+mm
gcp.memcache.instance	maintenancePolicy.updateTime	output	true	discovery+mm
gcp.memcache.instance	maintenancePolicy.weeklyMaintenanceWindow	required	true	mm
gcp.memcache.instance	maintenancePolicy.weeklyMaintenanceWindow[].day	required	true	mm
gcp.memcache.instance	maintenancePolicy.weeklyMaintenanceWindow[].duration	required	true	mm
gcp.memcache.instance	maintenancePolicy.weeklyMaintenanceWindow[].startTime	required	true	mm
gcp.memcache.instance	maintenanceSchedule	output	true	discovery+mm
gcp.memcache.instance	maintenanceSchedule.endTime	output	true	discovery+mm
gcp.memcache.instance	maintenanceSchedule.scheduleDeadlineTime	output	true	discovery+mm
gcp.memcache.instance	maintenanceSchedule.startTime	output	true	discovery+mm
gcp.memcache.instance	memcacheFullVersion	output	true	discovery+mm
gcp.memcache.instance	memcacheNodes	output	true	discovery+mm
gcp.memcache.instance	memcacheNodes[].host	output	true	discovery+mm
gcp.memcache.instance	memcacheNodes[].memcacheFullVersion	output	true	discovery
gcp.memcache.instance	memcacheNodes[].memcacheVersion	output	true	discovery
gcp.memcache.instance	memcacheNodes[].nodeId	output	true	discovery+mm
gcp.memcache.instance	memcacheNodes[].parameters.id	output	true	discovery
gcp.memcache.instance	memcacheNodes[].port	output	true	discovery+mm
gcp.memcache.instance	memcacheNodes[].state	output	true	discovery+mm
gcp.memcache.instance	memcacheNodes[].zone	output	true	discovery+mm
gcp.memcache.instance	name	immutable	true	mm
gcp.memcache.instance	name	required	true	mm
gcp.memcache.instance	nodeConfig	immutable	true	mm
gcp.memcache.instance	nodeConfig	required	true	mm
gcp.memcache.instance	nodeConfig.cpuCount	required	true	mm
gcp.memcache.instance	nodeConfig.memorySizeMb	required	true	mm
gcp.memcache.instance	nodeCount	required	true	mm
gcp.memcache.instance	parameters	immutable	true	mm
gcp.memcache.instance	parameters.id	output	true	discovery+mm
gcp.memcache.instance	reservedIpRangeId	immutable	true	mm
gcp.memcache.instance	reservedIpRangeId	input_only	true	mm
gcp.memcache.instance	satisfiesPzi	output	true	discovery
gcp.memcache.instance	satisfiesPzs	output	true	discovery
gcp.memcache.instance	state	output	true	discovery
gcp.memcache.instance	updateTime	output	true	discovery
gcp.memcache.instance	zones	immutable	true	mm
gcp.memcache.instance	zones	unordered	true	mm
gcp.mesh		clear_before_delete	none	default
gcp.mesh		create_await	longrunning	discovery
gcp.mesh		create_url	projects/{{project}}/locations/{{location}}/meshes?meshId={{name}}	mm
gcp.mesh		create_verb	POST	discovery
gcp.mesh		delete_await	longrunning	discovery
gcp.mesh		delete_url	projects/{{project}}/locations/{{location}}/meshes/{{name}}	mm
gcp.mesh		lock_field	none	default
gcp.mesh		patch_one_field	false	default
gcp.mesh		setters	none	default
gcp.mesh		timeout	1200	default
gcp.mesh		update_await	longrunning	discovery
gcp.mesh		update_mask	query	mm
gcp.mesh		update_verb	PATCH	mm
gcp.mesh	createTime	output	true	discovery+mm
gcp.mesh	name	required	true	mm
gcp.mesh	selfLink	output	true	discovery+mm
gcp.mesh	updateTime	output	true	discovery+mm
gcp.messagebus		clear_before_delete	none	default
gcp.messagebus		create_await	longrunning	discovery
gcp.messagebus		create_url	projects/{{project}}/locations/{{location}}/messageBuses?messageBusId={{message_bus_id}}	mm
gcp.messagebus		create_verb	POST	discovery
gcp.messagebus		delete_await	longrunning	discovery
gcp.messagebus		delete_url	projects/{{project}}/locations/{{location}}/messageBuses/{{message_bus_id}}	mm
gcp.messagebus		lock_field	none	default
gcp.messagebus		patch_one_field	false	default
gcp.messagebus		setters	none	default
gcp.messagebus		timeout	1200	default
gcp.messagebus		update_await	longrunning	discovery
gcp.messagebus		update_mask	query	mm
gcp.messagebus		update_verb	PATCH	mm
gcp.messagebus	createTime	output	true	discovery+mm
gcp.messagebus	cryptoKeyName	equivalence	self_link	mm
gcp.messagebus	etag	output	true	discovery+mm
gcp.messagebus	message_bus_id	immutable	true	mm
gcp.messagebus	message_bus_id	required	true	mm
gcp.messagebus	name	output	true	mm
gcp.messagebus	uid	output	true	discovery+mm
gcp.messagebus	updateTime	output	true	discovery+mm
gcp.metricdescriptor		clear_before_delete	none	default
gcp.metricdescriptor		create_await	none	discovery
gcp.metricdescriptor		create_url	projects/{{project}}/metricDescriptors	mm
gcp.metricdescriptor		create_verb	POST	discovery
gcp.metricdescriptor		delete_await	none	discovery
gcp.metricdescriptor		delete_url	{+name}	discovery
gcp.metricdescriptor		lock_field	none	default
gcp.metricdescriptor		patch_one_field	false	default
gcp.metricdescriptor		setters	none	default
gcp.metricdescriptor		timeout	60	default
gcp.metricdescriptor		update_await	none	default
gcp.metricdescriptor		update_mask	none	default
gcp.metricdescriptor		update_verb	none	!mm
gcp.metricdescriptor	labels	immutable	true	mm
gcp.metricdescriptor	labels	unordered	true	mm
gcp.metricdescriptor	labels[].key	required	true	mm
gcp.metricdescriptor	launchStage	immutable	true	mm
gcp.metricdescriptor	launchStage	input_only	true	mm
gcp.metricdescriptor	metadata	input_only	true	mm
gcp.metricdescriptor	metricKind	immutable	true	mm
gcp.metricdescriptor	metricKind	required	true	mm
gcp.metricdescriptor	monitoredResourceTypes	output	true	mm
gcp.metricdescriptor	monitoredResourceTypes	unordered	true	mm
gcp.metricdescriptor	name	output	true	mm
gcp.metricdescriptor	type_value	immutable	true	mm
gcp.metricdescriptor	type_value	required	true	mm
gcp.metricdescriptor	valueType	immutable	true	mm
gcp.metricdescriptor	valueType	required	true	mm
gcp.mirroringdeployment		clear_before_delete	none	default
gcp.mirroringdeployment		create_await	longrunning	discovery
gcp.mirroringdeployment		create_url	projects/{{project}}/locations/{{location}}/mirroringDeployments?mirroringDeploymentId={{mirroring_deployment_id}}	mm
gcp.mirroringdeployment		create_verb	POST	discovery
gcp.mirroringdeployment		delete_await	longrunning	discovery
gcp.mirroringdeployment		delete_url	projects/{{project}}/locations/{{location}}/mirroringDeployments/{{mirroring_deployment_id}}	mm
gcp.mirroringdeployment		lock_field	none	default
gcp.mirroringdeployment		patch_one_field	false	default
gcp.mirroringdeployment		setters	none	default
gcp.mirroringdeployment		timeout	1200	default
gcp.mirroringdeployment		update_await	longrunning	discovery
gcp.mirroringdeployment		update_mask	query	mm
gcp.mirroringdeployment		update_verb	PATCH	mm
gcp.mirroringdeployment	createTime	output	true	discovery+mm
gcp.mirroringdeployment	forwardingRule	immutable	true	discovery+mm
gcp.mirroringdeployment	forwardingRule	required	true	mm
gcp.mirroringdeployment	mirroringDeploymentGroup	immutable	true	discovery+mm
gcp.mirroringdeployment	mirroringDeploymentGroup	required	true	mm
gcp.mirroringdeployment	mirroring_deployment_id	immutable	true	mm
gcp.mirroringdeployment	mirroring_deployment_id	required	true	mm
gcp.mirroringdeployment	name	immutable	true	discovery+mm
gcp.mirroringdeployment	name	output	true	mm
gcp.mirroringdeployment	reconciling	output	true	discovery+mm
gcp.mirroringdeployment	state	output	true	discovery+mm
gcp.mirroringdeployment	updateTime	output	true	discovery+mm
gcp.mirroringdeploymentgroup		clear_before_delete	none	default
gcp.mirroringdeploymentgroup		create_await	longrunning	discovery
gcp.mirroringdeploymentgroup		create_url	projects/{{project}}/locations/{{location}}/mirroringDeploymentGroups?mirroringDeploymentGroupId={{mirroring_deployment_group_id}}	mm
gcp.mirroringdeploymentgroup		create_verb	POST	discovery
gcp.mirroringdeploymentgroup		delete_await	longrunning	discovery
gcp.mirroringdeploymentgroup		delete_url	projects/{{project}}/locations/{{location}}/mirroringDeploymentGroups/{{mirroring_deployment_group_id}}	mm
gcp.mirroringdeploymentgroup		lock_field	none	default
gcp.mirroringdeploymentgroup		patch_one_field	false	default
gcp.mirroringdeploymentgroup		setters	none	default
gcp.mirroringdeploymentgroup		timeout	1200	default
gcp.mirroringdeploymentgroup		update_await	longrunning	discovery
gcp.mirroringdeploymentgroup		update_mask	query	mm
gcp.mirroringdeploymentgroup		update_verb	PATCH	mm
gcp.mirroringdeploymentgroup	connectedEndpointGroups	output	true	discovery+mm
gcp.mirroringdeploymentgroup	connectedEndpointGroups[].name	output	true	discovery+mm
gcp.mirroringdeploymentgroup	createTime	output	true	discovery+mm
gcp.mirroringdeploymentgroup	locations	output	true	discovery+mm
gcp.mirroringdeploymentgroup	locations	unordered	true	mm
gcp.mirroringdeploymentgroup	locations[].location	output	true	discovery+mm
gcp.mirroringdeploymentgroup	locations[].state	output	true	discovery+mm
gcp.mirroringdeploymentgroup	mirroring_deployment_group_id	immutable	true	mm
gcp.mirroringdeploymentgroup	mirroring_deployment_group_id	required	true	mm
gcp.mirroringdeploymentgroup	name	immutable	true	discovery+mm
gcp.mirroringdeploymentgroup	name	output	true	mm
gcp.mirroringdeploymentgroup	nestedDeployments	output	true	discovery
gcp.mirroringdeploymentgroup	nestedDeployments[].name	output	true	discovery
gcp.mirroringdeploymentgroup	nestedDeployments[].state	output	true	discovery
gcp.mirroringdeploymentgroup	network	immutable	true	discovery+mm
gcp.mirroringdeploymentgroup	network	required	true	mm
gcp.mirroringdeploymentgroup	reconciling	output	true	discovery+mm
gcp.mirroringdeploymentgroup	state	output	true	discovery+mm
gcp.mirroringdeploymentgroup	updateTime	output	true	discovery+mm
gcp.mirroringendpointgroup		clear_before_delete	none	default
gcp.mirroringendpointgroup		create_await	longrunning	discovery
gcp.mirroringendpointgroup		create_url	projects/{{project}}/locations/{{location}}/mirroringEndpointGroups?mirroringEndpointGroupId={{mirroring_endpoint_group_id}}	mm
gcp.mirroringendpointgroup		create_verb	POST	discovery
gcp.mirroringendpointgroup		delete_await	longrunning	discovery
gcp.mirroringendpointgroup		delete_url	projects/{{project}}/locations/{{location}}/mirroringEndpointGroups/{{mirroring_endpoint_group_id}}	mm
gcp.mirroringendpointgroup		lock_field	none	default
gcp.mirroringendpointgroup		patch_one_field	false	default
gcp.mirroringendpointgroup		setters	none	default
gcp.mirroringendpointgroup		timeout	1200	default
gcp.mirroringendpointgroup		update_await	longrunning	discovery
gcp.mirroringendpointgroup		update_mask	query	mm
gcp.mirroringendpointgroup		update_verb	PATCH	mm
gcp.mirroringendpointgroup	associations	output	true	discovery+mm
gcp.mirroringendpointgroup	associations	unordered	true	mm
gcp.mirroringendpointgroup	associations[].name	output	true	discovery+mm
gcp.mirroringendpointgroup	associations[].network	output	true	discovery+mm
gcp.mirroringendpointgroup	associations[].state	output	true	discovery+mm
gcp.mirroringendpointgroup	connectedDeploymentGroups	output	true	discovery+mm
gcp.mirroringendpointgroup	connectedDeploymentGroups	unordered	true	mm
gcp.mirroringendpointgroup	connectedDeploymentGroups[].locations	output	true	discovery+mm
gcp.mirroringendpointgroup	connectedDeploymentGroups[].locations	unordered	true	mm
gcp.mirroringendpointgroup	connectedDeploymentGroups[].locations[].location	output	true	discovery+mm
gcp.mirroringendpointgroup	connectedDeploymentGroups[].locations[].state	output	true	discovery+mm
gcp.mirroringendpointgroup	connectedDeploymentGroups[].name	output	true	discovery+mm
gcp.mirroringendpointgroup	createTime	output	true	discovery+mm
gcp.mirroringendpointgroup	mirroringDeploymentGroup	immutable	true	discovery+mm
gcp.mirroringendpointgroup	mirroring_endpoint_group_id	immutable	true	mm
gcp.mirroringendpointgroup	mirroring_endpoint_group_id	required	true	mm
gcp.mirroringendpointgroup	name	immutable	true	discovery+mm
gcp.mirroringendpointgroup	name	output	true	mm
gcp.mirroringendpointgroup	reconciling	output	true	discovery+mm
gcp.mirroringendpointgroup	state	output	true	discovery+mm
gcp.mirroringendpointgroup	type_value	immutable	true	discovery+mm
gcp.mirroringendpointgroup	updateTime	output	true	discovery+mm
gcp.mirroringendpointgroupassociation		clear_before_delete	none	default
gcp.mirroringendpointgroupassociation		create_await	longrunning	discovery
gcp.mirroringendpointgroupassociation		create_url	projects/{{project}}/locations/{{location}}/mirroringEndpointGroupAssociations?mirroringEndpointGroupAssociationId={{mirroring_endpoint_group_association_id}}	mm
gcp.mirroringendpointgroupassociation		create_verb	POST	discovery
gcp.mirroringendpointgroupassociation		delete_await	longrunning	discovery
gcp.mirroringendpointgroupassociation		delete_url	projects/{{project}}/locations/{{location}}/mirroringEndpointGroupAssociations/{{mirroring_endpoint_group_association_id}}	mm
gcp.mirroringendpointgroupassociation		lock_field	none	default
gcp.mirroringendpointgroupassociation		patch_one_field	false	default
gcp.mirroringendpointgroupassociation		setters	none	default
gcp.mirroringendpointgroupassociation		timeout	1200	default
gcp.mirroringendpointgroupassociation		update_await	longrunning	discovery
gcp.mirroringendpointgroupassociation		update_mask	query	mm
gcp.mirroringendpointgroupassociation		update_verb	PATCH	mm
gcp.mirroringendpointgroupassociation	createTime	output	true	discovery+mm
gcp.mirroringendpointgroupassociation	locations	output	true	discovery+mm
gcp.mirroringendpointgroupassociation	locations	unordered	true	mm
gcp.mirroringendpointgroupassociation	locationsDetails	output	true	discovery+mm
gcp.mirroringendpointgroupassociation	locationsDetails[].location	output	true	discovery+mm
gcp.mirroringendpointgroupassociation	locationsDetails[].state	output	true	discovery+mm
gcp.mirroringendpointgroupassociation	locations[].location	output	true	discovery+mm
gcp.mirroringendpointgroupassociation	locations[].state	output	true	discovery+mm
gcp.mirroringendpointgroupassociation	mirroringEndpointGroup	immutable	true	discovery+mm
gcp.mirroringendpointgroupassociation	mirroringEndpointGroup	required	true	mm
gcp.mirroringendpointgroupassociation	mirroring_endpoint_group_association_id	immutable	true	mm
gcp.mirroringendpointgroupassociation	mirroring_endpoint_group_association_id	required	true	mm
gcp.mirroringendpointgroupassociation	name	immutable	true	discovery+mm
gcp.mirroringendpointgroupassociation	name	output	true	mm
gcp.mirroringendpointgroupassociation	network	immutable	true	discovery+mm
gcp.mirroringendpointgroupassociation	network	required	true	mm
gcp.mirroringendpointgroupassociation	networkCookie	output	true	discovery
gcp.mirroringendpointgroupassociation	reconciling	output	true	discovery+mm
gcp.mirroringendpointgroupassociation	state	output	true	discovery+mm
gcp.mirroringendpointgroupassociation	updateTime	output	true	discovery+mm
gcp.monitoring.group		clear_before_delete	none	default
gcp.monitoring.group		create_await	none	discovery
gcp.monitoring.group		create_url	projects/{{project}}/groups	mm
gcp.monitoring.group		create_verb	POST	discovery
gcp.monitoring.group		delete_await	none	discovery
gcp.monitoring.group		delete_url	{+name}	discovery
gcp.monitoring.group		lock_field	none	default
gcp.monitoring.group		patch_one_field	false	default
gcp.monitoring.group		setters	none	default
gcp.monitoring.group		timeout	60	default
gcp.monitoring.group		update_await	none	default
gcp.monitoring.group		update_mask	none	default
gcp.monitoring.group		update_verb	none	default
gcp.monitoring.group	displayName	required	true	mm
gcp.monitoring.group	filter	required	true	mm
gcp.monitoring.group	name	output	true	discovery+mm
gcp.monitoring.group	parentName	equivalence	self_link	mm
gcp.monitoring.service		clear_before_delete	none	default
gcp.monitoring.service		create_await	none	discovery
gcp.monitoring.service		create_url	projects/{{project}}/services?serviceId={{serviceId}}	mm
gcp.monitoring.service		create_verb	POST	discovery
gcp.monitoring.service		delete_await	none	discovery
gcp.monitoring.service		delete_url	{+name}	discovery
gcp.monitoring.service		lock_field	none	default
gcp.monitoring.service		patch_one_field	false	default
gcp.monitoring.service		setters	none	default
gcp.monitoring.service		timeout	60	default
gcp.monitoring.service		update_await	none	discovery
gcp.monitoring.service		update_mask	query	mm
gcp.monitoring.service		update_verb	PATCH	mm
gcp.monitoring.service	gkeNamespace.projectId	output	true	discovery
gcp.monitoring.service	gkeService.projectId	output	true	discovery
gcp.monitoring.service	gkeWorkload.projectId	output	true	discovery
gcp.monitoring.service	name	output	true	mm
gcp.monitoring.service	serviceId	immutable	true	discovery
gcp.multicastconsumerassociation		clear_before_delete	none	default
gcp.multicastconsumerassociation		create_await	longrunning	discovery
gcp.multicastconsumerassociation		create_url	projects/{{project}}/locations/{{location}}/multicastConsumerAssociations?multicastConsumerAssociationId={{multicast_consumer_association_id}}	mm
gcp.multicastconsumerassociation		create_verb	POST	discovery
gcp.multicastconsumerassociation		delete_await	longrunning	discovery
gcp.multicastconsumerassociation		delete_url	projects/{{project}}/locations/{{location}}/multicastConsumerAssociations/{{multicast_consumer_association_id}}	mm
gcp.multicastconsumerassociation		lock_field	none	default
gcp.multicastconsumerassociation		patch_one_field	false	default
gcp.multicastconsumerassociation		setters	none	default
gcp.multicastconsumerassociation		timeout	1200	default
gcp.multicastconsumerassociation		update_await	longrunning	discovery
gcp.multicastconsumerassociation		update_mask	query	mm
gcp.multicastconsumerassociation		update_verb	PATCH	mm
gcp.multicastconsumerassociation	createTime	output	true	discovery+mm
gcp.multicastconsumerassociation	multicastDomainActivation	immutable	true	mm
gcp.multicastconsumerassociation	multicastDomainActivation	required	true	mm
gcp.multicastconsumerassociation	multicast_consumer_association_id	immutable	true	mm
gcp.multicastconsumerassociation	multicast_consumer_association_id	required	true	mm
gcp.multicastconsumerassociation	name	output	true	mm
gcp.multicastconsumerassociation	network	immutable	true	mm
gcp.multicastconsumerassociation	network	required	true	mm
gcp.multicastconsumerassociation	placementPolicy	output	true	discovery+mm
gcp.multicastconsumerassociation	resourceState	output	true	discovery
gcp.multicastconsumerassociation	state	output	true	discovery+mm
gcp.multicastconsumerassociation	state.state	output	true	mm
gcp.multicastconsumerassociation	uniqueId	output	true	discovery+mm
gcp.multicastconsumerassociation	updateTime	output	true	discovery+mm
gcp.multicastgroupconsumeractivation		clear_before_delete	none	default
gcp.multicastgroupconsumeractivation		create_await	longrunning	discovery
gcp.multicastgroupconsumeractivation		create_url	projects/{{project}}/locations/{{location}}/multicastGroupConsumerActivations?multicastGroupConsumerActivationId={{multicast_group_consumer_activation_id}}	mm
gcp.multicastgroupconsumeractivation		create_verb	POST	discovery
gcp.multicastgroupconsumeractivation		delete_await	longrunning	discovery
gcp.multicastgroupconsumeractivation		delete_url	projects/{{project}}/locations/{{location}}/multicastGroupConsumerActivations/{{multicast_group_consumer_activation_id}}	mm
gcp.multicastgroupconsumeractivation		lock_field	none	default
gcp.multicastgroupconsumeractivation		patch_one_field	false	default
gcp.multicastgroupconsumeractivation		setters	none	default
gcp.multicastgroupconsumeractivation		timeout	1200	default
gcp.multicastgroupconsumeractivation		update_await	longrunning	discovery
gcp.multicastgroupconsumeractivation		update_mask	query	mm
gcp.multicastgroupconsumeractivation		update_verb	PATCH	mm
gcp.multicastgroupconsumeractivation	createTime	output	true	discovery+mm
gcp.multicastgroupconsumeractivation	multicastConsumerAssociation	immutable	true	mm
gcp.multicastgroupconsumeractivation	multicastConsumerAssociation	required	true	mm
gcp.multicastgroupconsumeractivation	multicastGroupRangeActivation	immutable	true	mm
gcp.multicastgroupconsumeractivation	multicastGroupRangeActivation	required	true	mm
gcp.multicastgroupconsumeractivation	multicast_group_consumer_activation_id	immutable	true	mm
gcp.multicastgroupconsumeractivation	multicast_group_consumer_activation_id	required	true	mm
gcp.multicastgroupconsumeractivation	name	output	true	mm
gcp.multicastgroupconsumeractivation	resourceState	output	true	discovery
gcp.multicastgroupconsumeractivation	state	output	true	discovery+mm
gcp.multicastgroupconsumeractivation	state.state	output	true	mm
gcp.multicastgroupconsumeractivation	uniqueId	output	true	discovery+mm
gcp.multicastgroupconsumeractivation	updateTime	output	true	discovery+mm
gcp.namespace		clear_before_delete	none	default
gcp.namespace		create_await	longrunning	discovery
gcp.namespace		create_url	{+parent}/namespaces	discovery
gcp.namespace		create_verb	POST	discovery
gcp.namespace		delete_await	longrunning	discovery
gcp.namespace		delete_url	{+name}	discovery
gcp.namespace		lock_field	none	default
gcp.namespace		patch_one_field	false	default
gcp.namespace		setters	none	default
gcp.namespace		timeout	1200	default
gcp.namespace		update_await	longrunning	discovery
gcp.namespace		update_mask	query	discovery
gcp.namespace		update_verb	PATCH	discovery
gcp.namespace	expireTime	output	true	discovery
gcp.namespace	ownerService	output	true	discovery
gcp.namespace	state	output	true	discovery
gcp.network		clear_before_delete	none	default
gcp.network		create_await	compute_operation	discovery
gcp.network		create_url	projects/{{project}}/global/networks	mm
gcp.network		create_verb	POST	discovery
gcp.network		delete_await	compute_operation	discovery
gcp.network		delete_url	projects/{project}/global/networks/{network}	discovery
gcp.network		lock_field	none	default
gcp.network		patch_one_field	false	default
gcp.network		setters	none	default
gcp.network		timeout	600	default
gcp.network		update_await	compute_operation	discovery
gcp.network		update_mask	none	discovery
gcp.network		update_verb	PATCH	discovery+ruling
gcp.network	IPv4Range	immutable	true	ruling
gcp.network	autoCreateSubnetworks	immutable	true	mm+ruling
gcp.network	creationTimestamp	output	true	discovery
gcp.network	description	immutable	true	mm+ruling
gcp.network	enableUlaInternalIpv6	immutable	true	ruling
gcp.network	firewallPolicy	output	true	discovery
gcp.network	gatewayIPv4	output	true	discovery+mm
gcp.network	id	output	true	discovery+mm
gcp.network	internalIpv6Range	immutable	true	mm+ruling
gcp.network	kind	output	true	discovery
gcp.network	mtu	immutable	true	ruling
gcp.network	name	immutable	true	mm+ruling
gcp.network	name	required	true	mm
gcp.network	networkFirewallPolicyEnforcementOrder	immutable	true	ruling
gcp.network	networkProfile	equivalence	self_link	mm
gcp.network	networkProfile	immutable	true	mm+ruling
gcp.network	params	immutable	true	mm+ruling
gcp.network	params	input_only	true	discovery+mm
gcp.network	params.resourceManagerTags	input_only	true	mm
gcp.network	peerings	output	true	discovery
gcp.network	peerings[].connectionStatus	output	true	discovery
gcp.network	peerings[].peerMtu	output	true	discovery
gcp.network	peerings[].state	output	true	discovery
gcp.network	peerings[].stateDetails	output	true	discovery
gcp.network	routingConfig.effectiveBgpAlwaysCompareMed	output	true	discovery
gcp.network	routingConfig.effectiveBgpInterRegionCost	output	true	discovery
gcp.network	selfLink	output	true	discovery
gcp.network	selfLinkWithId	output	true	discovery
gcp.network	subnetworks	output	true	discovery
gcp.networkattachment		clear_before_delete	none	default
gcp.networkattachment		create_await	compute_operation	discovery
gcp.networkattachment		create_url	projects/{{project}}/regions/{{region}}/networkAttachments	mm
gcp.networkattachment		create_verb	POST	discovery
gcp.networkattachment		delete_await	compute_operation	discovery
gcp.networkattachment		delete_url	projects/{project}/regions/{region}/networkAttachments/{networkAttachment}	discovery
gcp.networkattachment		lock_field	fingerprint	discovery
gcp.networkattachment		patch_one_field	false	default
gcp.networkattachment		setters	none	default
gcp.networkattachment		timeout	600	default
gcp.networkattachment		update_await	compute_operation	discovery
gcp.networkattachment		update_mask	none	default
gcp.networkattachment		update_verb	PATCH	mm
gcp.networkattachment	connectionEndpoints	output	true	discovery+mm
gcp.networkattachment	connectionEndpoints[].ipAddress	output	true	mm
gcp.networkattachment	connectionEndpoints[].projectIdOrNum	output	true	mm
gcp.networkattachment	connectionEndpoints[].secondaryIpCidrRanges	output	true	mm
gcp.networkattachment	connectionEndpoints[].status	output	true	mm
gcp.networkattachment	connectionEndpoints[].subnetwork	output	true	mm
gcp.networkattachment	connectionEndpoints[].subnetworkCidrRange	output	true	discovery
gcp.networkattachment	connectionPreference	immutable	true	mm
gcp.networkattachment	connectionPreference	required	true	mm
gcp.networkattachment	creationTimestamp	output	true	discovery+mm
gcp.networkattachment	fingerprint	output	true	mm
gcp.networkattachment	id	output	true	discovery+mm
gcp.networkattachment	kind	output	true	discovery+mm
gcp.networkattachment	name	immutable	true	mm
gcp.networkattachment	name	required	true	mm
gcp.networkattachment	network	output	true	discovery+mm
gcp.networkattachment	region	equivalence	self_link	mm
gcp.networkattachment	region	immutable	true	mm
gcp.networkattachment	region	output	true	discovery
gcp.networkattachment	region	required	false	!mm+discovery
gcp.networkattachment	selfLink	output	true	discovery+mm
gcp.networkattachment	selfLinkWithId	output	true	discovery+mm
gcp.networkattachment	subnetworks	equivalence	self_link	mm
gcp.networkattachment	subnetworks	required	true	mm
gcp.networkattachment	subnetworks[]	equivalence	self_link	mm
gcp.networkedgesecurityservice		clear_before_delete	none	default
gcp.networkedgesecurityservice		create_await	compute_operation	discovery
gcp.networkedgesecurityservice		create_url	projects/{{project}}/regions/{{region}}/networkEdgeSecurityServices	mm
gcp.networkedgesecurityservice		create_verb	POST	discovery
gcp.networkedgesecurityservice		delete_await	compute_operation	discovery
gcp.networkedgesecurityservice		delete_url	projects/{{project}}/regions/{{region}}/networkEdgeSecurityServices/{{name}}	mm
gcp.networkedgesecurityservice		lock_field	fingerprint	discovery
gcp.networkedgesecurityservice		patch_one_field	false	default
gcp.networkedgesecurityservice		setters	none	default
gcp.networkedgesecurityservice		timeout	600	default
gcp.networkedgesecurityservice		update_await	compute_operation	discovery
gcp.networkedgesecurityservice		update_mask	query	mm
gcp.networkedgesecurityservice		update_verb	PATCH	mm
gcp.networkedgesecurityservice	creationTimestamp	output	true	discovery+mm
gcp.networkedgesecurityservice	fingerprint	output	true	mm
gcp.networkedgesecurityservice	id	output	true	discovery+mm
gcp.networkedgesecurityservice	kind	output	true	discovery
gcp.networkedgesecurityservice	name	immutable	true	mm
gcp.networkedgesecurityservice	name	required	true	mm
gcp.networkedgesecurityservice	region	equivalence	self_link	mm
gcp.networkedgesecurityservice	region	immutable	true	mm
gcp.networkedgesecurityservice	region	output	true	discovery
gcp.networkedgesecurityservice	selfLink	output	true	discovery+mm
gcp.networkedgesecurityservice	selfLinkWithId	output	true	discovery+mm
gcp.networkendpointgroup		clear_before_delete	none	default
gcp.networkendpointgroup		create_await	compute_operation	discovery
gcp.networkendpointgroup		create_url	projects/{{project}}/zones/{{zone}}/networkEndpointGroups	mm
gcp.networkendpointgroup		create_verb	POST	discovery
gcp.networkendpointgroup		delete_await	compute_operation	discovery
gcp.networkendpointgroup		delete_url	projects/{project}/zones/{zone}/networkEndpointGroups/{networkEndpointGroup}	discovery
gcp.networkendpointgroup		lock_field	none	default
gcp.networkendpointgroup		patch_one_field	false	default
gcp.networkendpointgroup		setters	none	default
gcp.networkendpointgroup		timeout	600	default
gcp.networkendpointgroup		update_await	none	default
gcp.networkendpointgroup		update_mask	none	default
gcp.networkendpointgroup		update_verb	none	default
gcp.networkendpointgroup	creationTimestamp	output	true	discovery
gcp.networkendpointgroup	id	output	true	discovery+mm
gcp.networkendpointgroup	kind	output	true	discovery
gcp.networkendpointgroup	name	required	true	mm
gcp.networkendpointgroup	network	equivalence	self_link	mm
gcp.networkendpointgroup	network	required	true	mm
gcp.networkendpointgroup	pscData.consumerPscAddress	output	true	discovery
gcp.networkendpointgroup	pscData.pscConnectionId	output	true	discovery
gcp.networkendpointgroup	pscData.pscConnectionStatus	output	true	discovery
gcp.networkendpointgroup	region	output	true	discovery
gcp.networkendpointgroup	selfLink	output	true	discovery
gcp.networkendpointgroup	size	output	true	discovery+mm
gcp.networkendpointgroup	subnetwork	equivalence	self_link	mm
gcp.networkendpointgroup	zone	equivalence	self_link	mm
gcp.networkendpointgroup	zone	output	true	discovery
gcp.networkfirewallpolicy		clear_before_delete	none	default
gcp.networkfirewallpolicy		create_await	compute_operation	discovery
gcp.networkfirewallpolicy		create_url	projects/{{project}}/global/firewallPolicies	mm
gcp.networkfirewallpolicy		create_verb	POST	discovery
gcp.networkfirewallpolicy		delete_await	compute_operation	discovery
gcp.networkfirewallpolicy		delete_url	projects/{{project}}/global/firewallPolicies/{{name}}	mm
gcp.networkfirewallpolicy		lock_field	fingerprint	discovery
gcp.networkfirewallpolicy		patch_one_field	false	default
gcp.networkfirewallpolicy		setters	none	default
gcp.networkfirewallpolicy		timeout	600	default
gcp.networkfirewallpolicy		update_await	compute_operation	discovery
gcp.networkfirewallpolicy		update_mask	none	default
gcp.networkfirewallpolicy		update_verb	PATCH	mm
gcp.networkfirewallpolicy	associations[].displayName	output	true	discovery
gcp.networkfirewallpolicy	associations[].firewallPolicyId	output	true	discovery
gcp.networkfirewallpolicy	associations[].shortName	output	true	discovery
gcp.networkfirewallpolicy	creationTimestamp	output	true	discovery+mm
gcp.networkfirewallpolicy	fingerprint	output	true	mm
gcp.networkfirewallpolicy	id	output	true	discovery+mm
gcp.networkfirewallpolicy	kind	output	true	discovery
gcp.networkfirewallpolicy	name	immutable	true	mm
gcp.networkfirewallpolicy	name	required	true	mm
gcp.networkfirewallpolicy	packetMirroringRules[].kind	output	true	discovery
gcp.networkfirewallpolicy	packetMirroringRules[].match.srcSecureTags[].state	output	true	discovery
gcp.networkfirewallpolicy	packetMirroringRules[].ruleTupleCount	output	true	discovery
gcp.networkfirewallpolicy	packetMirroringRules[].targetSecureTags[].state	output	true	discovery
gcp.networkfirewallpolicy	parent	output	true	discovery
gcp.networkfirewallpolicy	policyType	immutable	true	mm
gcp.networkfirewallpolicy	region	output	true	discovery
gcp.networkfirewallpolicy	ruleTupleCount	output	true	discovery+mm
gcp.networkfirewallpolicy	rules[].kind	output	true	discovery
gcp.networkfirewallpolicy	rules[].match.srcSecureTags[].state	output	true	discovery
gcp.networkfirewallpolicy	rules[].ruleTupleCount	output	true	discovery
gcp.networkfirewallpolicy	rules[].targetSecureTags[].state	output	true	discovery
gcp.networkfirewallpolicy	selfLink	output	true	discovery+mm
gcp.networkfirewallpolicy	selfLinkWithId	output	true	discovery+mm
gcp.networksecurity.addressgroup		clear_before_delete	none	default
gcp.networksecurity.addressgroup		create_await	longrunning	discovery
gcp.networksecurity.addressgroup		create_url	{{parent}}/locations/{{location}}/addressGroups?addressGroupId={{name}}	mm
gcp.networksecurity.addressgroup		create_verb	POST	discovery
gcp.networksecurity.addressgroup		delete_await	longrunning	discovery
gcp.networksecurity.addressgroup		delete_url	{{parent}}/locations/{{location}}/addressGroups/{{name}}	mm
gcp.networksecurity.addressgroup		lock_field	none	default
gcp.networksecurity.addressgroup		patch_one_field	false	default
gcp.networksecurity.addressgroup		setters	none	default
gcp.networksecurity.addressgroup		timeout	1200	default
gcp.networksecurity.addressgroup		update_await	longrunning	discovery
gcp.networksecurity.addressgroup		update_mask	query	mm
gcp.networksecurity.addressgroup		update_verb	PATCH	mm
gcp.networksecurity.addressgroup	capacity	immutable	true	mm
gcp.networksecurity.addressgroup	capacity	required	true	mm
gcp.networksecurity.addressgroup	createTime	output	true	discovery+mm
gcp.networksecurity.addressgroup	name	required	true	mm
gcp.networksecurity.addressgroup	selfLink	output	true	discovery
gcp.networksecurity.addressgroup	type_value	required	true	mm
gcp.networksecurity.addressgroup	updateTime	output	true	discovery+mm
gcp.networksecurity.firewallendpoint		clear_before_delete	none	default
gcp.networksecurity.firewallendpoint		create_await	longrunning	discovery
gcp.networksecurity.firewallendpoint		create_url	{{parent}}/locations/{{location}}/firewallEndpoints?firewallEndpointId={{name}}	mm
gcp.networksecurity.firewallendpoint		create_verb	POST	discovery
gcp.networksecurity.firewallendpoint		delete_await	longrunning	discovery
gcp.networksecurity.firewallendpoint		delete_url	{{parent}}/locations/{{location}}/firewallEndpoints/{{name}}	mm
gcp.networksecurity.firewallendpoint		lock_field	none	default
gcp.networksecurity.firewallendpoint		patch_one_field	false	default
gcp.networksecurity.firewallendpoint		setters	none	default
gcp.networksecurity.firewallendpoint		timeout	1200	default
gcp.networksecurity.firewallendpoint		update_await	longrunning	discovery
gcp.networksecurity.firewallendpoint		update_mask	query	mm
gcp.networksecurity.firewallendpoint		update_verb	PATCH	mm
gcp.networksecurity.firewallendpoint	associatedNetworks	output	true	discovery+mm
gcp.networksecurity.firewallendpoint	associations	output	true	discovery
gcp.networksecurity.firewallendpoint	associations[].name	output	true	discovery
gcp.networksecurity.firewallendpoint	associations[].network	output	true	discovery
gcp.networksecurity.firewallendpoint	createTime	output	true	discovery+mm
gcp.networksecurity.firewallendpoint	endpointSettings.jumboFramesEnabled	immutable	true	discovery+mm
gcp.networksecurity.firewallendpoint	name	immutable	true	discovery+mm
gcp.networksecurity.firewallendpoint	name	required	true	mm
gcp.networksecurity.firewallendpoint	reconciling	output	true	discovery+mm
gcp.networksecurity.firewallendpoint	satisfiesPzi	output	true	discovery
gcp.networksecurity.firewallendpoint	satisfiesPzs	output	true	discovery
gcp.networksecurity.firewallendpoint	state	output	true	discovery+mm
gcp.networksecurity.firewallendpoint	updateTime	output	true	discovery+mm
gcp.networksecurity.organization.addressgroup		clear_before_delete	none	default
gcp.networksecurity.organization.addressgroup		create_await	longrunning	discovery
gcp.networksecurity.organization.addressgroup		create_url	{{parent}}/locations/{{location}}/addressGroups?addressGroupId={{name}}	mm
gcp.networksecurity.organization.addressgroup		create_verb	POST	discovery
gcp.networksecurity.organization.addressgroup		delete_await	longrunning	discovery
gcp.networksecurity.organization.addressgroup		delete_url	{{parent}}/locations/{{location}}/addressGroups/{{name}}	mm
gcp.networksecurity.organization.addressgroup		lock_field	none	default
gcp.networksecurity.organization.addressgroup		patch_one_field	false	default
gcp.networksecurity.organization.addressgroup		setters	none	default
gcp.networksecurity.organization.addressgroup		timeout	1200	default
gcp.networksecurity.organization.addressgroup		update_await	longrunning	discovery
gcp.networksecurity.organization.addressgroup		update_mask	query	mm
gcp.networksecurity.organization.addressgroup		update_verb	PATCH	mm
gcp.networksecurity.organization.addressgroup	capacity	immutable	true	mm
gcp.networksecurity.organization.addressgroup	capacity	required	true	mm
gcp.networksecurity.organization.addressgroup	createTime	output	true	discovery+mm
gcp.networksecurity.organization.addressgroup	name	required	true	mm
gcp.networksecurity.organization.addressgroup	selfLink	output	true	discovery
gcp.networksecurity.organization.addressgroup	type_value	required	true	mm
gcp.networksecurity.organization.addressgroup	updateTime	output	true	discovery+mm
gcp.networksecurity.organization.firewallendpoint		clear_before_delete	none	default
gcp.networksecurity.organization.firewallendpoint		create_await	longrunning	discovery
gcp.networksecurity.organization.firewallendpoint		create_url	{{parent}}/locations/{{location}}/firewallEndpoints?firewallEndpointId={{name}}	mm
gcp.networksecurity.organization.firewallendpoint		create_verb	POST	discovery
gcp.networksecurity.organization.firewallendpoint		delete_await	longrunning	discovery
gcp.networksecurity.organization.firewallendpoint		delete_url	{{parent}}/locations/{{location}}/firewallEndpoints/{{name}}	mm
gcp.networksecurity.organization.firewallendpoint		lock_field	none	default
gcp.networksecurity.organization.firewallendpoint		patch_one_field	false	default
gcp.networksecurity.organization.firewallendpoint		setters	none	default
gcp.networksecurity.organization.firewallendpoint		timeout	1200	default
gcp.networksecurity.organization.firewallendpoint		update_await	longrunning	discovery
gcp.networksecurity.organization.firewallendpoint		update_mask	query	mm
gcp.networksecurity.organization.firewallendpoint		update_verb	PATCH	mm
gcp.networksecurity.organization.firewallendpoint	associatedNetworks	output	true	discovery+mm
gcp.networksecurity.organization.firewallendpoint	associations	output	true	discovery
gcp.networksecurity.organization.firewallendpoint	associations[].name	output	true	discovery
gcp.networksecurity.organization.firewallendpoint	associations[].network	output	true	discovery
gcp.networksecurity.organization.firewallendpoint	createTime	output	true	discovery+mm
gcp.networksecurity.organization.firewallendpoint	endpointSettings.jumboFramesEnabled	immutable	true	discovery+mm
gcp.networksecurity.organization.firewallendpoint	name	immutable	true	discovery+mm
gcp.networksecurity.organization.firewallendpoint	name	required	true	mm
gcp.networksecurity.organization.firewallendpoint	reconciling	output	true	discovery+mm
gcp.networksecurity.organization.firewallendpoint	satisfiesPzi	output	true	discovery
gcp.networksecurity.organization.firewallendpoint	satisfiesPzs	output	true	discovery
gcp.networksecurity.organization.firewallendpoint	state	output	true	discovery+mm
gcp.networksecurity.organization.firewallendpoint	updateTime	output	true	discovery+mm
gcp.networksecurity.organization.securityprofile		clear_before_delete	none	default
gcp.networksecurity.organization.securityprofile		create_await	longrunning	discovery
gcp.networksecurity.organization.securityprofile		create_url	{{parent}}/locations/{{location}}/securityProfiles?securityProfileId={{name}}	mm
gcp.networksecurity.organization.securityprofile		create_verb	POST	discovery
gcp.networksecurity.organization.securityprofile		delete_await	longrunning	discovery
gcp.networksecurity.organization.securityprofile		delete_url	{{parent}}/locations/{{location}}/securityProfiles/{{name}}	mm
gcp.networksecurity.organization.securityprofile		lock_field	none	default
gcp.networksecurity.organization.securityprofile		patch_one_field	false	default
gcp.networksecurity.organization.securityprofile		setters	none	default
gcp.networksecurity.organization.securityprofile		timeout	1200	default
gcp.networksecurity.organization.securityprofile		update_await	longrunning	discovery
gcp.networksecurity.organization.securityprofile		update_mask	query	mm
gcp.networksecurity.organization.securityprofile		update_verb	PATCH	mm
gcp.networksecurity.organization.securityprofile	createTime	output	true	discovery+mm
gcp.networksecurity.organization.securityprofile	customInterceptProfile.interceptEndpointGroup	required	true	mm
gcp.networksecurity.organization.securityprofile	customMirroringProfile.mirroringEndpointGroup	immutable	true	discovery
gcp.networksecurity.organization.securityprofile	customMirroringProfile.mirroringEndpointGroup	required	true	mm
gcp.networksecurity.organization.securityprofile	etag	output	true	discovery+mm
gcp.networksecurity.organization.securityprofile	name	immutable	true	discovery+mm
gcp.networksecurity.organization.securityprofile	name	required	true	mm
gcp.networksecurity.organization.securityprofile	threatPreventionProfile.antivirusOverrides	unordered	true	mm
gcp.networksecurity.organization.securityprofile	threatPreventionProfile.antivirusOverrides[].action	required	true	mm
gcp.networksecurity.organization.securityprofile	threatPreventionProfile.antivirusOverrides[].protocol	required	true	mm
gcp.networksecurity.organization.securityprofile	threatPreventionProfile.severityOverrides	unordered	true	mm
gcp.networksecurity.organization.securityprofile	threatPreventionProfile.severityOverrides[].action	required	true	mm
gcp.networksecurity.organization.securityprofile	threatPreventionProfile.severityOverrides[].severity	required	true	mm
gcp.networksecurity.organization.securityprofile	threatPreventionProfile.threatOverrides	unordered	true	mm
gcp.networksecurity.organization.securityprofile	threatPreventionProfile.threatOverrides[].action	required	true	mm
gcp.networksecurity.organization.securityprofile	threatPreventionProfile.threatOverrides[].threatId	required	true	mm
gcp.networksecurity.organization.securityprofile	threatPreventionProfile.threatOverrides[].type	output	true	discovery+mm
gcp.networksecurity.organization.securityprofile	type_value	immutable	true	discovery+mm
gcp.networksecurity.organization.securityprofile	type_value	required	true	mm
gcp.networksecurity.organization.securityprofile	updateTime	output	true	discovery+mm
gcp.networksecurity.organization.securityprofile	urlFilteringProfile.urlFilters	unordered	true	mm
gcp.networksecurity.organization.securityprofile	urlFilteringProfile.urlFilters[].filteringAction	required	true	mm
gcp.networksecurity.organization.securityprofile	urlFilteringProfile.urlFilters[].priority	required	true	mm
gcp.networksecurity.organization.securityprofilegroup		clear_before_delete	none	default
gcp.networksecurity.organization.securityprofilegroup		create_await	longrunning	discovery
gcp.networksecurity.organization.securityprofilegroup		create_url	{{parent}}/locations/{{location}}/securityProfileGroups?securityProfileGroupId={{name}}	mm
gcp.networksecurity.organization.securityprofilegroup		create_verb	POST	discovery
gcp.networksecurity.organization.securityprofilegroup		delete_await	longrunning	discovery
gcp.networksecurity.organization.securityprofilegroup		delete_url	{{parent}}/locations/{{location}}/securityProfileGroups/{{name}}	mm
gcp.networksecurity.organization.securityprofilegroup		lock_field	none	default
gcp.networksecurity.organization.securityprofilegroup		patch_one_field	false	default
gcp.networksecurity.organization.securityprofilegroup		setters	none	default
gcp.networksecurity.organization.securityprofilegroup		timeout	1200	default
gcp.networksecurity.organization.securityprofilegroup		update_await	longrunning	discovery
gcp.networksecurity.organization.securityprofilegroup		update_mask	query	mm
gcp.networksecurity.organization.securityprofilegroup		update_verb	PATCH	mm
gcp.networksecurity.organization.securityprofilegroup	createTime	output	true	discovery+mm
gcp.networksecurity.organization.securityprofilegroup	dataPathId	output	true	discovery
gcp.networksecurity.organization.securityprofilegroup	etag	output	true	discovery+mm
gcp.networksecurity.organization.securityprofilegroup	name	immutable	true	discovery+mm
gcp.networksecurity.organization.securityprofilegroup	name	required	true	mm
gcp.networksecurity.organization.securityprofilegroup	updateTime	output	true	discovery+mm
gcp.networksecurity.rule		clear_before_delete	none	default
gcp.networksecurity.rule		create_await	longrunning	discovery
gcp.networksecurity.rule		create_url	{+parent}/rules	discovery
gcp.networksecurity.rule		create_verb	POST	discovery
gcp.networksecurity.rule		delete_await	longrunning	discovery
gcp.networksecurity.rule		delete_url	{+name}	discovery
gcp.networksecurity.rule		lock_field	none	default
gcp.networksecurity.rule		patch_one_field	false	default
gcp.networksecurity.rule		setters	none	default
gcp.networksecurity.rule		timeout	1200	default
gcp.networksecurity.rule		update_await	longrunning	discovery
gcp.networksecurity.rule		update_mask	query	discovery
gcp.networksecurity.rule		update_verb	PATCH	discovery
gcp.networksecurity.rule	createTime	output	true	discovery
gcp.networksecurity.rule	name	immutable	true	discovery
gcp.networksecurity.rule	updateTime	output	true	discovery
gcp.networksecurity.securityprofile		clear_before_delete	none	default
gcp.networksecurity.securityprofile		create_await	longrunning	discovery
gcp.networksecurity.securityprofile		create_url	{{parent}}/locations/{{location}}/securityProfiles?securityProfileId={{name}}	mm
gcp.networksecurity.securityprofile		create_verb	POST	discovery
gcp.networksecurity.securityprofile		delete_await	longrunning	discovery
gcp.networksecurity.securityprofile		delete_url	{{parent}}/locations/{{location}}/securityProfiles/{{name}}	mm
gcp.networksecurity.securityprofile		lock_field	none	default
gcp.networksecurity.securityprofile		patch_one_field	false	default
gcp.networksecurity.securityprofile		setters	none	default
gcp.networksecurity.securityprofile		timeout	1200	default
gcp.networksecurity.securityprofile		update_await	longrunning	discovery
gcp.networksecurity.securityprofile		update_mask	query	mm
gcp.networksecurity.securityprofile		update_verb	PATCH	mm
gcp.networksecurity.securityprofile	createTime	output	true	discovery+mm
gcp.networksecurity.securityprofile	customInterceptProfile.interceptEndpointGroup	required	true	mm
gcp.networksecurity.securityprofile	customMirroringProfile.mirroringEndpointGroup	immutable	true	discovery
gcp.networksecurity.securityprofile	customMirroringProfile.mirroringEndpointGroup	required	true	mm
gcp.networksecurity.securityprofile	etag	output	true	discovery+mm
gcp.networksecurity.securityprofile	name	immutable	true	discovery+mm
gcp.networksecurity.securityprofile	name	required	true	mm
gcp.networksecurity.securityprofile	threatPreventionProfile.antivirusOverrides	unordered	true	mm
gcp.networksecurity.securityprofile	threatPreventionProfile.antivirusOverrides[].action	required	true	mm
gcp.networksecurity.securityprofile	threatPreventionProfile.antivirusOverrides[].protocol	required	true	mm
gcp.networksecurity.securityprofile	threatPreventionProfile.severityOverrides	unordered	true	mm
gcp.networksecurity.securityprofile	threatPreventionProfile.severityOverrides[].action	required	true	mm
gcp.networksecurity.securityprofile	threatPreventionProfile.severityOverrides[].severity	required	true	mm
gcp.networksecurity.securityprofile	threatPreventionProfile.threatOverrides	unordered	true	mm
gcp.networksecurity.securityprofile	threatPreventionProfile.threatOverrides[].action	required	true	mm
gcp.networksecurity.securityprofile	threatPreventionProfile.threatOverrides[].threatId	required	true	mm
gcp.networksecurity.securityprofile	threatPreventionProfile.threatOverrides[].type	output	true	discovery+mm
gcp.networksecurity.securityprofile	type_value	immutable	true	discovery+mm
gcp.networksecurity.securityprofile	type_value	required	true	mm
gcp.networksecurity.securityprofile	updateTime	output	true	discovery+mm
gcp.networksecurity.securityprofile	urlFilteringProfile.urlFilters	unordered	true	mm
gcp.networksecurity.securityprofile	urlFilteringProfile.urlFilters[].filteringAction	required	true	mm
gcp.networksecurity.securityprofile	urlFilteringProfile.urlFilters[].priority	required	true	mm
gcp.networksecurity.securityprofilegroup		clear_before_delete	none	default
gcp.networksecurity.securityprofilegroup		create_await	longrunning	discovery
gcp.networksecurity.securityprofilegroup		create_url	{{parent}}/locations/{{location}}/securityProfileGroups?securityProfileGroupId={{name}}	mm
gcp.networksecurity.securityprofilegroup		create_verb	POST	discovery
gcp.networksecurity.securityprofilegroup		delete_await	longrunning	discovery
gcp.networksecurity.securityprofilegroup		delete_url	{{parent}}/locations/{{location}}/securityProfileGroups/{{name}}	mm
gcp.networksecurity.securityprofilegroup		lock_field	none	default
gcp.networksecurity.securityprofilegroup		patch_one_field	false	default
gcp.networksecurity.securityprofilegroup		setters	none	default
gcp.networksecurity.securityprofilegroup		timeout	1200	default
gcp.networksecurity.securityprofilegroup		update_await	longrunning	discovery
gcp.networksecurity.securityprofilegroup		update_mask	query	mm
gcp.networksecurity.securityprofilegroup		update_verb	PATCH	mm
gcp.networksecurity.securityprofilegroup	createTime	output	true	discovery+mm
gcp.networksecurity.securityprofilegroup	dataPathId	output	true	discovery
gcp.networksecurity.securityprofilegroup	etag	output	true	discovery+mm
gcp.networksecurity.securityprofilegroup	name	immutable	true	discovery+mm
gcp.networksecurity.securityprofilegroup	name	required	true	mm
gcp.networksecurity.securityprofilegroup	updateTime	output	true	discovery+mm
gcp.nodegroup		clear_before_delete	none	default
gcp.nodegroup		create_await	compute_operation	discovery
gcp.nodegroup		create_url	projects/{{project}}/zones/{{zone}}/nodeGroups?initialNodeCount={{initialNodeCount}}	mm
gcp.nodegroup		create_verb	POST	discovery
gcp.nodegroup		delete_await	compute_operation	discovery
gcp.nodegroup		delete_url	projects/{project}/zones/{zone}/nodeGroups/{nodeGroup}	discovery
gcp.nodegroup		lock_field	none	default
gcp.nodegroup		patch_one_field	false	default
gcp.nodegroup		setters	nodeTemplate=setNodeTemplate	mm+discovery
gcp.nodegroup		timeout	600	default
gcp.nodegroup		update_await	compute_operation	discovery
gcp.nodegroup		update_mask	query	mm
gcp.nodegroup		update_verb	PATCH	mm
gcp.nodegroup	autoscalingPolicy.maxNodes	required	true	mm
gcp.nodegroup	autoscalingPolicy.mode	required	true	mm
gcp.nodegroup	creationTimestamp	output	true	discovery+mm
gcp.nodegroup	id	output	true	discovery
gcp.nodegroup	initialNodeCount	immutable	true	discovery
gcp.nodegroup	initialNodeCount	required	true	discovery
gcp.nodegroup	kind	output	true	discovery
gcp.nodegroup	maintenanceWindow.maintenanceDuration	output	true	discovery
gcp.nodegroup	maintenanceWindow.startTime	required	true	mm
gcp.nodegroup	name	required	true	mm
gcp.nodegroup	nodeTemplate	equivalence	self_link	mm
gcp.nodegroup	nodeTemplate	required	true	mm
gcp.nodegroup	selfLink	output	true	discovery
gcp.nodegroup	shareSettings.shareType	required	true	mm
gcp.nodegroup	size	output	true	discovery+mm
gcp.nodegroup	status	output	true	discovery
gcp.nodegroup	zone	equivalence	self_link	mm
gcp.nodegroup	zone	output	true	discovery
gcp.nodetemplate		clear_before_delete	none	default
gcp.nodetemplate		create_await	compute_operation	discovery
gcp.nodetemplate		create_url	projects/{{project}}/regions/{{region}}/nodeTemplates	mm
gcp.nodetemplate		create_verb	POST	discovery
gcp.nodetemplate		delete_await	compute_operation	discovery
gcp.nodetemplate		delete_url	projects/{project}/regions/{region}/nodeTemplates/{nodeTemplate}	discovery
gcp.nodetemplate		lock_field	none	default
gcp.nodetemplate		patch_one_field	false	default
gcp.nodetemplate		setters	none	default
gcp.nodetemplate		timeout	600	default
gcp.nodetemplate		update_await	none	default
gcp.nodetemplate		update_mask	none	default
gcp.nodetemplate		update_verb	none	default
gcp.nodetemplate	creationTimestamp	output	true	discovery+mm
gcp.nodetemplate	id	output	true	discovery
gcp.nodetemplate	kind	output	true	discovery
gcp.nodetemplate	name	required	true	mm
gcp.nodetemplate	nodeTypeFlexibility.localSsd	output	true	mm
gcp.nodetemplate	region	equivalence	self_link	mm
gcp.nodetemplate	region	output	true	discovery
gcp.nodetemplate	selfLink	output	true	discovery
gcp.nodetemplate	serverBinding.type	required	true	mm
gcp.nodetemplate	status	output	true	discovery
gcp.nodetemplate	statusMessage	output	true	discovery
gcp.notebooks.instance		clear_before_delete	none	default
gcp.notebooks.instance		create_await	longrunning	discovery
gcp.notebooks.instance		create_url	projects/{{project}}/locations/{{location}}/instances?instanceId={{instanceId}}	discovery
gcp.notebooks.instance		create_verb	POST	discovery
gcp.notebooks.instance		delete_await	longrunning	discovery
gcp.notebooks.instance		delete_url	{+name}	discovery
gcp.notebooks.instance		lock_field	none	default
gcp.notebooks.instance		patch_one_field	false	default
gcp.notebooks.instance		setters	none	default
gcp.notebooks.instance		timeout	1200	default
gcp.notebooks.instance		update_await	longrunning	discovery
gcp.notebooks.instance		update_mask	query	discovery
gcp.notebooks.instance		update_verb	PATCH	discovery
gcp.notebooks.instance	createTime	output	true	discovery
gcp.notebooks.instance	creator	output	true	discovery
gcp.notebooks.instance	gceSetup.instanceId	output	true	discovery
gcp.notebooks.instance	gceSetup.serviceAccounts[].scopes	output	true	discovery
gcp.notebooks.instance	gceSetup.systemMetadata	output	true	discovery
gcp.notebooks.instance	gceSetup.vmImage.imageDescription	output	true	discovery
gcp.notebooks.instance	healthInfo	output	true	discovery
gcp.notebooks.instance	healthState	output	true	discovery
gcp.notebooks.instance	id	output	true	discovery
gcp.notebooks.instance	instanceId	immutable	true	discovery
gcp.notebooks.instance	instanceId	required	true	discovery
gcp.notebooks.instance	name	output	true	discovery
gcp.notebooks.instance	proxyUri	output	true	discovery
gcp.notebooks.instance	satisfiesPzi	output	true	discovery
gcp.notebooks.instance	satisfiesPzs	output	true	discovery
gcp.notebooks.instance	state	output	true	discovery
gcp.notebooks.instance	thirdPartyProxyUrl	output	true	discovery
gcp.notebooks.instance	updateTime	output	true	discovery
gcp.notebooks.instance	upgradeHistory	output	true	discovery
gcp.notebooks.instance	upgradeHistory[].createTime	immutable	true	discovery
gcp.notebooks.instance	upgradeHistory[].state	output	true	discovery
gcp.notification		clear_before_delete	none	default
gcp.notification		create_await	none	discovery
gcp.notification		create_url	b/{bucket}/notificationConfigs	discovery
gcp.notification		create_verb	POST	discovery
gcp.notification		delete_await	none	discovery
gcp.notification		delete_url	b/{bucket}/notificationConfigs/{notification}	discovery
gcp.notification		lock_field	none	default
gcp.notification		patch_one_field	false	default
gcp.notification		setters	none	default
gcp.notification		timeout	60	default
gcp.notification		update_await	none	default
gcp.notification		update_mask	none	default
gcp.notification		update_verb	none	default
gcp.notification	bucket	immutable	true	discovery
gcp.notification	bucket	required	true	discovery
gcp.notification	kind	output	true	discovery
gcp.object		clear_before_delete	none	default
gcp.object		create_await	none	discovery
gcp.object		create_url	b/{bucket}/o	discovery
gcp.object		create_verb	POST	discovery
gcp.object		delete_await	none	discovery
gcp.object		delete_url	b/{bucket}/o/{object}	discovery
gcp.object		lock_field	none	default
gcp.object		patch_one_field	false	default
gcp.object		setters	none	default
gcp.object		timeout	60	default
gcp.object		update_await	none	discovery
gcp.object		update_mask	none	discovery
gcp.object		update_verb	PATCH	discovery
gcp.object	acl[].kind	output	true	discovery
gcp.object	kind	output	true	discovery
gcp.objectaccesscontrol		clear_before_delete	none	default
gcp.objectaccesscontrol		create_await	none	discovery
gcp.objectaccesscontrol		create_url	b/{{bucket}}/o/{{%object}}/acl	mm
gcp.objectaccesscontrol		create_verb	POST	discovery
gcp.objectaccesscontrol		delete_await	none	discovery
gcp.objectaccesscontrol		delete_url	b/{{bucket}}/o/{{%object}}/acl/{{entity}}	mm
gcp.objectaccesscontrol		lock_field	none	default
gcp.objectaccesscontrol		patch_one_field	false	default
gcp.objectaccesscontrol		setters	none	default
gcp.objectaccesscontrol		timeout	60	default
gcp.objectaccesscontrol		update_await	none	discovery
gcp.objectaccesscontrol		update_mask	none	discovery
gcp.objectaccesscontrol		update_verb	PATCH	discovery
gcp.objectaccesscontrol	bucket	equivalence	self_link	mm
gcp.objectaccesscontrol	bucket	required	true	mm
gcp.objectaccesscontrol	domain	output	true	mm
gcp.objectaccesscontrol	email	output	true	mm
gcp.objectaccesscontrol	entity	required	true	mm
gcp.objectaccesscontrol	entityId	output	true	mm
gcp.objectaccesscontrol	generation	output	true	mm
gcp.objectaccesscontrol	kind	output	true	discovery
gcp.objectaccesscontrol	object	required	true	mm
gcp.objectaccesscontrol	projectTeam	output	true	mm
gcp.objectaccesscontrol	role	required	true	mm
gcp.osconfig.folder.policyorchestrator		clear_before_delete	none	default
gcp.osconfig.folder.policyorchestrator		create_await	longrunning	discovery
gcp.osconfig.folder.policyorchestrator		create_url	{+parent}/policyOrchestrators?policyOrchestratorId={{policyOrchestratorId}}	discovery
gcp.osconfig.folder.policyorchestrator		create_verb	POST	discovery
gcp.osconfig.folder.policyorchestrator		delete_await	longrunning	discovery
gcp.osconfig.folder.policyorchestrator		delete_url	{+name}	discovery
gcp.osconfig.folder.policyorchestrator		lock_field	none	default
gcp.osconfig.folder.policyorchestrator		patch_one_field	false	default
gcp.osconfig.folder.policyorchestrator		setters	none	default
gcp.osconfig.folder.policyorchestrator		timeout	1200	default
gcp.osconfig.folder.policyorchestrator		update_await	longrunning	discovery
gcp.osconfig.folder.policyorchestrator		update_mask	query	discovery
gcp.osconfig.folder.policyorchestrator		update_verb	PATCH	discovery
gcp.osconfig.folder.policyorchestrator	createTime	output	true	discovery
gcp.osconfig.folder.policyorchestrator	etag	output	true	discovery
gcp.osconfig.folder.policyorchestrator	name	immutable	false	!discovery+discovery
gcp.osconfig.folder.policyorchestrator	name	output	true	discovery
gcp.osconfig.folder.policyorchestrator	orchestratedResource.osPolicyAssignmentV1Payload.baseline	output	true	discovery
gcp.osconfig.folder.policyorchestrator	orchestratedResource.osPolicyAssignmentV1Payload.deleted	output	true	discovery
gcp.osconfig.folder.policyorchestrator	orchestratedResource.osPolicyAssignmentV1Payload.reconciling	output	true	discovery
gcp.osconfig.folder.policyorchestrator	orchestratedResource.osPolicyAssignmentV1Payload.revisionCreateTime	output	true	discovery
gcp.osconfig.folder.policyorchestrator	orchestratedResource.osPolicyAssignmentV1Payload.revisionId	output	true	discovery
gcp.osconfig.folder.policyorchestrator	orchestratedResource.osPolicyAssignmentV1Payload.rolloutState	output	true	discovery
gcp.osconfig.folder.policyorchestrator	orchestratedResource.osPolicyAssignmentV1Payload.uid	output	true	discovery
gcp.osconfig.folder.policyorchestrator	orchestrationState	output	true	discovery
gcp.osconfig.folder.policyorchestrator	orchestrationState.currentIterationState	output	true	discovery
gcp.osconfig.folder.policyorchestrator	orchestrationState.currentIterationState.error	output	true	discovery
gcp.osconfig.folder.policyorchestrator	orchestrationState.currentIterationState.failedActions	output	true	discovery
gcp.osconfig.folder.policyorchestrator	orchestrationState.currentIterationState.finishTime	output	true	discovery
gcp.osconfig.folder.policyorchestrator	orchestrationState.currentIterationState.iterationId	output	true	discovery
gcp.osconfig.folder.policyorchestrator	orchestrationState.currentIterationState.performedActions	output	true	discovery
gcp.osconfig.folder.policyorchestrator	orchestrationState.currentIterationState.progress	output	true	discovery
gcp.osconfig.folder.policyorchestrator	orchestrationState.currentIterationState.startTime	output	true	discovery
gcp.osconfig.folder.policyorchestrator	orchestrationState.currentIterationState.state	output	true	discovery
gcp.osconfig.folder.policyorchestrator	orchestrationState.previousIterationState	output	true	discovery
gcp.osconfig.folder.policyorchestrator	orchestrationState.previousIterationState.error	output	true	discovery
gcp.osconfig.folder.policyorchestrator	orchestrationState.previousIterationState.failedActions	output	true	discovery
gcp.osconfig.folder.policyorchestrator	orchestrationState.previousIterationState.finishTime	output	true	discovery
gcp.osconfig.folder.policyorchestrator	orchestrationState.previousIterationState.iterationId	output	true	discovery
gcp.osconfig.folder.policyorchestrator	orchestrationState.previousIterationState.performedActions	output	true	discovery
gcp.osconfig.folder.policyorchestrator	orchestrationState.previousIterationState.progress	output	true	discovery
gcp.osconfig.folder.policyorchestrator	orchestrationState.previousIterationState.startTime	output	true	discovery
gcp.osconfig.folder.policyorchestrator	orchestrationState.previousIterationState.state	output	true	discovery
gcp.osconfig.folder.policyorchestrator	policyOrchestratorId	immutable	true	discovery
gcp.osconfig.folder.policyorchestrator	policyOrchestratorId	required	true	discovery
gcp.osconfig.folder.policyorchestrator	reconciling	output	true	discovery
gcp.osconfig.folder.policyorchestrator	updateTime	output	true	discovery
gcp.osconfig.organization.policyorchestrator		clear_before_delete	none	default
gcp.osconfig.organization.policyorchestrator		create_await	longrunning	discovery
gcp.osconfig.organization.policyorchestrator		create_url	{+parent}/policyOrchestrators?policyOrchestratorId={{policyOrchestratorId}}	discovery
gcp.osconfig.organization.policyorchestrator		create_verb	POST	discovery
gcp.osconfig.organization.policyorchestrator		delete_await	longrunning	discovery
gcp.osconfig.organization.policyorchestrator		delete_url	{+name}	discovery
gcp.osconfig.organization.policyorchestrator		lock_field	none	default
gcp.osconfig.organization.policyorchestrator		patch_one_field	false	default
gcp.osconfig.organization.policyorchestrator		setters	none	default
gcp.osconfig.organization.policyorchestrator		timeout	1200	default
gcp.osconfig.organization.policyorchestrator		update_await	longrunning	discovery
gcp.osconfig.organization.policyorchestrator		update_mask	query	discovery
gcp.osconfig.organization.policyorchestrator		update_verb	PATCH	discovery
gcp.osconfig.organization.policyorchestrator	createTime	output	true	discovery
gcp.osconfig.organization.policyorchestrator	etag	output	true	discovery
gcp.osconfig.organization.policyorchestrator	name	immutable	false	!discovery+discovery
gcp.osconfig.organization.policyorchestrator	name	output	true	discovery
gcp.osconfig.organization.policyorchestrator	orchestratedResource.osPolicyAssignmentV1Payload.baseline	output	true	discovery
gcp.osconfig.organization.policyorchestrator	orchestratedResource.osPolicyAssignmentV1Payload.deleted	output	true	discovery
gcp.osconfig.organization.policyorchestrator	orchestratedResource.osPolicyAssignmentV1Payload.reconciling	output	true	discovery
gcp.osconfig.organization.policyorchestrator	orchestratedResource.osPolicyAssignmentV1Payload.revisionCreateTime	output	true	discovery
gcp.osconfig.organization.policyorchestrator	orchestratedResource.osPolicyAssignmentV1Payload.revisionId	output	true	discovery
gcp.osconfig.organization.policyorchestrator	orchestratedResource.osPolicyAssignmentV1Payload.rolloutState	output	true	discovery
gcp.osconfig.organization.policyorchestrator	orchestratedResource.osPolicyAssignmentV1Payload.uid	output	true	discovery
gcp.osconfig.organization.policyorchestrator	orchestrationState	output	true	discovery
gcp.osconfig.organization.policyorchestrator	orchestrationState.currentIterationState	output	true	discovery
gcp.osconfig.organization.policyorchestrator	orchestrationState.currentIterationState.error	output	true	discovery
gcp.osconfig.organization.policyorchestrator	orchestrationState.currentIterationState.failedActions	output	true	discovery
gcp.osconfig.organization.policyorchestrator	orchestrationState.currentIterationState.finishTime	output	true	discovery
gcp.osconfig.organization.policyorchestrator	orchestrationState.currentIterationState.iterationId	output	true	discovery
gcp.osconfig.organization.policyorchestrator	orchestrationState.currentIterationState.performedActions	output	true	discovery
gcp.osconfig.organization.policyorchestrator	orchestrationState.currentIterationState.progress	output	true	discovery
gcp.osconfig.organization.policyorchestrator	orchestrationState.currentIterationState.startTime	output	true	discovery
gcp.osconfig.organization.policyorchestrator	orchestrationState.currentIterationState.state	output	true	discovery
gcp.osconfig.organization.policyorchestrator	orchestrationState.previousIterationState	output	true	discovery
gcp.osconfig.organization.policyorchestrator	orchestrationState.previousIterationState.error	output	true	discovery
gcp.osconfig.organization.policyorchestrator	orchestrationState.previousIterationState.failedActions	output	true	discovery
gcp.osconfig.organization.policyorchestrator	orchestrationState.previousIterationState.finishTime	output	true	discovery
gcp.osconfig.organization.policyorchestrator	orchestrationState.previousIterationState.iterationId	output	true	discovery
gcp.osconfig.organization.policyorchestrator	orchestrationState.previousIterationState.performedActions	output	true	discovery
gcp.osconfig.organization.policyorchestrator	orchestrationState.previousIterationState.progress	output	true	discovery
gcp.osconfig.organization.policyorchestrator	orchestrationState.previousIterationState.startTime	output	true	discovery
gcp.osconfig.organization.policyorchestrator	orchestrationState.previousIterationState.state	output	true	discovery
gcp.osconfig.organization.policyorchestrator	policyOrchestratorId	immutable	true	discovery
gcp.osconfig.organization.policyorchestrator	policyOrchestratorId	required	true	discovery
gcp.osconfig.organization.policyorchestrator	reconciling	output	true	discovery
gcp.osconfig.organization.policyorchestrator	updateTime	output	true	discovery
gcp.osconfig.policyorchestrator		clear_before_delete	none	default
gcp.osconfig.policyorchestrator		create_await	longrunning	discovery
gcp.osconfig.policyorchestrator		create_url	projects/{{project}}/locations/global/policyOrchestrators?policyOrchestratorId={{policyOrchestratorId}}	discovery
gcp.osconfig.policyorchestrator		create_verb	POST	discovery
gcp.osconfig.policyorchestrator		delete_await	longrunning	discovery
gcp.osconfig.policyorchestrator		delete_url	{+name}	discovery
gcp.osconfig.policyorchestrator		lock_field	none	default
gcp.osconfig.policyorchestrator		patch_one_field	false	default
gcp.osconfig.policyorchestrator		setters	none	default
gcp.osconfig.policyorchestrator		timeout	1200	default
gcp.osconfig.policyorchestrator		update_await	longrunning	discovery
gcp.osconfig.policyorchestrator		update_mask	query	discovery
gcp.osconfig.policyorchestrator		update_verb	PATCH	discovery
gcp.osconfig.policyorchestrator	createTime	output	true	discovery
gcp.osconfig.policyorchestrator	etag	output	true	discovery
gcp.osconfig.policyorchestrator	name	immutable	false	!discovery+discovery
gcp.osconfig.policyorchestrator	name	output	true	discovery
gcp.osconfig.policyorchestrator	orchestratedResource.osPolicyAssignmentV1Payload.baseline	output	true	discovery
gcp.osconfig.policyorchestrator	orchestratedResource.osPolicyAssignmentV1Payload.deleted	output	true	discovery
gcp.osconfig.policyorchestrator	orchestratedResource.osPolicyAssignmentV1Payload.reconciling	output	true	discovery
gcp.osconfig.policyorchestrator	orchestratedResource.osPolicyAssignmentV1Payload.revisionCreateTime	output	true	discovery
gcp.osconfig.policyorchestrator	orchestratedResource.osPolicyAssignmentV1Payload.revisionId	output	true	discovery
gcp.osconfig.policyorchestrator	orchestratedResource.osPolicyAssignmentV1Payload.rolloutState	output	true	discovery
gcp.osconfig.policyorchestrator	orchestratedResource.osPolicyAssignmentV1Payload.uid	output	true	discovery
gcp.osconfig.policyorchestrator	orchestrationState	output	true	discovery
gcp.osconfig.policyorchestrator	orchestrationState.currentIterationState	output	true	discovery
gcp.osconfig.policyorchestrator	orchestrationState.currentIterationState.error	output	true	discovery
gcp.osconfig.policyorchestrator	orchestrationState.currentIterationState.failedActions	output	true	discovery
gcp.osconfig.policyorchestrator	orchestrationState.currentIterationState.finishTime	output	true	discovery
gcp.osconfig.policyorchestrator	orchestrationState.currentIterationState.iterationId	output	true	discovery
gcp.osconfig.policyorchestrator	orchestrationState.currentIterationState.performedActions	output	true	discovery
gcp.osconfig.policyorchestrator	orchestrationState.currentIterationState.progress	output	true	discovery
gcp.osconfig.policyorchestrator	orchestrationState.currentIterationState.startTime	output	true	discovery
gcp.osconfig.policyorchestrator	orchestrationState.currentIterationState.state	output	true	discovery
gcp.osconfig.policyorchestrator	orchestrationState.previousIterationState	output	true	discovery
gcp.osconfig.policyorchestrator	orchestrationState.previousIterationState.error	output	true	discovery
gcp.osconfig.policyorchestrator	orchestrationState.previousIterationState.failedActions	output	true	discovery
gcp.osconfig.policyorchestrator	orchestrationState.previousIterationState.finishTime	output	true	discovery
gcp.osconfig.policyorchestrator	orchestrationState.previousIterationState.iterationId	output	true	discovery
gcp.osconfig.policyorchestrator	orchestrationState.previousIterationState.performedActions	output	true	discovery
gcp.osconfig.policyorchestrator	orchestrationState.previousIterationState.progress	output	true	discovery
gcp.osconfig.policyorchestrator	orchestrationState.previousIterationState.startTime	output	true	discovery
gcp.osconfig.policyorchestrator	orchestrationState.previousIterationState.state	output	true	discovery
gcp.osconfig.policyorchestrator	policyOrchestratorId	immutable	true	discovery
gcp.osconfig.policyorchestrator	policyOrchestratorId	required	true	discovery
gcp.osconfig.policyorchestrator	reconciling	output	true	discovery
gcp.osconfig.policyorchestrator	updateTime	output	true	discovery
gcp.packetmirroring		clear_before_delete	none	default
gcp.packetmirroring		create_await	compute_operation	discovery
gcp.packetmirroring		create_url	projects/{{project}}/regions/{{region}}/packetMirrorings	mm
gcp.packetmirroring		create_verb	POST	discovery
gcp.packetmirroring		delete_await	compute_operation	discovery
gcp.packetmirroring		delete_url	projects/{{project}}/regions/{{region}}/packetMirrorings/{{name}}	mm
gcp.packetmirroring		lock_field	none	default
gcp.packetmirroring		patch_one_field	false	default
gcp.packetmirroring		setters	none	default
gcp.packetmirroring		timeout	600	default
gcp.packetmirroring		update_await	compute_operation	discovery
gcp.packetmirroring		update_mask	none	default
gcp.packetmirroring		update_verb	PATCH	mm
gcp.packetmirroring	collectorIlb	required	true	mm
gcp.packetmirroring	collectorIlb.canonicalUrl	output	true	discovery
gcp.packetmirroring	collectorIlb.url	equivalence	self_link	mm
gcp.packetmirroring	collectorIlb.url	required	true	mm
gcp.packetmirroring	creationTimestamp	output	true	discovery
gcp.packetmirroring	description	immutable	true	mm
gcp.packetmirroring	id	output	true	discovery
gcp.packetmirroring	kind	output	true	discovery
gcp.packetmirroring	mirroredResources	required	true	mm
gcp.packetmirroring	mirroredResources.instances	unordered	true	mm
gcp.packetmirroring	mirroredResources.instances[].canonicalUrl	output	true	discovery
gcp.packetmirroring	mirroredResources.instances[].url	equivalence	self_link	mm
gcp.packetmirroring	mirroredResources.instances[].url	required	true	mm
gcp.packetmirroring	mirroredResources.subnetworks	unordered	true	mm
gcp.packetmirroring	mirroredResources.subnetworks[].canonicalUrl	output	true	discovery
gcp.packetmirroring	mirroredResources.subnetworks[].url	equivalence	self_link	mm
gcp.packetmirroring	mirroredResources.subnetworks[].url	required	true	mm
gcp.packetmirroring	name	required	true	mm
gcp.packetmirroring	network	immutable	true	mm
gcp.packetmirroring	network	required	true	mm
gcp.packetmirroring	network.canonicalUrl	output	true	discovery
gcp.packetmirroring	network.url	equivalence	self_link	mm
gcp.packetmirroring	network.url	immutable	true	mm
gcp.packetmirroring	network.url	required	true	mm
gcp.packetmirroring	region	output	true	discovery
gcp.packetmirroring	selfLink	output	true	discovery
gcp.pipeline		clear_before_delete	none	default
gcp.pipeline		create_await	longrunning	discovery
gcp.pipeline		create_url	projects/{{project}}/locations/{{location}}/pipelines?pipelineId={{pipeline_id}}	mm
gcp.pipeline		create_verb	POST	discovery
gcp.pipeline		delete_await	longrunning	discovery
gcp.pipeline		delete_url	projects/{{project}}/locations/{{location}}/pipelines/{{pipeline_id}}	mm
gcp.pipeline		lock_field	none	default
gcp.pipeline		patch_one_field	false	default
gcp.pipeline		setters	none	default
gcp.pipeline		timeout	1200	default
gcp.pipeline		update_await	longrunning	discovery
gcp.pipeline		update_mask	query	mm
gcp.pipeline		update_verb	PATCH	mm
gcp.pipeline	createTime	output	true	discovery+mm
gcp.pipeline	destinations	required	true	mm
gcp.pipeline	destinations[].authenticationConfig.googleOidc.serviceAccount	required	true	mm
gcp.pipeline	destinations[].authenticationConfig.oauthToken.serviceAccount	required	true	mm
gcp.pipeline	destinations[].httpEndpoint.uri	required	true	mm
gcp.pipeline	etag	output	true	discovery+mm
gcp.pipeline	name	output	true	mm
gcp.pipeline	pipeline_id	immutable	true	mm
gcp.pipeline	pipeline_id	required	true	mm
gcp.pipeline	satisfiesPzs	output	true	discovery
gcp.pipeline	uid	output	true	discovery+mm
gcp.pipeline	updateTime	output	true	discovery+mm
gcp.producerextension		clear_before_delete	none	default
gcp.producerextension		create_await	longrunning	discovery
gcp.producerextension		create_url	projects/{{project}}/locations/{{location}}/producerExtensions?producerExtensionId={{producerExtensionId}}	discovery
gcp.producerextension		create_verb	POST	discovery
gcp.producerextension		delete_await	longrunning	discovery
gcp.producerextension		delete_url	{+name}	discovery
gcp.producerextension		lock_field	none	default
gcp.producerextension		patch_one_field	false	default
gcp.producerextension		setters	none	default
gcp.producerextension		timeout	1200	default
gcp.producerextension		update_await	none	default
gcp.producerextension		update_mask	none	default
gcp.producerextension		update_verb	none	default
gcp.producerextension	createTime	output	true	discovery
gcp.producerextension	name	output	true	discovery
gcp.producerextension	producerExtensionId	immutable	true	discovery
gcp.producerextension	producerExtensionId	required	true	discovery
gcp.producerextension	updateTime	output	true	discovery
gcp.project		clear_before_delete	none	default
gcp.project		create_await	longrunning	discovery
gcp.project		create_url	projects	discovery
gcp.project		create_verb	POST	discovery
gcp.project		delete_await	longrunning	discovery
gcp.project		delete_url	{+name}	discovery
gcp.project		lock_field	none	default
gcp.project		patch_one_field	false	default
gcp.project		setters	none	default
gcp.project		timeout	1200	default
gcp.project		update_await	longrunning	discovery
gcp.project		update_mask	query	discovery
gcp.project		update_verb	PATCH	discovery
gcp.project	configuredCapabilities	output	true	discovery
gcp.project	createTime	output	true	discovery
gcp.project	deleteTime	output	true	discovery
gcp.project	etag	output	true	discovery
gcp.project	isManagementProject	output	true	discovery
gcp.project	name	output	true	discovery
gcp.project	projectId	immutable	true	discovery
gcp.project	state	output	true	discovery
gcp.project	tags	immutable	true	discovery
gcp.project	tags	input_only	true	discovery
gcp.project	updateTime	output	true	discovery
gcp.proposal		clear_before_delete	none	default
gcp.proposal		create_await	longrunning	discovery
gcp.proposal		create_url	{+parent}/proposals	discovery
gcp.proposal		create_verb	POST	discovery
gcp.proposal		delete_await	none	discovery
gcp.proposal		delete_url	{+name}	discovery
gcp.proposal		lock_field	none	default
gcp.proposal		patch_one_field	false	default
gcp.proposal		setters	none	default
gcp.proposal		timeout	1200	default
gcp.proposal		update_await	none	default
gcp.proposal		update_mask	none	default
gcp.proposal		update_verb	none	default
gcp.proposal	createTime	output	true	discovery
gcp.proposal	deleteTime	output	true	discovery
gcp.proposal	failureReason	output	true	discovery
gcp.proposal	purgeTime	output	true	discovery
gcp.proposal	quorumParameters	output	true	discovery
gcp.proposal	quorumParameters.approvedTwoFactorPublicKeyPems	output	true	discovery
gcp.proposal	quorumParameters.challenges	output	true	discovery
gcp.proposal	quorumParameters.challenges[].challenge	output	true	discovery
gcp.proposal	quorumParameters.challenges[].publicKeyPem	output	true	discovery
gcp.proposal	quorumParameters.requiredApproverCount	output	true	discovery
gcp.proposal	requiredActionQuorumParameters	output	true	discovery
gcp.proposal	requiredActionQuorumParameters.approvedTwoFactorPublicKeyPems	output	true	discovery
gcp.proposal	requiredActionQuorumParameters.quorumChallenges	output	true	discovery
gcp.proposal	requiredActionQuorumParameters.quorumChallenges[].challenge	output	true	discovery
gcp.proposal	requiredActionQuorumParameters.quorumChallenges[].publicKeyPem	output	true	discovery
gcp.proposal	requiredActionQuorumParameters.requiredApproverCount	output	true	discovery
gcp.proposal	requiredActionQuorumParameters.requiredChallenges	output	true	discovery
gcp.proposal	requiredActionQuorumParameters.requiredChallenges[].challenge	output	true	discovery
gcp.proposal	requiredActionQuorumParameters.requiredChallenges[].publicKeyPem	output	true	discovery
gcp.proposal	state	output	true	discovery
gcp.proposal	ttl	input_only	true	discovery
gcp.publicadvertisedprefix		clear_before_delete	none	default
gcp.publicadvertisedprefix		create_await	compute_operation	discovery
gcp.publicadvertisedprefix		create_url	projects/{{project}}/global/publicAdvertisedPrefixes	mm
gcp.publicadvertisedprefix		create_verb	POST	discovery
gcp.publicadvertisedprefix		delete_await	compute_operation	discovery
gcp.publicadvertisedprefix		delete_url	projects/{project}/global/publicAdvertisedPrefixes/{publicAdvertisedPrefix}	discovery
gcp.publicadvertisedprefix		lock_field	fingerprint	discovery
gcp.publicadvertisedprefix		patch_one_field	false	default
gcp.publicadvertisedprefix		setters	none	default
gcp.publicadvertisedprefix		timeout	600	default
gcp.publicadvertisedprefix		update_await	none	default
gcp.publicadvertisedprefix		update_mask	none	mm
gcp.publicadvertisedprefix		update_verb	none	mm
gcp.publicadvertisedprefix	byoipApiVersion	output	true	discovery
gcp.publicadvertisedprefix	creationTimestamp	output	true	discovery
gcp.publicadvertisedprefix	id	output	true	discovery
gcp.publicadvertisedprefix	ipCidrRange	required	true	mm
gcp.publicadvertisedprefix	kind	output	true	discovery
gcp.publicadvertisedprefix	name	required	true	mm
gcp.publicadvertisedprefix	publicDelegatedPrefixs	output	true	discovery
gcp.publicadvertisedprefix	selfLink	output	true	discovery
gcp.publicadvertisedprefix	sharedSecret	output	true	discovery+mm
gcp.publicdelegatedprefix		clear_before_delete	none	default
gcp.publicdelegatedprefix		create_await	compute_operation	discovery
gcp.publicdelegatedprefix		create_url	projects/{{project}}/regions/{{region}}/publicDelegatedPrefixes	mm
gcp.publicdelegatedprefix		create_verb	POST	discovery
gcp.publicdelegatedprefix		delete_await	compute_operation	discovery
gcp.publicdelegatedprefix		delete_url	projects/{project}/regions/{region}/publicDelegatedPrefixes/{publicDelegatedPrefix}	discovery
gcp.publicdelegatedprefix		lock_field	fingerprint	discovery
gcp.publicdelegatedprefix		patch_one_field	false	default
gcp.publicdelegatedprefix		setters	none	default
gcp.publicdelegatedprefix		timeout	600	default
gcp.publicdelegatedprefix		update_await	none	default
gcp.publicdelegatedprefix		update_mask	none	mm
gcp.publicdelegatedprefix		update_verb	none	mm
gcp.publicdelegatedprefix	byoipApiVersion	output	true	discovery
gcp.publicdelegatedprefix	creationTimestamp	output	true	discovery
gcp.publicdelegatedprefix	enableEnhancedIpv4Allocation	output	true	discovery+mm
gcp.publicdelegatedprefix	id	output	true	discovery
gcp.publicdelegatedprefix	ipCidrRange	required	true	mm
gcp.publicdelegatedprefix	ipv6AccessType	output	true	discovery+mm
gcp.publicdelegatedprefix	kind	output	true	discovery
gcp.publicdelegatedprefix	name	required	true	mm
gcp.publicdelegatedprefix	parentPrefix	equivalence	self_link	mm
gcp.publicdelegatedprefix	parentPrefix	required	true	mm
gcp.publicdelegatedprefix	publicDelegatedSubPrefixs	output	true	mm
gcp.publicdelegatedprefix	publicDelegatedSubPrefixs[].enableEnhancedIpv4Allocation	output	true	discovery+mm
gcp.publicdelegatedprefix	publicDelegatedSubPrefixs[].ipv6AccessType	output	true	discovery+mm
gcp.publicdelegatedprefix	publicDelegatedSubPrefixs[].region	output	true	discovery
gcp.publicdelegatedprefix	publicDelegatedSubPrefixs[].status	output	true	discovery
gcp.publicdelegatedprefix	region	output	true	discovery
gcp.publicdelegatedprefix	region	required	false	!mm+discovery
gcp.publicdelegatedprefix	selfLink	output	true	discovery
gcp.publicdelegatedprefix	status	output	true	discovery
gcp.pubsub.schema		clear_before_delete	none	default
gcp.pubsub.schema		create_await	none	discovery
gcp.pubsub.schema		create_url	projects/{{project}}/schemas?schemaId={{name}}	mm
gcp.pubsub.schema		create_verb	POST	discovery
gcp.pubsub.schema		delete_await	none	discovery
gcp.pubsub.schema		delete_url	{+name}	discovery
gcp.pubsub.schema		lock_field	none	default
gcp.pubsub.schema		patch_one_field	false	default
gcp.pubsub.schema		setters	none	default
gcp.pubsub.schema		timeout	60	default
gcp.pubsub.schema		update_await	none	default
gcp.pubsub.schema		update_mask	none	default
gcp.pubsub.schema		update_verb	none	!mm
gcp.pubsub.schema	name	equivalence	self_link	mm
gcp.pubsub.schema	name	immutable	true	mm
gcp.pubsub.schema	name	required	true	mm
gcp.pubsub.schema	revisionCreateTime	output	true	discovery
gcp.pubsub.schema	revisionId	immutable	true	discovery
gcp.pubsub.schema	revisionId	output	true	discovery+mm
gcp.pubsub.snapshot		clear_before_delete	none	default
gcp.pubsub.snapshot		create_await	none	discovery
gcp.pubsub.snapshot		create_url	{+name}	discovery
gcp.pubsub.snapshot		create_verb	PUT	discovery
gcp.pubsub.snapshot		delete_await	none	discovery
gcp.pubsub.snapshot		delete_url	{+snapshot}	discovery
gcp.pubsub.snapshot		lock_field	none	default
gcp.pubsub.snapshot		patch_one_field	false	default
gcp.pubsub.snapshot		setters	none	default
gcp.pubsub.snapshot		timeout	60	default
gcp.pubsub.snapshot		update_await	none	discovery
gcp.pubsub.snapshot		update_mask	body:updateMask	discovery
gcp.pubsub.snapshot		update_verb	PATCH	discovery
gcp.pubsub.snapshot	snapshot	immutable	true	mm
gcp.pubsub.snapshot	snapshot	required	true	mm
gcp.pubsub.snapshot	tags	immutable	true	discovery
gcp.pubsub.snapshot	tags	input_only	true	discovery
gcp.regionalsecret		clear_before_delete	none	default
gcp.regionalsecret		create_await	none	discovery
gcp.regionalsecret		create_url	projects/{{project}}/locations/{{location}}/secrets?secretId={{secret_id}}	mm
gcp.regionalsecret		create_verb	POST	discovery
gcp.regionalsecret		delete_await	none	discovery
gcp.regionalsecret		delete_url	projects/{{project}}/locations/{{location}}/secrets/{{secret_id}}	mm
gcp.regionalsecret		lock_field	none	default
gcp.regionalsecret		patch_one_field	false	default
gcp.regionalsecret		setters	none	default
gcp.regionalsecret		timeout	60	default
gcp.regionalsecret		update_await	none	discovery
gcp.regionalsecret		update_mask	query	mm
gcp.regionalsecret		update_verb	PATCH	mm
gcp.regionalsecret	createTime	output	true	discovery+mm
gcp.regionalsecret	customerManagedEncryption.kmsKeyName	required	true	mm
gcp.regionalsecret	name	output	true	discovery+mm
gcp.regionalsecret	policyMember	output	true	discovery
gcp.regionalsecret	policyMember.iamPolicyNamePrincipal	output	true	discovery
gcp.regionalsecret	policyMember.iamPolicyUidPrincipal	output	true	discovery
gcp.regionalsecret	replication	immutable	true	discovery
gcp.regionalsecret	rotation.managedRotationStatus	output	true	discovery
gcp.regionalsecret	rotation.managedRotationStatus.error	output	true	discovery
gcp.regionalsecret	rotation.managedRotationStatus.state	output	true	discovery
gcp.regionalsecret	rotation.rotationPeriod	input_only	true	discovery
gcp.regionalsecret	secretType	immutable	true	discovery+mm
gcp.regionalsecret	secret_id	immutable	true	mm
gcp.regionalsecret	secret_id	required	true	mm
gcp.regionalsecret	tags	immutable	true	discovery+mm
gcp.regionalsecret	tags	input_only	true	discovery+mm
gcp.regionalsecret	topics[].name	required	true	mm
gcp.regionalsecret	ttl	input_only	true	discovery+mm
gcp.regionautoscaler		clear_before_delete	none	default
gcp.regionautoscaler		create_await	compute_operation	discovery
gcp.regionautoscaler		create_url	projects/{{project}}/regions/{{region}}/autoscalers	mm
gcp.regionautoscaler		create_verb	POST	discovery
gcp.regionautoscaler		delete_await	compute_operation	discovery
gcp.regionautoscaler		delete_url	projects/{project}/regions/{region}/autoscalers/{autoscaler}	discovery
gcp.regionautoscaler		lock_field	none	default
gcp.regionautoscaler		patch_one_field	false	default
gcp.regionautoscaler		setters	none	default
gcp.regionautoscaler		timeout	600	default
gcp.regionautoscaler		update_await	compute_operation	discovery
gcp.regionautoscaler		update_mask	none	discovery
gcp.regionautoscaler		update_verb	PATCH	discovery
gcp.regionautoscaler	autoscalingPolicy	required	true	mm
gcp.regionautoscaler	autoscalingPolicy.cpuUtilization.utilizationTarget	required	true	mm
gcp.regionautoscaler	autoscalingPolicy.customMetricUtilizations[].metric	required	true	mm
gcp.regionautoscaler	autoscalingPolicy.loadBalancingUtilization.utilizationTarget	required	true	mm
gcp.regionautoscaler	autoscalingPolicy.maxNumReplicas	required	true	mm
gcp.regionautoscaler	autoscalingPolicy.minNumReplicas	required	true	mm
gcp.regionautoscaler	autoscalingPolicy.scaleInControl.maxScaledInReplicas.calculated	output	true	discovery
gcp.regionautoscaler	creationTimestamp	output	true	discovery+mm
gcp.regionautoscaler	id	output	true	discovery
gcp.regionautoscaler	kind	output	true	discovery
gcp.regionautoscaler	name	immutable	true	mm
gcp.regionautoscaler	name	required	true	mm
gcp.regionautoscaler	recommendedSize	output	true	discovery
gcp.regionautoscaler	region	equivalence	self_link	mm
gcp.regionautoscaler	region	immutable	true	mm
gcp.regionautoscaler	region	output	true	discovery
gcp.regionautoscaler	scalingScheduleStatus	output	true	discovery
gcp.regionautoscaler	selfLink	output	true	discovery
gcp.regionautoscaler	status	output	true	discovery
gcp.regionautoscaler	statusDetails	output	true	discovery
gcp.regionautoscaler	target	equivalence	self_link	mm
gcp.regionautoscaler	target	required	true	mm
gcp.regionautoscaler	zone	output	true	discovery
gcp.regionbackendservice		clear_before_delete	none	default
gcp.regionbackendservice		create_await	compute_operation	discovery
gcp.regionbackendservice		create_url	projects/{{project}}/regions/{{region}}/backendServices	mm
gcp.regionbackendservice		create_verb	POST	discovery
gcp.regionbackendservice		delete_await	compute_operation	discovery
gcp.regionbackendservice		delete_url	projects/{project}/regions/{region}/backendServices/{backendService}	discovery
gcp.regionbackendservice		lock_field	fingerprint	discovery
gcp.regionbackendservice		patch_one_field	false	default
gcp.regionbackendservice		setters	securityPolicy=setSecurityPolicy	mm+discovery
gcp.regionbackendservice		timeout	600	default
gcp.regionbackendservice		update_await	compute_operation	discovery
gcp.regionbackendservice		update_mask	none	discovery
gcp.regionbackendservice		update_verb	PATCH	discovery
gcp.regionbackendservice	backends	unordered	true	mm
gcp.regionbackendservice	backends[].customMetrics[].dryRun	required	true	mm
gcp.regionbackendservice	backends[].customMetrics[].name	required	true	mm
gcp.regionbackendservice	backends[].group	equivalence	self_link	mm
gcp.regionbackendservice	backends[].group	required	true	mm
gcp.regionbackendservice	cdnPolicy.cacheKeyPolicy.queryStringBlacklist	unordered	true	mm
gcp.regionbackendservice	cdnPolicy.cacheKeyPolicy.queryStringWhitelist	unordered	true	mm
gcp.regionbackendservice	cdnPolicy.signedUrlKeyNames	output	true	discovery
gcp.regionbackendservice	consistentHash.httpCookie.ttl.seconds	required	true	mm
gcp.regionbackendservice	creationTimestamp	output	true	discovery+mm
gcp.regionbackendservice	customMetrics[].dryRun	required	true	mm
gcp.regionbackendservice	customMetrics[].name	required	true	mm
gcp.regionbackendservice	edgeSecurityPolicy	output	true	discovery
gcp.regionbackendservice	fingerprint	output	true	mm
gcp.regionbackendservice	haPolicy.fastIPMove	immutable	true	mm
gcp.regionbackendservice	haPolicy.leader.backendGroup	equivalence	self_link	mm
gcp.regionbackendservice	healthChecks	unordered	true	mm
gcp.regionbackendservice	iap.enabled	required	true	mm
gcp.regionbackendservice	iap.oauth2ClientSecret	input_only	true	mm
gcp.regionbackendservice	iap.oauth2ClientSecret	sensitive	true	mm
gcp.regionbackendservice	iap.oauth2ClientSecretSha256	output	true	discovery+mm
gcp.regionbackendservice	iap.oauth2ClientSecretSha256	sensitive	true	mm
gcp.regionbackendservice	id	output	true	discovery+mm
gcp.regionbackendservice	kind	output	true	discovery
gcp.regionbackendservice	loadBalancingScheme	immutable	true	mm
gcp.regionbackendservice	logConfig.loggingHttpRequestHeaders[].headerName	required	true	mm
gcp.regionbackendservice	logConfig.loggingHttpResponseHeaders[].headerName	required	true	mm
gcp.regionbackendservice	name	immutable	true	mm
gcp.regionbackendservice	name	required	true	mm
gcp.regionbackendservice	network	equivalence	self_link	mm
gcp.regionbackendservice	network	immutable	true	mm
gcp.regionbackendservice	outlierDetection.baseEjectionTime.seconds	required	true	mm
gcp.regionbackendservice	outlierDetection.interval.seconds	required	true	mm
gcp.regionbackendservice	params	immutable	true	mm
gcp.regionbackendservice	params	input_only	true	discovery+mm
gcp.regionbackendservice	params.resourceManagerTags	immutable	true	mm
gcp.regionbackendservice	params.resourceManagerTags	input_only	true	mm
gcp.regionbackendservice	region	equivalence	self_link	mm
gcp.regionbackendservice	region	output	true	discovery
gcp.regionbackendservice	securityPolicy	equivalence	self_link	mm
gcp.regionbackendservice	securityPolicy	output	false	!discovery+mm
gcp.regionbackendservice	selfLink	output	true	discovery
gcp.regionbackendservice	strongSessionAffinityCookie.ttl.seconds	required	true	mm
gcp.regionbackendservice	subsetting.policy	required	true	mm
gcp.regionbackendservice	usedBy	output	true	discovery
gcp.regionbackendservice	usedBy[].reference	output	true	discovery
gcp.regioncompositehealthcheck		clear_before_delete	none	default
gcp.regioncompositehealthcheck		create_await	compute_operation	discovery
gcp.regioncompositehealthcheck		create_url	projects/{{project}}/regions/{{region}}/compositeHealthChecks	mm
gcp.regioncompositehealthcheck		create_verb	POST	discovery
gcp.regioncompositehealthcheck		delete_await	compute_operation	discovery
gcp.regioncompositehealthcheck		delete_url	projects/{{project}}/regions/{{region}}/compositeHealthChecks/{{name}}	mm
gcp.regioncompositehealthcheck		lock_field	fingerprint	discovery
gcp.regioncompositehealthcheck		patch_one_field	false	default
gcp.regioncompositehealthcheck		setters	none	default
gcp.regioncompositehealthcheck		timeout	600	default
gcp.regioncompositehealthcheck		update_await	compute_operation	discovery
gcp.regioncompositehealthcheck		update_mask	query	mm
gcp.regioncompositehealthcheck		update_verb	PATCH	mm
gcp.regioncompositehealthcheck	creationTimestamp	output	true	discovery+mm
gcp.regioncompositehealthcheck	fingerprint	output	true	mm
gcp.regioncompositehealthcheck	healthDestination	equivalence	self_link	mm
gcp.regioncompositehealthcheck	healthDestination	required	true	mm
gcp.regioncompositehealthcheck	healthSources	equivalence	self_link	mm
gcp.regioncompositehealthcheck	healthSources[]	equivalence	self_link	mm
gcp.regioncompositehealthcheck	id	output	true	discovery+mm
gcp.regioncompositehealthcheck	kind	output	true	discovery
gcp.regioncompositehealthcheck	name	immutable	true	mm
gcp.regioncompositehealthcheck	name	required	true	mm
gcp.regioncompositehealthcheck	region	immutable	true	mm
gcp.regioncompositehealthcheck	region	output	true	discovery
gcp.regioncompositehealthcheck	region	required	false	!mm+discovery
gcp.regioncompositehealthcheck	selfLink	output	true	discovery
gcp.regioncompositehealthcheck	selfLinkWithId	output	true	discovery+mm
gcp.regionhealthaggregationpolicy		clear_before_delete	none	default
gcp.regionhealthaggregationpolicy		create_await	compute_operation	discovery
gcp.regionhealthaggregationpolicy		create_url	projects/{{project}}/regions/{{region}}/healthAggregationPolicies	mm
gcp.regionhealthaggregationpolicy		create_verb	POST	discovery
gcp.regionhealthaggregationpolicy		delete_await	compute_operation	discovery
gcp.regionhealthaggregationpolicy		delete_url	projects/{{project}}/regions/{{region}}/healthAggregationPolicies/{{name}}	mm
gcp.regionhealthaggregationpolicy		lock_field	fingerprint	discovery
gcp.regionhealthaggregationpolicy		patch_one_field	false	default
gcp.regionhealthaggregationpolicy		setters	none	default
gcp.regionhealthaggregationpolicy		timeout	600	default
gcp.regionhealthaggregationpolicy		update_await	compute_operation	discovery
gcp.regionhealthaggregationpolicy		update_mask	query	mm
gcp.regionhealthaggregationpolicy		update_verb	PATCH	mm
gcp.regionhealthaggregationpolicy	creationTimestamp	output	true	discovery+mm
gcp.regionhealthaggregationpolicy	fingerprint	output	true	mm
gcp.regionhealthaggregationpolicy	id	output	true	discovery+mm
gcp.regionhealthaggregationpolicy	kind	output	true	discovery
gcp.regionhealthaggregationpolicy	name	immutable	true	mm
gcp.regionhealthaggregationpolicy	name	required	true	mm
gcp.regionhealthaggregationpolicy	region	immutable	true	mm
gcp.regionhealthaggregationpolicy	region	output	true	discovery
gcp.regionhealthaggregationpolicy	region	required	false	!mm+discovery
gcp.regionhealthaggregationpolicy	selfLink	output	true	discovery
gcp.regionhealthaggregationpolicy	selfLinkWithId	output	true	discovery+mm
gcp.regionhealthcheck		clear_before_delete	none	default
gcp.regionhealthcheck		create_await	compute_operation	discovery
gcp.regionhealthcheck		create_url	projects/{{project}}/regions/{{region}}/healthChecks	mm
gcp.regionhealthcheck		create_verb	POST	discovery
gcp.regionhealthcheck		delete_await	compute_operation	discovery
gcp.regionhealthcheck		delete_url	projects/{project}/regions/{region}/healthChecks/{healthCheck}	discovery
gcp.regionhealthcheck		lock_field	none	default
gcp.regionhealthcheck		patch_one_field	false	default
gcp.regionhealthcheck		setters	none	default
gcp.regionhealthcheck		timeout	600	default
gcp.regionhealthcheck		update_await	compute_operation	discovery
gcp.regionhealthcheck		update_mask	none	discovery
gcp.regionhealthcheck		update_verb	PATCH	discovery
gcp.regionhealthcheck	creationTimestamp	output	true	discovery+mm
gcp.regionhealthcheck	id	output	true	discovery+mm
gcp.regionhealthcheck	kind	output	true	discovery
gcp.regionhealthcheck	name	immutable	true	mm
gcp.regionhealthcheck	name	required	true	mm
gcp.regionhealthcheck	region	equivalence	self_link	mm
gcp.regionhealthcheck	region	immutable	true	mm
gcp.regionhealthcheck	region	output	true	discovery
gcp.regionhealthcheck	selfLink	output	true	discovery
gcp.regionhealthcheck	type_value	output	false	!mm+ruling+observed
gcp.regionhealthcheck	type_value	required	true	ruling
gcp.regionhealthcheckservice		clear_before_delete	none	default
gcp.regionhealthcheckservice		create_await	compute_operation	discovery
gcp.regionhealthcheckservice		create_url	projects/{project}/regions/{region}/healthCheckServices	discovery
gcp.regionhealthcheckservice		create_verb	POST	discovery
gcp.regionhealthcheckservice		delete_await	compute_operation	discovery
gcp.regionhealthcheckservice		delete_url	projects/{project}/regions/{region}/healthCheckServices/{healthCheckService}	discovery
gcp.regionhealthcheckservice		lock_field	fingerprint	discovery
gcp.regionhealthcheckservice		patch_one_field	false	default
gcp.regionhealthcheckservice		setters	none	default
gcp.regionhealthcheckservice		timeout	600	default
gcp.regionhealthcheckservice		update_await	compute_operation	discovery
gcp.regionhealthcheckservice		update_mask	none	discovery
gcp.regionhealthcheckservice		update_verb	PATCH	discovery
gcp.regionhealthcheckservice	creationTimestamp	output	true	discovery
gcp.regionhealthcheckservice	id	output	true	discovery
gcp.regionhealthcheckservice	kind	output	true	discovery
gcp.regionhealthcheckservice	region	output	true	discovery
gcp.regionhealthcheckservice	selfLink	output	true	discovery
gcp.regionhealthsource		clear_before_delete	none	default
gcp.regionhealthsource		create_await	compute_operation	discovery
gcp.regionhealthsource		create_url	projects/{{project}}/regions/{{region}}/healthSources	mm
gcp.regionhealthsource		create_verb	POST	discovery
gcp.regionhealthsource		delete_await	compute_operation	discovery
gcp.regionhealthsource		delete_url	projects/{{project}}/regions/{{region}}/healthSources/{{name}}	mm
gcp.regionhealthsource		lock_field	fingerprint	discovery
gcp.regionhealthsource		patch_one_field	false	default
gcp.regionhealthsource		setters	none	default
gcp.regionhealthsource		timeout	600	default
gcp.regionhealthsource		update_await	compute_operation	discovery
gcp.regionhealthsource		update_mask	query	mm
gcp.regionhealthsource		update_verb	PATCH	mm
gcp.regionhealthsource	creationTimestamp	output	true	discovery+mm
gcp.regionhealthsource	fingerprint	output	true	mm
gcp.regionhealthsource	healthAggregationPolicy	equivalence	self_link	mm
gcp.regionhealthsource	id	output	true	discovery+mm
gcp.regionhealthsource	kind	output	true	discovery
gcp.regionhealthsource	name	immutable	true	mm
gcp.regionhealthsource	name	required	true	mm
gcp.regionhealthsource	region	immutable	true	mm
gcp.regionhealthsource	region	output	true	discovery
gcp.regionhealthsource	region	required	false	!mm+discovery
gcp.regionhealthsource	selfLink	output	true	discovery
gcp.regionhealthsource	selfLinkWithId	output	true	discovery+mm
gcp.regionhealthsource	sourceType	immutable	true	mm
gcp.regionhealthsource	sourceType	required	true	mm
gcp.regionhealthsource	sources	equivalence	self_link	mm
gcp.regionhealthsource	sources[]	equivalence	self_link	mm
gcp.regioninstancegroupmanagerresizerequest		clear_before_delete	none	default
gcp.regioninstancegroupmanagerresizerequest		create_await	compute_operation	discovery
gcp.regioninstancegroupmanagerresizerequest		create_url	projects/{project}/regions/{region}/instanceGroupManagers/{instanceGroupManager}/resizeRequests	discovery
gcp.regioninstancegroupmanagerresizerequest		create_verb	POST	discovery
gcp.regioninstancegroupmanagerresizerequest		delete_await	compute_operation	discovery
gcp.regioninstancegroupmanagerresizerequest		delete_url	projects/{project}/regions/{region}/instanceGroupManagers/{instanceGroupManager}/resizeRequests/{resizeRequest}	discovery
gcp.regioninstancegroupmanagerresizerequest		lock_field	none	default
gcp.regioninstancegroupmanagerresizerequest		patch_one_field	false	default
gcp.regioninstancegroupmanagerresizerequest		setters	none	default
gcp.regioninstancegroupmanagerresizerequest		timeout	600	default
gcp.regioninstancegroupmanagerresizerequest		update_await	none	default
gcp.regioninstancegroupmanagerresizerequest		update_mask	none	default
gcp.regioninstancegroupmanagerresizerequest		update_verb	none	default
gcp.regioninstancegroupmanagerresizerequest	creationTimestamp	output	true	discovery
gcp.regioninstancegroupmanagerresizerequest	id	output	true	discovery
gcp.regioninstancegroupmanagerresizerequest	instanceGroupManager	immutable	true	discovery
gcp.regioninstancegroupmanagerresizerequest	instanceGroupManager	required	true	discovery
gcp.regioninstancegroupmanagerresizerequest	kind	output	true	discovery
gcp.regioninstancegroupmanagerresizerequest	region	output	true	discovery
gcp.regioninstancegroupmanagerresizerequest	selfLink	output	true	discovery
gcp.regioninstancegroupmanagerresizerequest	selfLinkWithId	output	true	discovery
gcp.regioninstancegroupmanagerresizerequest	state	output	true	discovery
gcp.regioninstancegroupmanagerresizerequest	status	output	true	discovery
gcp.regioninstancegroupmanagerresizerequest	status.error	output	true	discovery
gcp.regioninstancegroupmanagerresizerequest	status.error.errors	output	true	discovery
gcp.regioninstancegroupmanagerresizerequest	status.error.errors[].code	output	true	discovery
gcp.regioninstancegroupmanagerresizerequest	status.error.errors[].errorDetails	output	true	discovery
gcp.regioninstancegroupmanagerresizerequest	status.error.errors[].location	output	true	discovery
gcp.regioninstancegroupmanagerresizerequest	status.error.errors[].message	output	true	discovery
gcp.regioninstancegroupmanagerresizerequest	status.lastAttempt	output	true	discovery
gcp.regioninstancegroupmanagerresizerequest	status.lastAttempt.error	output	true	discovery
gcp.regioninstancegroupmanagerresizerequest	status.lastAttempt.error.errors	output	true	discovery
gcp.regioninstancegroupmanagerresizerequest	status.lastAttempt.error.errors[].code	output	true	discovery
gcp.regioninstancegroupmanagerresizerequest	status.lastAttempt.error.errors[].errorDetails	output	true	discovery
gcp.regioninstancegroupmanagerresizerequest	status.lastAttempt.error.errors[].location	output	true	discovery
gcp.regioninstancegroupmanagerresizerequest	status.lastAttempt.error.errors[].message	output	true	discovery
gcp.regioninstancegroupmanagerresizerequest	zone	output	true	discovery
gcp.regioninstancetemplate		clear_before_delete	none	default
gcp.regioninstancetemplate		create_await	compute_operation	discovery
gcp.regioninstancetemplate		create_url	projects/{project}/regions/{region}/instanceTemplates	discovery
gcp.regioninstancetemplate		create_verb	POST	discovery
gcp.regioninstancetemplate		delete_await	compute_operation	discovery
gcp.regioninstancetemplate		delete_url	projects/{project}/regions/{region}/instanceTemplates/{instanceTemplate}	discovery
gcp.regioninstancetemplate		lock_field	none	default
gcp.regioninstancetemplate		patch_one_field	false	default
gcp.regioninstancetemplate		setters	none	default
gcp.regioninstancetemplate		timeout	600	default
gcp.regioninstancetemplate		update_await	none	default
gcp.regioninstancetemplate		update_mask	none	default
gcp.regioninstancetemplate		update_verb	none	default
gcp.regioninstancetemplate	creationTimestamp	output	true	discovery
gcp.regioninstancetemplate	id	output	true	discovery
gcp.regioninstancetemplate	kind	output	true	discovery
gcp.regioninstancetemplate	properties.disks[].architecture	output	true	discovery
gcp.regioninstancetemplate	properties.disks[].diskEncryptionKey.kmsKeyName	equivalence	kms_key	discovery
gcp.regioninstancetemplate	properties.disks[].diskEncryptionKey.sha256	output	true	discovery
gcp.regioninstancetemplate	properties.disks[].forceAttach	input_only	true	discovery
gcp.regioninstancetemplate	properties.disks[].index	output	true	discovery
gcp.regioninstancetemplate	properties.disks[].initializeParams	input_only	true	discovery
gcp.regioninstancetemplate	properties.disks[].initializeParams.resourceManagerTags	input_only	true	discovery
gcp.regioninstancetemplate	properties.disks[].initializeParams.sourceImageEncryptionKey.kmsKeyName	equivalence	kms_key	discovery
gcp.regioninstancetemplate	properties.disks[].initializeParams.sourceImageEncryptionKey.sha256	output	true	discovery
gcp.regioninstancetemplate	properties.disks[].initializeParams.sourceSnapshotEncryptionKey.kmsKeyName	equivalence	kms_key	discovery
gcp.regioninstancetemplate	properties.disks[].initializeParams.sourceSnapshotEncryptionKey.sha256	output	true	discovery
gcp.regioninstancetemplate	properties.disks[].kind	output	true	discovery
gcp.regioninstancetemplate	properties.disks[].licenses	output	true	discovery
gcp.regioninstancetemplate	properties.disks[].savedState	output	true	discovery
gcp.regioninstancetemplate	properties.disks[].shieldedInstanceInitialState	output	true	discovery
gcp.regioninstancetemplate	properties.metadata.kind	output	true	discovery
gcp.regioninstancetemplate	properties.networkInterfaces[].accessConfigs[].kind	output	true	discovery
gcp.regioninstancetemplate	properties.networkInterfaces[].ipv6AccessConfigs[].kind	output	true	discovery
gcp.regioninstancetemplate	properties.networkInterfaces[].ipv6AccessType	output	true	discovery
gcp.regioninstancetemplate	properties.networkInterfaces[].kind	output	true	discovery
gcp.regioninstancetemplate	properties.networkInterfaces[].name	output	true	discovery
gcp.regioninstancetemplate	properties.resourceManagerTags	input_only	true	discovery
gcp.regioninstancetemplate	region	output	true	discovery
gcp.regioninstancetemplate	selfLink	output	true	discovery
gcp.regioninstantsnapshot		clear_before_delete	none	default
gcp.regioninstantsnapshot		create_await	compute_operation	discovery
gcp.regioninstantsnapshot		create_url	projects/{{project}}/regions/{{region}}/instantSnapshots	mm
gcp.regioninstantsnapshot		create_verb	POST	discovery
gcp.regioninstantsnapshot		delete_await	compute_operation	discovery
gcp.regioninstantsnapshot		delete_url	projects/{project}/regions/{region}/instantSnapshots/{instantSnapshot}	discovery
gcp.regioninstantsnapshot		lock_field	none	default
gcp.regioninstantsnapshot		patch_one_field	false	default
gcp.regioninstantsnapshot		setters	labels=setLabels	mm+discovery
gcp.regioninstantsnapshot		timeout	600	default
gcp.regioninstantsnapshot		update_await	none	default
gcp.regioninstantsnapshot		update_mask	none	default
gcp.regioninstantsnapshot		update_verb	none	default
gcp.regioninstantsnapshot	architecture	output	true	discovery+mm
gcp.regioninstantsnapshot	creationTimestamp	output	true	discovery+mm
gcp.regioninstantsnapshot	description	immutable	true	discovery
gcp.regioninstantsnapshot	diskSizeGb	output	true	discovery+mm
gcp.regioninstantsnapshot	id	output	true	discovery
gcp.regioninstantsnapshot	kind	output	true	discovery
gcp.regioninstantsnapshot	labelFingerprint	output	true	mm
gcp.regioninstantsnapshot	name	immutable	true	mm+discovery
gcp.regioninstantsnapshot	name	required	true	mm
gcp.regioninstantsnapshot	params	immutable	true	mm+discovery
gcp.regioninstantsnapshot	params	input_only	true	discovery+mm
gcp.regioninstantsnapshot	params.resourceManagerTags	input_only	true	discovery+mm
gcp.regioninstantsnapshot	region	equivalence	self_link	mm
gcp.regioninstantsnapshot	region	output	true	discovery
gcp.regioninstantsnapshot	resourceStatus	output	true	discovery+mm
gcp.regioninstantsnapshot	resourceStatus.storageSizeBytes	output	true	discovery+mm
gcp.regioninstantsnapshot	satisfiesPzi	output	true	discovery
gcp.regioninstantsnapshot	satisfiesPzs	output	true	discovery
gcp.regioninstantsnapshot	selfLink	output	true	discovery
gcp.regioninstantsnapshot	selfLinkWithId	output	true	discovery
gcp.regioninstantsnapshot	sourceDisk	equivalence	self_link	mm
gcp.regioninstantsnapshot	sourceDisk	immutable	true	mm+discovery
gcp.regioninstantsnapshot	sourceDisk	required	true	mm
gcp.regioninstantsnapshot	sourceDiskId	output	true	discovery+mm
gcp.regioninstantsnapshot	sourceInstantSnapshotGroup	output	true	discovery+mm
gcp.regioninstantsnapshot	sourceInstantSnapshotGroupId	output	true	discovery+mm
gcp.regioninstantsnapshot	status	output	true	discovery+mm
gcp.regioninstantsnapshot	zone	output	true	discovery
gcp.regioninstantsnapshotgroup		clear_before_delete	none	default
gcp.regioninstantsnapshotgroup		create_await	compute_operation	discovery
gcp.regioninstantsnapshotgroup		create_url	projects/{project}/regions/{region}/instantSnapshotGroups	discovery
gcp.regioninstantsnapshotgroup		create_verb	POST	discovery
gcp.regioninstantsnapshotgroup		delete_await	compute_operation	discovery
gcp.regioninstantsnapshotgroup		delete_url	projects/{project}/regions/{region}/instantSnapshotGroups/{instantSnapshotGroup}	discovery
gcp.regioninstantsnapshotgroup		lock_field	none	default
gcp.regioninstantsnapshotgroup		patch_one_field	false	default
gcp.regioninstantsnapshotgroup		setters	none	default
gcp.regioninstantsnapshotgroup		timeout	600	default
gcp.regioninstantsnapshotgroup		update_await	none	default
gcp.regioninstantsnapshotgroup		update_mask	none	default
gcp.regioninstantsnapshotgroup		update_verb	none	default
gcp.regioninstantsnapshotgroup	creationTimestamp	output	true	discovery
gcp.regioninstantsnapshotgroup	id	output	true	discovery
gcp.regioninstantsnapshotgroup	kind	output	true	discovery
gcp.regioninstantsnapshotgroup	region	output	true	discovery
gcp.regioninstantsnapshotgroup	resourceStatus	output	true	discovery
gcp.regioninstantsnapshotgroup	resourceStatus.consistencyMembershipResolutionTime	output	true	discovery
gcp.regioninstantsnapshotgroup	resourceStatus.sourceInfo	output	true	discovery
gcp.regioninstantsnapshotgroup	resourceStatus.sourceInfo.consistencyGroup	output	true	discovery
gcp.regioninstantsnapshotgroup	resourceStatus.sourceInfo.consistencyGroupId	output	true	discovery
gcp.regioninstantsnapshotgroup	selfLink	output	true	discovery
gcp.regioninstantsnapshotgroup	selfLinkWithId	output	true	discovery
gcp.regioninstantsnapshotgroup	status	output	true	discovery
gcp.regioninstantsnapshotgroup	zone	output	true	discovery
gcp.regionnetworkendpointgroup		clear_before_delete	none	default
gcp.regionnetworkendpointgroup		create_await	compute_operation	discovery
gcp.regionnetworkendpointgroup		create_url	projects/{{project}}/regions/{{region}}/networkEndpointGroups	mm
gcp.regionnetworkendpointgroup		create_verb	POST	discovery
gcp.regionnetworkendpointgroup		delete_await	compute_operation	discovery
gcp.regionnetworkendpointgroup		delete_url	projects/{project}/regions/{region}/networkEndpointGroups/{networkEndpointGroup}	discovery
gcp.regionnetworkendpointgroup		lock_field	none	default
gcp.regionnetworkendpointgroup		patch_one_field	false	default
gcp.regionnetworkendpointgroup		setters	none	default
gcp.regionnetworkendpointgroup		timeout	600	default
gcp.regionnetworkendpointgroup		update_await	none	default
gcp.regionnetworkendpointgroup		update_mask	none	default
gcp.regionnetworkendpointgroup		update_verb	none	default
gcp.regionnetworkendpointgroup	creationTimestamp	output	true	discovery
gcp.regionnetworkendpointgroup	id	output	true	discovery
gcp.regionnetworkendpointgroup	kind	output	true	discovery
gcp.regionnetworkendpointgroup	name	required	true	mm
gcp.regionnetworkendpointgroup	network	equivalence	self_link	mm
gcp.regionnetworkendpointgroup	pscData.consumerPscAddress	output	true	discovery
gcp.regionnetworkendpointgroup	pscData.producerPort	input_only	true	mm
gcp.regionnetworkendpointgroup	pscData.pscConnectionId	output	true	discovery
gcp.regionnetworkendpointgroup	pscData.pscConnectionStatus	output	true	discovery
gcp.regionnetworkendpointgroup	region	equivalence	self_link	mm
gcp.regionnetworkendpointgroup	region	output	true	discovery
gcp.regionnetworkendpointgroup	region	required	false	!mm+discovery
gcp.regionnetworkendpointgroup	selfLink	output	true	discovery
gcp.regionnetworkendpointgroup	size	output	true	discovery
gcp.regionnetworkendpointgroup	subnetwork	equivalence	self_link	mm
gcp.regionnetworkendpointgroup	zone	output	true	discovery
gcp.regionnetworkfirewallpolicy		clear_before_delete	none	default
gcp.regionnetworkfirewallpolicy		create_await	compute_operation	discovery
gcp.regionnetworkfirewallpolicy		create_url	projects/{{project}}/regions/{{region}}/firewallPolicies	mm
gcp.regionnetworkfirewallpolicy		create_verb	POST	discovery
gcp.regionnetworkfirewallpolicy		delete_await	compute_operation	discovery
gcp.regionnetworkfirewallpolicy		delete_url	projects/{{project}}/regions/{{region}}/firewallPolicies/{{name}}	mm
gcp.regionnetworkfirewallpolicy		lock_field	fingerprint	discovery
gcp.regionnetworkfirewallpolicy		patch_one_field	false	default
gcp.regionnetworkfirewallpolicy		setters	none	default
gcp.regionnetworkfirewallpolicy		timeout	600	default
gcp.regionnetworkfirewallpolicy		update_await	compute_operation	discovery
gcp.regionnetworkfirewallpolicy		update_mask	none	default
gcp.regionnetworkfirewallpolicy		update_verb	PATCH	mm
gcp.regionnetworkfirewallpolicy	associations[].displayName	output	true	discovery
gcp.regionnetworkfirewallpolicy	associations[].firewallPolicyId	output	true	discovery
gcp.regionnetworkfirewallpolicy	associations[].shortName	output	true	discovery
gcp.regionnetworkfirewallpolicy	creationTimestamp	output	true	discovery+mm
gcp.regionnetworkfirewallpolicy	fingerprint	output	true	mm
gcp.regionnetworkfirewallpolicy	id	output	true	discovery+mm
gcp.regionnetworkfirewallpolicy	kind	output	true	discovery
gcp.regionnetworkfirewallpolicy	name	immutable	true	mm
gcp.regionnetworkfirewallpolicy	name	required	true	mm
gcp.regionnetworkfirewallpolicy	packetMirroringRules[].kind	output	true	discovery
gcp.regionnetworkfirewallpolicy	packetMirroringRules[].match.srcSecureTags[].state	output	true	discovery
gcp.regionnetworkfirewallpolicy	packetMirroringRules[].ruleTupleCount	output	true	discovery
gcp.regionnetworkfirewallpolicy	packetMirroringRules[].targetSecureTags[].state	output	true	discovery
gcp.regionnetworkfirewallpolicy	parent	output	true	discovery
gcp.regionnetworkfirewallpolicy	policyType	immutable	true	mm
gcp.regionnetworkfirewallpolicy	region	immutable	true	mm
gcp.regionnetworkfirewallpolicy	region	output	true	discovery
gcp.regionnetworkfirewallpolicy	ruleTupleCount	output	true	discovery+mm
gcp.regionnetworkfirewallpolicy	rules[].kind	output	true	discovery
gcp.regionnetworkfirewallpolicy	rules[].match.srcSecureTags[].state	output	true	discovery
gcp.regionnetworkfirewallpolicy	rules[].ruleTupleCount	output	true	discovery
gcp.regionnetworkfirewallpolicy	rules[].targetSecureTags[].state	output	true	discovery
gcp.regionnetworkfirewallpolicy	selfLink	output	true	discovery+mm
gcp.regionnetworkfirewallpolicy	selfLinkWithId	output	true	discovery+mm
gcp.regionnotificationendpoint		clear_before_delete	none	default
gcp.regionnotificationendpoint		create_await	compute_operation	discovery
gcp.regionnotificationendpoint		create_url	projects/{project}/regions/{region}/notificationEndpoints	discovery
gcp.regionnotificationendpoint		create_verb	POST	discovery
gcp.regionnotificationendpoint		delete_await	compute_operation	discovery
gcp.regionnotificationendpoint		delete_url	projects/{project}/regions/{region}/notificationEndpoints/{notificationEndpoint}	discovery
gcp.regionnotificationendpoint		lock_field	none	default
gcp.regionnotificationendpoint		patch_one_field	false	default
gcp.regionnotificationendpoint		setters	none	default
gcp.regionnotificationendpoint		timeout	600	default
gcp.regionnotificationendpoint		update_await	none	default
gcp.regionnotificationendpoint		update_mask	none	default
gcp.regionnotificationendpoint		update_verb	none	default
gcp.regionnotificationendpoint	creationTimestamp	output	true	discovery
gcp.regionnotificationendpoint	id	output	true	discovery
gcp.regionnotificationendpoint	kind	output	true	discovery
gcp.regionnotificationendpoint	region	output	true	discovery
gcp.regionnotificationendpoint	selfLink	output	true	discovery
gcp.regionsecuritypolicy		clear_before_delete	none	default
gcp.regionsecuritypolicy		create_await	compute_operation	discovery
gcp.regionsecuritypolicy		create_url	projects/{{project}}/regions/{{region}}/securityPolicies	mm
gcp.regionsecuritypolicy		create_verb	POST	discovery
gcp.regionsecuritypolicy		delete_await	compute_operation	discovery
gcp.regionsecuritypolicy		delete_url	projects/{{project}}/regions/{{region}}/securityPolicies/{{name}}	mm
gcp.regionsecuritypolicy		lock_field	fingerprint	discovery
gcp.regionsecuritypolicy		patch_one_field	false	default
gcp.regionsecuritypolicy		setters	none	default
gcp.regionsecuritypolicy		timeout	600	default
gcp.regionsecuritypolicy		update_await	compute_operation	discovery
gcp.regionsecuritypolicy		update_mask	query	mm
gcp.regionsecuritypolicy		update_verb	PATCH	mm
gcp.regionsecuritypolicy	advancedOptionsConfig.jsonCustomConfig.contentTypes	required	true	mm
gcp.regionsecuritypolicy	advancedOptionsConfig.jsonCustomConfig.contentTypes	unordered	true	mm
gcp.regionsecuritypolicy	advancedOptionsConfig.userIpRequestHeaders	unordered	true	mm
gcp.regionsecuritypolicy	associations[].displayName	output	true	discovery
gcp.regionsecuritypolicy	associations[].securityPolicyId	output	true	discovery
gcp.regionsecuritypolicy	associations[].shortName	output	true	discovery
gcp.regionsecuritypolicy	creationTimestamp	output	true	discovery
gcp.regionsecuritypolicy	ddosProtectionConfig.ddosProtection	required	true	mm
gcp.regionsecuritypolicy	fingerprint	output	true	mm
gcp.regionsecuritypolicy	id	output	true	discovery+mm
gcp.regionsecuritypolicy	kind	output	true	discovery
gcp.regionsecuritypolicy	name	immutable	true	mm
gcp.regionsecuritypolicy	name	required	true	mm
gcp.regionsecuritypolicy	parent	output	true	discovery
gcp.regionsecuritypolicy	region	equivalence	self_link	mm
gcp.regionsecuritypolicy	region	immutable	true	mm
gcp.regionsecuritypolicy	region	output	true	discovery
gcp.regionsecuritypolicy	rules[].action	required	true	mm
gcp.regionsecuritypolicy	rules[].kind	output	true	discovery
gcp.regionsecuritypolicy	rules[].match.expr.expression	required	true	mm
gcp.regionsecuritypolicy	rules[].preconfiguredWafConfig.exclusions[].requestCookiesToExclude[].op	required	true	mm
gcp.regionsecuritypolicy	rules[].preconfiguredWafConfig.exclusions[].requestHeadersToExclude[].op	required	true	mm
gcp.regionsecuritypolicy	rules[].preconfiguredWafConfig.exclusions[].requestQueryParamsToExclude[].op	required	true	mm
gcp.regionsecuritypolicy	rules[].preconfiguredWafConfig.exclusions[].requestUrisToExclude[].op	required	true	mm
gcp.regionsecuritypolicy	rules[].preconfiguredWafConfig.exclusions[].targetRuleSet	required	true	mm
gcp.regionsecuritypolicy	rules[].priority	required	true	mm
gcp.regionsecuritypolicy	selfLink	output	true	discovery+mm
gcp.regionsecuritypolicy	type_value	immutable	true	mm
gcp.regionsecuritypolicy	userDefinedFields[].base	required	true	mm
gcp.regionsnapshot		clear_before_delete	none	default
gcp.regionsnapshot		create_await	compute_operation	discovery
gcp.regionsnapshot		create_url	projects/{project}/regions/{region}/snapshots	discovery
gcp.regionsnapshot		create_verb	POST	discovery
gcp.regionsnapshot		delete_await	compute_operation	discovery
gcp.regionsnapshot		delete_url	projects/{project}/regions/{region}/snapshots/{snapshot}	discovery
gcp.regionsnapshot		lock_field	none	default
gcp.regionsnapshot		patch_one_field	false	default
gcp.regionsnapshot		setters	none	default
gcp.regionsnapshot		timeout	600	default
gcp.regionsnapshot		update_await	none	default
gcp.regionsnapshot		update_mask	none	default
gcp.regionsnapshot		update_verb	none	default
gcp.regionsnapshot	architecture	output	true	discovery
gcp.regionsnapshot	autoCreated	output	true	discovery
gcp.regionsnapshot	creationSizeBytes	output	true	discovery
gcp.regionsnapshot	creationTimestamp	output	true	discovery
gcp.regionsnapshot	diskSizeGb	output	true	discovery
gcp.regionsnapshot	downloadBytes	output	true	discovery
gcp.regionsnapshot	enableConfidentialCompute	output	true	discovery
gcp.regionsnapshot	guestFlush	input_only	true	discovery
gcp.regionsnapshot	guestOsFeatures	output	true	discovery
gcp.regionsnapshot	id	output	true	discovery
gcp.regionsnapshot	kind	output	true	discovery
gcp.regionsnapshot	licenseCodes	output	true	discovery
gcp.regionsnapshot	licenses	output	true	discovery
gcp.regionsnapshot	params	input_only	true	discovery
gcp.regionsnapshot	params.resourceManagerTags	input_only	true	discovery
gcp.regionsnapshot	region	output	true	discovery
gcp.regionsnapshot	satisfiesPzi	output	true	discovery
gcp.regionsnapshot	satisfiesPzs	output	true	discovery
gcp.regionsnapshot	selfLink	output	true	discovery
gcp.regionsnapshot	snapshotEncryptionKey.kmsKeyName	equivalence	kms_key	discovery
gcp.regionsnapshot	snapshotEncryptionKey.sha256	output	true	discovery
gcp.regionsnapshot	snapshotGroupId	output	true	discovery
gcp.regionsnapshot	snapshotGroupName	output	true	discovery
gcp.regionsnapshot	sourceDiskEncryptionKey.kmsKeyName	equivalence	kms_key	discovery
gcp.regionsnapshot	sourceDiskEncryptionKey.sha256	output	true	discovery
gcp.regionsnapshot	sourceDiskId	output	true	discovery
gcp.regionsnapshot	sourceInstantSnapshotEncryptionKey.kmsKeyName	equivalence	kms_key	discovery
gcp.regionsnapshot	sourceInstantSnapshotEncryptionKey.sha256	output	true	discovery
gcp.regionsnapshot	sourceInstantSnapshotId	output	true	discovery
gcp.regionsnapshot	sourceSnapshotSchedulePolicy	output	true	discovery
gcp.regionsnapshot	sourceSnapshotSchedulePolicyId	output	true	discovery
gcp.regionsnapshot	status	output	true	discovery
gcp.regionsnapshot	storageBytes	output	true	discovery
gcp.regionsnapshot	storageBytesStatus	output	true	discovery
gcp.regionsslcertificate		clear_before_delete	none	default
gcp.regionsslcertificate		create_await	compute_operation	discovery
gcp.regionsslcertificate		create_url	projects/{{project}}/regions/{{region}}/sslCertificates	mm
gcp.regionsslcertificate		create_verb	POST	discovery
gcp.regionsslcertificate		delete_await	compute_operation	discovery
gcp.regionsslcertificate		delete_url	projects/{project}/regions/{region}/sslCertificates/{sslCertificate}	discovery
gcp.regionsslcertificate		lock_field	none	default
gcp.regionsslcertificate		patch_one_field	false	default
gcp.regionsslcertificate		setters	none	default
gcp.regionsslcertificate		timeout	600	default
gcp.regionsslcertificate		update_await	none	default
gcp.regionsslcertificate		update_mask	none	default
gcp.regionsslcertificate		update_verb	none	default
gcp.regionsslcertificate	certificate	required	true	mm
gcp.regionsslcertificate	certificate	sensitive	true	mm
gcp.regionsslcertificate	creationTimestamp	output	true	discovery+mm
gcp.regionsslcertificate	expireTime	output	true	discovery+mm
gcp.regionsslcertificate	id	output	true	discovery+mm
gcp.regionsslcertificate	kind	output	true	discovery
gcp.regionsslcertificate	managed.domainStatus	output	true	discovery
gcp.regionsslcertificate	managed.status	output	true	discovery
gcp.regionsslcertificate	privateKey	immutable	true	mm
gcp.regionsslcertificate	privateKey	input_only	true	mm
gcp.regionsslcertificate	privateKey	required	true	mm
gcp.regionsslcertificate	privateKey	sensitive	true	mm
gcp.regionsslcertificate	region	equivalence	self_link	mm
gcp.regionsslcertificate	region	immutable	true	mm
gcp.regionsslcertificate	region	output	true	discovery
gcp.regionsslcertificate	selfLink	output	true	discovery
gcp.regionsslcertificate	selfManaged.privateKey	sensitive	true	ruling
gcp.regionsslcertificate	subjectAlternativeNames	output	true	discovery
gcp.regionsslpolicy		clear_before_delete	none	default
gcp.regionsslpolicy		create_await	compute_operation	discovery
gcp.regionsslpolicy		create_url	projects/{{project}}/regions/{{region}}/sslPolicies	mm
gcp.regionsslpolicy		create_verb	POST	discovery
gcp.regionsslpolicy		delete_await	compute_operation	discovery
gcp.regionsslpolicy		delete_url	projects/{project}/regions/{region}/sslPolicies/{sslPolicy}	discovery
gcp.regionsslpolicy		lock_field	fingerprint	discovery
gcp.regionsslpolicy		patch_one_field	false	default
gcp.regionsslpolicy		setters	none	default
gcp.regionsslpolicy		timeout	600	default
gcp.regionsslpolicy		update_await	compute_operation	discovery
gcp.regionsslpolicy		update_mask	none	default
gcp.regionsslpolicy		update_verb	PATCH	mm
gcp.regionsslpolicy	creationTimestamp	output	true	discovery+mm
gcp.regionsslpolicy	customFeatures	unordered	true	mm
gcp.regionsslpolicy	description	immutable	true	mm
gcp.regionsslpolicy	enabledFeatures	output	true	discovery+mm
gcp.regionsslpolicy	enabledFeatures	unordered	true	mm
gcp.regionsslpolicy	fingerprint	output	true	mm
gcp.regionsslpolicy	id	output	true	discovery
gcp.regionsslpolicy	kind	output	true	discovery
gcp.regionsslpolicy	name	immutable	true	mm
gcp.regionsslpolicy	name	required	true	mm
gcp.regionsslpolicy	region	equivalence	self_link	mm
gcp.regionsslpolicy	region	immutable	true	mm
gcp.regionsslpolicy	region	output	true	discovery
gcp.regionsslpolicy	selfLink	output	true	discovery
gcp.regionsslpolicy	warnings	output	true	discovery
gcp.regionsslpolicy	warnings[].code	output	true	discovery
gcp.regionsslpolicy	warnings[].data	output	true	discovery
gcp.regionsslpolicy	warnings[].data[].key	output	true	discovery
gcp.regionsslpolicy	warnings[].data[].value	output	true	discovery
gcp.regionsslpolicy	warnings[].message	output	true	discovery
gcp.regiontargethttpproxy		clear_before_delete	none	default
gcp.regiontargethttpproxy		create_await	compute_operation	discovery
gcp.regiontargethttpproxy		create_url	projects/{{project}}/regions/{{region}}/targetHttpProxies	mm
gcp.regiontargethttpproxy		create_verb	POST	discovery
gcp.regiontargethttpproxy		delete_await	compute_operation	discovery
gcp.regiontargethttpproxy		delete_url	projects/{project}/regions/{region}/targetHttpProxies/{targetHttpProxy}	discovery
gcp.regiontargethttpproxy		lock_field	fingerprint	discovery
gcp.regiontargethttpproxy		patch_one_field	false	default
gcp.regiontargethttpproxy		setters	urlMap=setUrlMap	mm+discovery
gcp.regiontargethttpproxy		timeout	600	default
gcp.regiontargethttpproxy		update_await	none	default
gcp.regiontargethttpproxy		update_mask	none	default
gcp.regiontargethttpproxy		update_verb	none	default
gcp.regiontargethttpproxy	creationTimestamp	output	true	discovery+mm
gcp.regiontargethttpproxy	description	immutable	true	discovery
gcp.regiontargethttpproxy	fingerprint	immutable	true	discovery
gcp.regiontargethttpproxy	httpKeepAliveTimeoutSec	immutable	true	discovery
gcp.regiontargethttpproxy	id	output	true	discovery+mm
gcp.regiontargethttpproxy	kind	output	true	discovery
gcp.regiontargethttpproxy	name	immutable	true	discovery
gcp.regiontargethttpproxy	name	required	true	mm
gcp.regiontargethttpproxy	proxyBind	immutable	true	discovery
gcp.regiontargethttpproxy	region	equivalence	self_link	mm
gcp.regiontargethttpproxy	region	immutable	true	mm
gcp.regiontargethttpproxy	region	output	true	discovery
gcp.regiontargethttpproxy	selfLink	output	true	discovery
gcp.regiontargethttpproxy	urlMap	equivalence	self_link	mm
gcp.regiontargethttpproxy	urlMap	required	true	mm
gcp.regiontargethttpsproxy		clear_before_delete	none	default
gcp.regiontargethttpsproxy		create_await	compute_operation	discovery
gcp.regiontargethttpsproxy		create_url	projects/{{project}}/regions/{{region}}/targetHttpsProxies	mm
gcp.regiontargethttpsproxy		create_verb	POST	discovery
gcp.regiontargethttpsproxy		delete_await	compute_operation	discovery
gcp.regiontargethttpsproxy		delete_url	projects/{project}/regions/{region}/targetHttpsProxies/{targetHttpsProxy}	discovery
gcp.regiontargethttpsproxy		lock_field	fingerprint	discovery
gcp.regiontargethttpsproxy		patch_one_field	false	default
gcp.regiontargethttpsproxy		setters	sslCertificates=setSslCertificates,urlMap=setUrlMap	mm+discovery
gcp.regiontargethttpsproxy		timeout	600	default
gcp.regiontargethttpsproxy		update_await	compute_operation	discovery
gcp.regiontargethttpsproxy		update_mask	none	discovery
gcp.regiontargethttpsproxy		update_verb	PATCH	discovery
gcp.regiontargethttpsproxy	authorizationPolicy	immutable	true	mm
gcp.regiontargethttpsproxy	certificateMap	immutable	true	mm
gcp.regiontargethttpsproxy	creationTimestamp	output	true	discovery+mm
gcp.regiontargethttpsproxy	description	immutable	true	mm
gcp.regiontargethttpsproxy	fingerprint	immutable	true	mm
gcp.regiontargethttpsproxy	httpKeepAliveTimeoutSec	immutable	true	mm
gcp.regiontargethttpsproxy	id	output	true	discovery+mm
gcp.regiontargethttpsproxy	kind	output	true	discovery
gcp.regiontargethttpsproxy	name	immutable	true	mm
gcp.regiontargethttpsproxy	name	required	true	mm
gcp.regiontargethttpsproxy	proxyBind	immutable	true	mm
gcp.regiontargethttpsproxy	quicOverride	immutable	true	mm
gcp.regiontargethttpsproxy	region	equivalence	self_link	mm
gcp.regiontargethttpsproxy	region	immutable	true	mm
gcp.regiontargethttpsproxy	region	output	true	discovery
gcp.regiontargethttpsproxy	selfLink	output	true	discovery
gcp.regiontargethttpsproxy	serverTlsPolicy	equivalence	self_link	mm
gcp.regiontargethttpsproxy	sslCertificates	equivalence	self_link	mm
gcp.regiontargethttpsproxy	sslCertificates	immutable	false	!mm+mm+discovery
gcp.regiontargethttpsproxy	sslCertificates[]	equivalence	self_link	mm
gcp.regiontargethttpsproxy	sslPolicy	equivalence	self_link	mm
gcp.regiontargethttpsproxy	tlsEarlyData	immutable	true	mm
gcp.regiontargethttpsproxy	urlMap	equivalence	self_link	mm
gcp.regiontargethttpsproxy	urlMap	immutable	false	!mm+mm+discovery
gcp.regiontargethttpsproxy	urlMap	required	true	mm
gcp.regiontargettcpproxy		clear_before_delete	none	default
gcp.regiontargettcpproxy		create_await	compute_operation	discovery
gcp.regiontargettcpproxy		create_url	projects/{{project}}/regions/{{region}}/targetTcpProxies	mm
gcp.regiontargettcpproxy		create_verb	POST	discovery
gcp.regiontargettcpproxy		delete_await	compute_operation	discovery
gcp.regiontargettcpproxy		delete_url	projects/{project}/regions/{region}/targetTcpProxies/{targetTcpProxy}	discovery
gcp.regiontargettcpproxy		lock_field	none	default
gcp.regiontargettcpproxy		patch_one_field	false	default
gcp.regiontargettcpproxy		setters	none	default
gcp.regiontargettcpproxy		timeout	600	default
gcp.regiontargettcpproxy		update_await	none	default
gcp.regiontargettcpproxy		update_mask	none	default
gcp.regiontargettcpproxy		update_verb	none	default
gcp.regiontargettcpproxy	creationTimestamp	output	true	discovery+mm
gcp.regiontargettcpproxy	description	immutable	true	mm
gcp.regiontargettcpproxy	id	output	true	discovery+mm
gcp.regiontargettcpproxy	kind	output	true	discovery
gcp.regiontargettcpproxy	name	immutable	true	mm
gcp.regiontargettcpproxy	name	required	true	mm
gcp.regiontargettcpproxy	region	equivalence	self_link	mm
gcp.regiontargettcpproxy	region	immutable	true	mm
gcp.regiontargettcpproxy	region	output	true	discovery
gcp.regiontargettcpproxy	selfLink	output	true	discovery
gcp.regiontargettcpproxy	service	equivalence	self_link	mm
gcp.regionurlmap		clear_before_delete	none	default
gcp.regionurlmap		create_await	compute_operation	discovery
gcp.regionurlmap		create_url	projects/{{project}}/regions/{{region}}/urlMaps	mm
gcp.regionurlmap		create_verb	POST	discovery
gcp.regionurlmap		delete_await	compute_operation	discovery
gcp.regionurlmap		delete_url	projects/{project}/regions/{region}/urlMaps/{urlMap}	discovery
gcp.regionurlmap		lock_field	fingerprint	discovery
gcp.regionurlmap		patch_one_field	false	default
gcp.regionurlmap		setters	none	default
gcp.regionurlmap		timeout	600	default
gcp.regionurlmap		update_await	compute_operation	discovery
gcp.regionurlmap		update_mask	none	discovery
gcp.regionurlmap		update_verb	PATCH	discovery
gcp.regionurlmap	creationTimestamp	output	true	discovery+mm
gcp.regionurlmap	defaultRouteAction.requestMirrorPolicy.backendService	equivalence	self_link	mm
gcp.regionurlmap	defaultRouteAction.weightedBackendServices[].backendService	equivalence	self_link	mm
gcp.regionurlmap	defaultService	equivalence	self_link	mm
gcp.regionurlmap	defaultUrlRedirect.stripQuery	required	true	mm
gcp.regionurlmap	fingerprint	output	true	mm
gcp.regionurlmap	hostRules	unordered	true	mm
gcp.regionurlmap	hostRules[].hosts	required	true	mm
gcp.regionurlmap	hostRules[].hosts	unordered	true	mm
gcp.regionurlmap	hostRules[].pathMatcher	required	true	mm
gcp.regionurlmap	id	output	true	discovery+mm
gcp.regionurlmap	kind	output	true	discovery
gcp.regionurlmap	name	immutable	true	mm
gcp.regionurlmap	name	required	true	mm
gcp.regionurlmap	pathMatchers[].defaultRouteAction.maxStreamDuration.seconds	required	true	mm
gcp.regionurlmap	pathMatchers[].defaultRouteAction.requestMirrorPolicy.backendService	equivalence	self_link	mm
gcp.regionurlmap	pathMatchers[].defaultRouteAction.requestMirrorPolicy.backendService	required	true	mm
gcp.regionurlmap	pathMatchers[].defaultRouteAction.weightedBackendServices[].backendService	equivalence	self_link	mm
gcp.regionurlmap	pathMatchers[].defaultService	equivalence	self_link	mm
gcp.regionurlmap	pathMatchers[].defaultUrlRedirect.stripQuery	required	true	mm
gcp.regionurlmap	pathMatchers[].name	required	true	mm
gcp.regionurlmap	pathMatchers[].pathRules[].paths	required	true	mm
gcp.regionurlmap	pathMatchers[].pathRules[].paths	unordered	true	mm
gcp.regionurlmap	pathMatchers[].pathRules[].routeAction.corsPolicy.disabled	required	true	mm
gcp.regionurlmap	pathMatchers[].pathRules[].routeAction.faultInjectionPolicy.abort.httpStatus	required	true	mm
gcp.regionurlmap	pathMatchers[].pathRules[].routeAction.faultInjectionPolicy.abort.percentage	required	true	mm
gcp.regionurlmap	pathMatchers[].pathRules[].routeAction.faultInjectionPolicy.delay.fixedDelay	required	true	mm
gcp.regionurlmap	pathMatchers[].pathRules[].routeAction.faultInjectionPolicy.delay.fixedDelay.seconds	required	true	mm
gcp.regionurlmap	pathMatchers[].pathRules[].routeAction.faultInjectionPolicy.delay.percentage	required	true	mm
gcp.regionurlmap	pathMatchers[].pathRules[].routeAction.requestMirrorPolicy.backendService	equivalence	self_link	mm
gcp.regionurlmap	pathMatchers[].pathRules[].routeAction.requestMirrorPolicy.backendService	required	true	mm
gcp.regionurlmap	pathMatchers[].pathRules[].routeAction.retryPolicy.perTryTimeout.seconds	required	true	mm
gcp.regionurlmap	pathMatchers[].pathRules[].routeAction.timeout.seconds	required	true	mm
gcp.regionurlmap	pathMatchers[].pathRules[].routeAction.weightedBackendServices[].backendService	equivalence	self_link	mm
gcp.regionurlmap	pathMatchers[].pathRules[].routeAction.weightedBackendServices[].backendService	required	true	mm
gcp.regionurlmap	pathMatchers[].pathRules[].routeAction.weightedBackendServices[].headerAction.requestHeadersToAdd[].headerName	required	true	mm
gcp.regionurlmap	pathMatchers[].pathRules[].routeAction.weightedBackendServices[].headerAction.requestHeadersToAdd[].headerValue	required	true	mm
gcp.regionurlmap	pathMatchers[].pathRules[].routeAction.weightedBackendServices[].headerAction.requestHeadersToAdd[].replace	required	true	mm
gcp.regionurlmap	pathMatchers[].pathRules[].routeAction.weightedBackendServices[].headerAction.responseHeadersToAdd[].headerName	required	true	mm
gcp.regionurlmap	pathMatchers[].pathRules[].routeAction.weightedBackendServices[].headerAction.responseHeadersToAdd[].headerValue	required	true	mm
gcp.regionurlmap	pathMatchers[].pathRules[].routeAction.weightedBackendServices[].headerAction.responseHeadersToAdd[].replace	required	true	mm
gcp.regionurlmap	pathMatchers[].pathRules[].routeAction.weightedBackendServices[].weight	required	true	mm
gcp.regionurlmap	pathMatchers[].pathRules[].service	equivalence	self_link	mm
gcp.regionurlmap	pathMatchers[].pathRules[].urlRedirect.stripQuery	required	true	mm
gcp.regionurlmap	pathMatchers[].routeRules[].headerAction.requestHeadersToAdd[].headerName	required	true	mm
gcp.regionurlmap	pathMatchers[].routeRules[].headerAction.requestHeadersToAdd[].headerValue	required	true	mm
gcp.regionurlmap	pathMatchers[].routeRules[].headerAction.requestHeadersToAdd[].replace	required	true	mm
gcp.regionurlmap	pathMatchers[].routeRules[].headerAction.responseHeadersToAdd[].headerName	required	true	mm
gcp.regionurlmap	pathMatchers[].routeRules[].headerAction.responseHeadersToAdd[].headerValue	required	true	mm
gcp.regionurlmap	pathMatchers[].routeRules[].headerAction.responseHeadersToAdd[].replace	required	true	mm
gcp.regionurlmap	pathMatchers[].routeRules[].matchRules[].headerMatches[].headerName	required	true	mm
gcp.regionurlmap	pathMatchers[].routeRules[].matchRules[].headerMatches[].rangeMatch.rangeEnd	required	true	mm
gcp.regionurlmap	pathMatchers[].routeRules[].matchRules[].headerMatches[].rangeMatch.rangeStart	required	true	mm
gcp.regionurlmap	pathMatchers[].routeRules[].matchRules[].metadataFilters[].filterLabels	required	true	mm
gcp.regionurlmap	pathMatchers[].routeRules[].matchRules[].metadataFilters[].filterLabels[].name	required	true	mm
gcp.regionurlmap	pathMatchers[].routeRules[].matchRules[].metadataFilters[].filterLabels[].value	required	true	mm
gcp.regionurlmap	pathMatchers[].routeRules[].matchRules[].metadataFilters[].filterMatchCriteria	required	true	mm
gcp.regionurlmap	pathMatchers[].routeRules[].matchRules[].queryParameterMatches[].name	required	true	mm
gcp.regionurlmap	pathMatchers[].routeRules[].priority	required	true	mm
gcp.regionurlmap	pathMatchers[].routeRules[].routeAction.faultInjectionPolicy.delay.fixedDelay.seconds	required	true	mm
gcp.regionurlmap	pathMatchers[].routeRules[].routeAction.requestMirrorPolicy.backendService	equivalence	self_link	mm
gcp.regionurlmap	pathMatchers[].routeRules[].routeAction.requestMirrorPolicy.backendService	required	true	mm
gcp.regionurlmap	pathMatchers[].routeRules[].routeAction.retryPolicy.numRetries	required	true	mm
gcp.regionurlmap	pathMatchers[].routeRules[].routeAction.retryPolicy.perTryTimeout.seconds	required	true	mm
gcp.regionurlmap	pathMatchers[].routeRules[].routeAction.timeout.seconds	required	true	mm
gcp.regionurlmap	pathMatchers[].routeRules[].routeAction.weightedBackendServices[].backendService	equivalence	self_link	mm
gcp.regionurlmap	pathMatchers[].routeRules[].routeAction.weightedBackendServices[].backendService	required	true	mm
gcp.regionurlmap	pathMatchers[].routeRules[].routeAction.weightedBackendServices[].headerAction.requestHeadersToAdd[].headerName	required	true	mm
gcp.regionurlmap	pathMatchers[].routeRules[].routeAction.weightedBackendServices[].headerAction.requestHeadersToAdd[].headerValue	required	true	mm
gcp.regionurlmap	pathMatchers[].routeRules[].routeAction.weightedBackendServices[].headerAction.requestHeadersToAdd[].replace	required	true	mm
gcp.regionurlmap	pathMatchers[].routeRules[].routeAction.weightedBackendServices[].headerAction.responseHeadersToAdd[].headerName	required	true	mm
gcp.regionurlmap	pathMatchers[].routeRules[].routeAction.weightedBackendServices[].headerAction.responseHeadersToAdd[].headerValue	required	true	mm
gcp.regionurlmap	pathMatchers[].routeRules[].routeAction.weightedBackendServices[].headerAction.responseHeadersToAdd[].replace	required	true	mm
gcp.regionurlmap	pathMatchers[].routeRules[].routeAction.weightedBackendServices[].weight	required	true	mm
gcp.regionurlmap	pathMatchers[].routeRules[].service	equivalence	self_link	mm
gcp.regionurlmap	region	equivalence	self_link	mm
gcp.regionurlmap	region	output	true	discovery
gcp.regionurlmap	selfLink	output	true	discovery
gcp.regionurlmap	tests[].host	required	true	mm
gcp.regionurlmap	tests[].path	required	true	mm
gcp.regionurlmap	tests[].service	equivalence	self_link	mm
gcp.regionurlmap	tests[].service	required	true	mm
gcp.repository		clear_before_delete	none	default
gcp.repository		create_await	longrunning	discovery
gcp.repository		create_url	projects/{{project}}/locations/{{location}}/connections/{{parent_connection}}/repositories?repositoryId={{name}}	mm
gcp.repository		create_verb	POST	discovery
gcp.repository		delete_await	longrunning	discovery
gcp.repository		delete_url	projects/{{project}}/locations/{{location}}/connections/{{parent_connection}}/repositories/{{name}}	mm
gcp.repository		lock_field	none	default
gcp.repository		patch_one_field	false	default
gcp.repository		setters	none	default
gcp.repository		timeout	1200	default
gcp.repository		update_await	none	default
gcp.repository		update_mask	none	default
gcp.repository		update_verb	none	default
gcp.repository	annotations	immutable	true	mm
gcp.repository	createTime	output	true	discovery+mm
gcp.repository	etag	output	true	mm
gcp.repository	name	immutable	true	discovery+mm
gcp.repository	name	input_only	true	mm
gcp.repository	name	required	true	mm
gcp.repository	parent_connection	immutable	true	mm
gcp.repository	parent_connection	required	true	mm
gcp.repository	remoteUri	immutable	true	mm
gcp.repository	remoteUri	required	true	mm
gcp.repository	updateTime	output	true	discovery+mm
gcp.repository	webhookId	output	true	discovery
gcp.resourcepolicy		clear_before_delete	none	default
gcp.resourcepolicy		create_await	compute_operation	discovery
gcp.resourcepolicy		create_url	projects/{{project}}/regions/{{region}}/resourcePolicies	mm
gcp.resourcepolicy		create_verb	POST	discovery
gcp.resourcepolicy		delete_await	compute_operation	discovery
gcp.resourcepolicy		delete_url	projects/{project}/regions/{region}/resourcePolicies/{resourcePolicy}	discovery
gcp.resourcepolicy		lock_field	none	default
gcp.resourcepolicy		patch_one_field	false	default
gcp.resourcepolicy		setters	none	default
gcp.resourcepolicy		timeout	600	default
gcp.resourcepolicy		update_await	compute_operation	discovery
gcp.resourcepolicy		update_mask	none	default
gcp.resourcepolicy		update_verb	PATCH	mm
gcp.resourcepolicy	creationTimestamp	output	true	discovery
gcp.resourcepolicy	groupPlacementPolicy.gpuTopology	immutable	true	mm
gcp.resourcepolicy	id	output	true	discovery
gcp.resourcepolicy	instanceSchedulePolicy.timeZone	required	true	mm
gcp.resourcepolicy	instanceSchedulePolicy.vmStartSchedule.schedule	required	true	mm
gcp.resourcepolicy	instanceSchedulePolicy.vmStopSchedule.schedule	required	true	mm
gcp.resourcepolicy	kind	output	true	discovery
gcp.resourcepolicy	name	required	true	mm
gcp.resourcepolicy	region	equivalence	self_link	mm
gcp.resourcepolicy	region	immutable	true	mm
gcp.resourcepolicy	region	output	true	discovery
gcp.resourcepolicy	resourceStatus	output	true	discovery
gcp.resourcepolicy	resourceStatus.instanceSchedulePolicy	output	true	discovery
gcp.resourcepolicy	resourceStatus.instanceSchedulePolicy.lastRunStartTime	output	true	discovery
gcp.resourcepolicy	resourceStatus.instanceSchedulePolicy.nextRunStartTime	output	true	discovery
gcp.resourcepolicy	selfLink	output	true	discovery
gcp.resourcepolicy	snapshotSchedulePolicy.retentionPolicy.maxRetentionDays	required	true	mm
gcp.resourcepolicy	snapshotSchedulePolicy.schedule	required	true	mm
gcp.resourcepolicy	snapshotSchedulePolicy.schedule.dailySchedule.daysInCycle	required	true	mm
gcp.resourcepolicy	snapshotSchedulePolicy.schedule.dailySchedule.duration	output	true	discovery
gcp.resourcepolicy	snapshotSchedulePolicy.schedule.dailySchedule.startTime	required	true	mm
gcp.resourcepolicy	snapshotSchedulePolicy.schedule.hourlySchedule.duration	output	true	discovery
gcp.resourcepolicy	snapshotSchedulePolicy.schedule.hourlySchedule.hoursInCycle	required	true	mm
gcp.resourcepolicy	snapshotSchedulePolicy.schedule.hourlySchedule.startTime	required	true	mm
gcp.resourcepolicy	snapshotSchedulePolicy.schedule.weeklySchedule.dayOfWeeks	required	true	mm
gcp.resourcepolicy	snapshotSchedulePolicy.schedule.weeklySchedule.dayOfWeeks	unordered	true	mm
gcp.resourcepolicy	snapshotSchedulePolicy.schedule.weeklySchedule.dayOfWeeks[].day	required	true	mm
gcp.resourcepolicy	snapshotSchedulePolicy.schedule.weeklySchedule.dayOfWeeks[].duration	output	true	discovery
gcp.resourcepolicy	snapshotSchedulePolicy.schedule.weeklySchedule.dayOfWeeks[].startTime	required	true	mm
gcp.resourcepolicy	snapshotSchedulePolicy.snapshotProperties.storageLocations	unordered	true	mm
gcp.resourcepolicy	status	output	true	discovery
gcp.resourcepolicy	workloadPolicy.acceleratorTopology	immutable	true	mm
gcp.resourcepolicy	workloadPolicy.acceleratorTopologyMode	immutable	true	mm
gcp.resourcepolicy	workloadPolicy.maxTopologyDistance	immutable	true	mm
gcp.resourcepolicy	workloadPolicy.type	immutable	true	mm
gcp.resourcepolicy	workloadPolicy.type	required	true	mm
gcp.resourcerecordset		clear_before_delete	none	default
gcp.resourcerecordset		create_await	none	discovery
gcp.resourcerecordset		create_url	projects/{project}/managedZones/{managedZone}/rrsets	discovery
gcp.resourcerecordset		create_verb	POST	discovery
gcp.resourcerecordset		delete_await	none	discovery
gcp.resourcerecordset		delete_url	projects/{project}/managedZones/{managedZone}/rrsets/{name}/{type}	discovery
gcp.resourcerecordset		lock_field	none	default
gcp.resourcerecordset		patch_one_field	false	default
gcp.resourcerecordset		setters	none	default
gcp.resourcerecordset		timeout	60	default
gcp.resourcerecordset		update_await	none	discovery
gcp.resourcerecordset		update_mask	none	discovery
gcp.resourcerecordset		update_verb	PATCH	discovery
gcp.resourcerecordset	kind	output	true	discovery
gcp.resourcerecordset	managedZone	immutable	true	discovery
gcp.resourcerecordset	managedZone	required	true	discovery
gcp.resourcerecordset	routingPolicy.geo.items[].healthCheckedTargets.internalLoadBalancers[].kind	output	true	discovery
gcp.resourcerecordset	routingPolicy.geo.items[].kind	output	true	discovery
gcp.resourcerecordset	routingPolicy.geo.kind	output	true	discovery
gcp.resourcerecordset	routingPolicy.kind	output	true	discovery
gcp.resourcerecordset	routingPolicy.primaryBackup.backupGeoTargets.items[].healthCheckedTargets.internalLoadBalancers[].kind	output	true	discovery
gcp.resourcerecordset	routingPolicy.primaryBackup.backupGeoTargets.items[].kind	output	true	discovery
gcp.resourcerecordset	routingPolicy.primaryBackup.backupGeoTargets.kind	output	true	discovery
gcp.resourcerecordset	routingPolicy.primaryBackup.kind	output	true	discovery
gcp.resourcerecordset	routingPolicy.primaryBackup.primaryTargets.internalLoadBalancers[].kind	output	true	discovery
gcp.resourcerecordset	routingPolicy.wrr.items[].healthCheckedTargets.internalLoadBalancers[].kind	output	true	discovery
gcp.resourcerecordset	routingPolicy.wrr.items[].kind	output	true	discovery
gcp.resourcerecordset	routingPolicy.wrr.kind	output	true	discovery
gcp.responsepolicy		clear_before_delete	gkeClusters,networks	ruling
gcp.responsepolicy		create_await	none	discovery
gcp.responsepolicy		create_url	projects/{{project}}/responsePolicies	mm
gcp.responsepolicy		create_verb	POST	discovery
gcp.responsepolicy		delete_await	none	discovery
gcp.responsepolicy		delete_url	projects/{{project}}/responsePolicies/{{response_policy_name}}	mm
gcp.responsepolicy		lock_field	none	default
gcp.responsepolicy		patch_one_field	false	default
gcp.responsepolicy		setters	none	default
gcp.responsepolicy		timeout	60	default
gcp.responsepolicy		update_await	none	discovery
gcp.responsepolicy		update_mask	none	default
gcp.responsepolicy		update_verb	PATCH	mm
gcp.responsepolicy	description	required	true	ruling+observed
gcp.responsepolicy	gkeClusters[].gkeClusterName	required	true	mm
gcp.responsepolicy	gkeClusters[].kind	output	true	discovery
gcp.responsepolicy	kind	output	true	discovery
gcp.responsepolicy	networks[].kind	output	true	discovery
gcp.responsepolicy	networks[].networkUrl	equivalence	self_link	mm
gcp.responsepolicy	networks[].networkUrl	required	true	mm
gcp.responsepolicy	responsePolicyName	immutable	true	mm
gcp.responsepolicy	responsePolicyName	required	true	mm
gcp.responsepolicyrule		clear_before_delete	none	default
gcp.responsepolicyrule		create_await	none	discovery
gcp.responsepolicyrule		create_url	projects/{{project}}/responsePolicies/{{response_policy}}/rules	mm
gcp.responsepolicyrule		create_verb	POST	discovery
gcp.responsepolicyrule		delete_await	none	discovery
gcp.responsepolicyrule		delete_url	projects/{{project}}/responsePolicies/{{response_policy}}/rules/{{rule_name}}	mm
gcp.responsepolicyrule		lock_field	none	default
gcp.responsepolicyrule		patch_one_field	false	default
gcp.responsepolicyrule		setters	none	default
gcp.responsepolicyrule		timeout	60	default
gcp.responsepolicyrule		update_await	none	discovery
gcp.responsepolicyrule		update_mask	none	default
gcp.responsepolicyrule		update_verb	PATCH	mm
gcp.responsepolicyrule	dnsName	required	true	mm
gcp.responsepolicyrule	kind	output	true	discovery
gcp.responsepolicyrule	localData.localDatas	required	true	mm
gcp.responsepolicyrule	localData.localDatas[].kind	output	true	discovery
gcp.responsepolicyrule	localData.localDatas[].name	required	true	mm
gcp.responsepolicyrule	localData.localDatas[].routingPolicy.geo.items[].healthCheckedTargets.internalLoadBalancers[].kind	output	true	discovery
gcp.responsepolicyrule	localData.localDatas[].routingPolicy.geo.items[].kind	output	true	discovery
gcp.responsepolicyrule	localData.localDatas[].routingPolicy.geo.kind	output	true	discovery
gcp.responsepolicyrule	localData.localDatas[].routingPolicy.kind	output	true	discovery
gcp.responsepolicyrule	localData.localDatas[].routingPolicy.primaryBackup.backupGeoTargets.items[].healthCheckedTargets.internalLoadBalancers[].kind	output	true	discovery
gcp.responsepolicyrule	localData.localDatas[].routingPolicy.primaryBackup.backupGeoTargets.items[].kind	output	true	discovery
gcp.responsepolicyrule	localData.localDatas[].routingPolicy.primaryBackup.backupGeoTargets.kind	output	true	discovery
gcp.responsepolicyrule	localData.localDatas[].routingPolicy.primaryBackup.kind	output	true	discovery
gcp.responsepolicyrule	localData.localDatas[].routingPolicy.primaryBackup.primaryTargets.internalLoadBalancers[].kind	output	true	discovery
gcp.responsepolicyrule	localData.localDatas[].routingPolicy.wrr.items[].healthCheckedTargets.internalLoadBalancers[].kind	output	true	discovery
gcp.responsepolicyrule	localData.localDatas[].routingPolicy.wrr.items[].kind	output	true	discovery
gcp.responsepolicyrule	localData.localDatas[].routingPolicy.wrr.kind	output	true	discovery
gcp.responsepolicyrule	localData.localDatas[].type	required	true	mm
gcp.responsepolicyrule	response_policy	immutable	true	mm
gcp.responsepolicyrule	response_policy	required	true	mm
gcp.responsepolicyrule	ruleName	immutable	true	mm
gcp.responsepolicyrule	ruleName	required	true	mm
gcp.rolloutplan		clear_before_delete	none	default
gcp.rolloutplan		create_await	compute_operation	discovery
gcp.rolloutplan		create_url	projects/{{project}}/global/rolloutPlans	mm
gcp.rolloutplan		create_verb	POST	discovery
gcp.rolloutplan		delete_await	compute_operation	discovery
gcp.rolloutplan		delete_url	projects/{{project}}/global/rolloutPlans/{{name}}	mm
gcp.rolloutplan		lock_field	none	default
gcp.rolloutplan		patch_one_field	false	default
gcp.rolloutplan		setters	none	default
gcp.rolloutplan		timeout	600	default
gcp.rolloutplan		update_await	none	default
gcp.rolloutplan		update_mask	none	default
gcp.rolloutplan		update_verb	none	default
gcp.rolloutplan	creationTimestamp	output	true	discovery
gcp.rolloutplan	id	output	true	discovery
gcp.rolloutplan	kind	output	true	discovery
gcp.rolloutplan	name	immutable	true	mm
gcp.rolloutplan	name	required	true	mm
gcp.rolloutplan	selfLink	output	true	discovery
gcp.rolloutplan	selfLinkWithId	output	true	discovery
gcp.rolloutplan	waves	required	true	mm
gcp.rolloutplan	waves[].number	output	true	discovery+mm
gcp.rolloutplan	waves[].selectors	required	true	mm
gcp.rolloutplan	waves[].validation	required	true	mm
gcp.rolloutplan	waves[].validation.type	required	true	mm
gcp.route		clear_before_delete	none	default
gcp.route		create_await	compute_operation	discovery
gcp.route		create_url	projects/{{project}}/global/routes	mm
gcp.route		create_verb	POST	discovery
gcp.route		delete_await	compute_operation	discovery
gcp.route		delete_url	projects/{project}/global/routes/{route}	discovery
gcp.route		lock_field	none	default
gcp.route		patch_one_field	false	default
gcp.route		setters	none	default
gcp.route		timeout	600	default
gcp.route		update_await	none	default
gcp.route		update_mask	none	default
gcp.route		update_verb	none	default
gcp.route	asPaths	output	true	discovery+mm
gcp.route	asPaths[].asLists	output	true	discovery+mm
gcp.route	asPaths[].pathSegmentType	output	true	discovery+mm
gcp.route	creationTimestamp	output	true	discovery+mm
gcp.route	destRange	required	true	mm
gcp.route	id	output	true	discovery
gcp.route	kind	output	true	discovery
gcp.route	name	required	true	mm
gcp.route	network	equivalence	self_link	mm
gcp.route	network	immutable	true	mm
gcp.route	network	required	true	mm
gcp.route	nextHopGateway	equivalence	self_link	mm
gcp.route	nextHopGateway	immutable	true	mm
gcp.route	nextHopHub	output	true	discovery+mm
gcp.route	nextHopIlb	immutable	true	mm
gcp.route	nextHopInstance	equivalence	self_link	mm
gcp.route	nextHopInstance	immutable	true	mm
gcp.route	nextHopInterRegionCost	output	true	discovery+mm
gcp.route	nextHopInterconnectAttachment	output	true	discovery
gcp.route	nextHopIp	immutable	true	mm
gcp.route	nextHopMed	output	true	discovery+mm
gcp.route	nextHopNetwork	output	true	mm
gcp.route	nextHopOrigin	output	true	discovery+mm
gcp.route	nextHopPeering	output	true	discovery+mm
gcp.route	nextHopVpnTunnel	equivalence	self_link	mm
gcp.route	nextHopVpnTunnel	immutable	true	mm
gcp.route	params	immutable	true	mm
gcp.route	params	input_only	true	discovery+mm
gcp.route	params.resourceManagerTags	input_only	true	mm
gcp.route	priority	immutable	true	mm
gcp.route	routeStatus	output	true	discovery+mm
gcp.route	routeType	output	true	discovery+mm
gcp.route	selfLink	output	true	discovery
gcp.route	tags	immutable	true	mm
gcp.route	tags	unordered	true	mm
gcp.route	warnings	output	true	discovery+mm
gcp.route	warnings[].code	output	true	discovery+mm
gcp.route	warnings[].data	output	true	discovery+mm
gcp.route	warnings[].data[].key	output	true	discovery+mm
gcp.route	warnings[].data[].value	output	true	discovery+mm
gcp.route	warnings[].message	output	true	discovery+mm
gcp.router		clear_before_delete	none	default
gcp.router		create_await	compute_operation	discovery
gcp.router		create_url	projects/{{project}}/regions/{{region}}/routers	mm
gcp.router		create_verb	POST	discovery
gcp.router		delete_await	compute_operation	discovery
gcp.router		delete_url	projects/{project}/regions/{region}/routers/{router}	discovery
gcp.router		lock_field	none	default
gcp.router		patch_one_field	false	default
gcp.router		setters	none	default
gcp.router		timeout	600	default
gcp.router		update_await	compute_operation	discovery
gcp.router		update_mask	none	default
gcp.router		update_verb	PATCH	mm
gcp.router	bgp.advertisedIpRanges	unordered	true	mm
gcp.router	bgp.advertisedIpRanges[].range	required	true	mm
gcp.router	bgp.asn	required	true	mm
gcp.router	bgpPeers[].managementType	output	true	discovery
gcp.router	creationTimestamp	output	true	discovery+mm
gcp.router	encryptedInterconnectRouter	immutable	true	mm
gcp.router	id	output	true	discovery
gcp.router	interfaces[].managementType	output	true	discovery
gcp.router	kind	output	true	discovery
gcp.router	md5AuthenticationKeys	input_only	true	mm
gcp.router	md5AuthenticationKeys[].key	input_only	true	discovery
gcp.router	md5AuthenticationKeys[].key	required	true	mm
gcp.router	md5AuthenticationKeys[].key	sensitive	true	ruling
gcp.router	md5AuthenticationKeys[].name	required	true	mm
gcp.router	name	immutable	true	mm
gcp.router	name	required	true	mm
gcp.router	nats[].effectiveTcpTimeWaitTimeoutSec	output	true	discovery
gcp.router	nccGateway	equivalence	self_link	mm
gcp.router	nccGateway	immutable	true	mm
gcp.router	network	equivalence	self_link	mm
gcp.router	network	immutable	true	mm
gcp.router	params	immutable	true	mm
gcp.router	params	input_only	true	discovery+mm
gcp.router	params.resourceManagerTags	input_only	true	mm
gcp.router	region	equivalence	self_link	mm
gcp.router	region	immutable	true	mm
gcp.router	region	output	true	discovery
gcp.router	selfLink	output	true	discovery
gcp.routine		clear_before_delete	none	default
gcp.routine		create_await	none	discovery
gcp.routine		create_url	projects/{{project}}/datasets/{{dataset_id}}/routines	mm
gcp.routine		create_verb	POST	discovery
gcp.routine		delete_await	none	discovery
gcp.routine		delete_url	projects/{{project}}/datasets/{{dataset_id}}/routines/{{routine_id}}	mm
gcp.routine		lock_field	none	default
gcp.routine		patch_one_field	false	default
gcp.routine		setters	none	default
gcp.routine		timeout	60	default
gcp.routine		update_await	none	default
gcp.routine		update_mask	none	default
gcp.routine		update_verb	none	default
gcp.routine	buildStatus	output	true	discovery
gcp.routine	buildStatus.buildDuration	output	true	discovery
gcp.routine	buildStatus.buildState	output	true	discovery
gcp.routine	buildStatus.buildStateUpdateTime	output	true	discovery
gcp.routine	buildStatus.errorResult	output	true	discovery
gcp.routine	buildStatus.imageSizeBytes	output	true	discovery
gcp.routine	creationTime	output	true	discovery+mm
gcp.routine	definitionBody	required	true	mm
gcp.routine	etag	output	true	discovery
gcp.routine	lastModifiedTime	output	true	discovery+mm
gcp.routine	pythonOptions.entryPoint	required	true	mm
gcp.routine	routineReference	required	true	mm
gcp.routine	routineReference.datasetId	immutable	true	mm
gcp.routine	routineReference.datasetId	required	true	mm
gcp.routine	routineReference.routineId	immutable	true	mm
gcp.routine	routineReference.routineId	required	true	mm
gcp.routine	routineType	immutable	true	mm
gcp.routine	routineType	required	true	mm
gcp.rowaccesspolicy		clear_before_delete	none	default
gcp.rowaccesspolicy		create_await	none	discovery
gcp.rowaccesspolicy		create_url	projects/{{project}}/datasets/{{dataset_id}}/tables/{{table_id}}/rowAccessPolicies	mm
gcp.rowaccesspolicy		create_verb	POST	discovery
gcp.rowaccesspolicy		delete_await	none	discovery
gcp.rowaccesspolicy		delete_url	projects/{{project}}/datasets/{{dataset_id}}/tables/{{table_id}}/rowAccessPolicies/{{policy_id}}	mm
gcp.rowaccesspolicy		lock_field	none	default
gcp.rowaccesspolicy		patch_one_field	false	default
gcp.rowaccesspolicy		setters	none	default
gcp.rowaccesspolicy		timeout	60	default
gcp.rowaccesspolicy		update_await	none	default
gcp.rowaccesspolicy		update_mask	none	default
gcp.rowaccesspolicy		update_verb	none	default
gcp.rowaccesspolicy	creationTime	output	true	discovery+mm
gcp.rowaccesspolicy	etag	output	true	discovery
gcp.rowaccesspolicy	filterPredicate	required	true	mm
gcp.rowaccesspolicy	grantees	input_only	true	discovery+mm
gcp.rowaccesspolicy	lastModifiedTime	output	true	discovery+mm
gcp.rowaccesspolicy	rowAccessPolicyReference	required	true	mm
gcp.rowaccesspolicy	rowAccessPolicyReference.datasetId	immutable	true	mm
gcp.rowaccesspolicy	rowAccessPolicyReference.datasetId	required	true	mm
gcp.rowaccesspolicy	rowAccessPolicyReference.policyId	immutable	true	mm
gcp.rowaccesspolicy	rowAccessPolicyReference.policyId	required	true	mm
gcp.rowaccesspolicy	rowAccessPolicyReference.tableId	immutable	true	mm
gcp.rowaccesspolicy	rowAccessPolicyReference.tableId	required	true	mm
gcp.run.instance		clear_before_delete	none	default
gcp.run.instance		create_await	longrunning	discovery
gcp.run.instance		create_url	projects/{{project}}/locations/{{location}}/instances?instanceId={{instanceId}}	discovery
gcp.run.instance		create_verb	POST	discovery
gcp.run.instance		delete_await	longrunning	discovery
gcp.run.instance		delete_url	{+name}	discovery
gcp.run.instance		lock_field	none	default
gcp.run.instance		patch_one_field	false	default
gcp.run.instance		setters	none	default
gcp.run.instance		timeout	1200	default
gcp.run.instance		update_await	longrunning	discovery
gcp.run.instance		update_mask	query	discovery
gcp.run.instance		update_verb	PATCH	discovery
gcp.run.instance	conditions	output	true	discovery
gcp.run.instance	conditions[].executionReason	output	true	discovery
gcp.run.instance	conditions[].instanceReason	output	true	discovery
gcp.run.instance	conditions[].reason	output	true	discovery
gcp.run.instance	conditions[].revisionReason	output	true	discovery
gcp.run.instance	containerStatuses	output	true	discovery
gcp.run.instance	containers[].buildInfo	output	true	discovery
gcp.run.instance	containers[].buildInfo.functionTarget	output	true	discovery
gcp.run.instance	containers[].buildInfo.sourceLocation	output	true	discovery
gcp.run.instance	containers[].sourceCode.inlinedSource	input_only	true	discovery
gcp.run.instance	containers[].sourceCode.inlinedSource.sources	input_only	true	discovery
gcp.run.instance	containers[].sourceCode.inlinedSource.sources[].content	input_only	true	discovery
gcp.run.instance	containers[].sourceCode.inlinedSource.sources[].filename	input_only	true	discovery
gcp.run.instance	createTime	output	true	discovery
gcp.run.instance	creator	output	true	discovery
gcp.run.instance	deleteTime	output	true	discovery
gcp.run.instance	expireTime	output	true	discovery
gcp.run.instance	generation	output	true	discovery
gcp.run.instance	instanceId	immutable	true	discovery
gcp.run.instance	lastModifier	output	true	discovery
gcp.run.instance	logUri	output	true	discovery
gcp.run.instance	name	output	true	discovery
gcp.run.instance	observedGeneration	output	true	discovery
gcp.run.instance	reconciling	output	true	discovery
gcp.run.instance	satisfiesPzs	output	true	discovery
gcp.run.instance	terminalCondition	output	true	discovery
gcp.run.instance	terminalCondition.executionReason	output	true	discovery
gcp.run.instance	terminalCondition.instanceReason	output	true	discovery
gcp.run.instance	terminalCondition.reason	output	true	discovery
gcp.run.instance	terminalCondition.revisionReason	output	true	discovery
gcp.run.instance	uid	output	true	discovery
gcp.run.instance	updateTime	output	true	discovery
gcp.run.instance	urls	output	true	discovery
gcp.schemabundle		clear_before_delete	none	default
gcp.schemabundle		create_await	longrunning	discovery
gcp.schemabundle		create_url	{+parent}/schemaBundles?schemaBundleId={{schemaBundleId}}	discovery
gcp.schemabundle		create_verb	POST	discovery
gcp.schemabundle		delete_await	none	discovery
gcp.schemabundle		delete_url	{+name}	discovery
gcp.schemabundle		lock_field	none	default
gcp.schemabundle		patch_one_field	false	default
gcp.schemabundle		setters	none	default
gcp.schemabundle		timeout	1200	default
gcp.schemabundle		update_await	longrunning	discovery
gcp.schemabundle		update_mask	query	discovery
gcp.schemabundle		update_verb	PATCH	discovery
gcp.schemabundle	name	output	true	discovery
gcp.schemabundle	schemaBundleId	immutable	true	discovery
gcp.schemabundle	schemaBundleId	required	true	discovery
gcp.scimtenant		clear_before_delete	none	default
gcp.scimtenant		create_await	none	discovery
gcp.scimtenant		create_url	{+parent}/scimTenants	discovery
gcp.scimtenant		create_verb	POST	discovery
gcp.scimtenant		delete_await	none	discovery
gcp.scimtenant		delete_url	{+name}	discovery
gcp.scimtenant		lock_field	none	default
gcp.scimtenant		patch_one_field	false	default
gcp.scimtenant		setters	none	default
gcp.scimtenant		timeout	60	default
gcp.scimtenant		update_await	none	discovery
gcp.scimtenant		update_mask	query	discovery
gcp.scimtenant		update_verb	PATCH	discovery
gcp.scimtenant	baseUri	output	true	discovery
gcp.scimtenant	claimMapping	immutable	true	discovery
gcp.scimtenant	purgeTime	output	true	discovery
gcp.scimtenant	serviceAgent	output	true	discovery
gcp.scimtenant	state	output	true	discovery
gcp.secret		clear_before_delete	none	default
gcp.secret		create_await	none	discovery
gcp.secret		create_url	projects/{{project}}/secrets?secretId={{secret_id}}	mm
gcp.secret		create_verb	POST	discovery
gcp.secret		delete_await	none	discovery
gcp.secret		delete_url	projects/{{project}}/secrets/{{secret_id}}	mm
gcp.secret		lock_field	none	default
gcp.secret		patch_one_field	false	default
gcp.secret		setters	none	default
gcp.secret		timeout	60	default
gcp.secret		update_await	none	discovery
gcp.secret		update_mask	query	mm
gcp.secret		update_verb	PATCH	mm
gcp.secret	createTime	output	true	discovery+mm
gcp.secret	name	output	true	discovery+mm
gcp.secret	policyMember	output	true	discovery
gcp.secret	policyMember.iamPolicyNamePrincipal	output	true	discovery
gcp.secret	policyMember.iamPolicyUidPrincipal	output	true	discovery
gcp.secret	replication	immutable	true	discovery+mm
gcp.secret	replication	required	true	mm
gcp.secret	replication.automatic	immutable	true	mm
gcp.secret	replication.automatic.customerManagedEncryption.kmsKeyName	required	true	mm
gcp.secret	replication.userManaged	immutable	true	mm
gcp.secret	replication.userManaged.replicas	immutable	true	mm
gcp.secret	replication.userManaged.replicas	required	true	mm
gcp.secret	replication.userManaged.replicas[].customerManagedEncryption.kmsKeyName	required	true	mm
gcp.secret	replication.userManaged.replicas[].location	immutable	true	mm
gcp.secret	replication.userManaged.replicas[].location	required	true	mm
gcp.secret	rotation.managedRotationStatus	output	true	discovery
gcp.secret	rotation.managedRotationStatus.error	output	true	discovery
gcp.secret	rotation.managedRotationStatus.state	output	true	discovery
gcp.secret	rotation.rotationPeriod	input_only	true	discovery
gcp.secret	secretType	immutable	true	discovery+mm
gcp.secret	secret_id	immutable	true	mm
gcp.secret	secret_id	required	true	mm
gcp.secret	tags	immutable	true	discovery+mm
gcp.secret	tags	input_only	true	discovery+mm
gcp.secret	topics[].name	required	true	mm
gcp.secret	ttl	input_only	true	discovery+mm
gcp.securitypolicy		clear_before_delete	none	default
gcp.securitypolicy		create_await	compute_operation	discovery
gcp.securitypolicy		create_url	projects/{project}/global/securityPolicies	discovery
gcp.securitypolicy		create_verb	POST	discovery
gcp.securitypolicy		delete_await	compute_operation	discovery
gcp.securitypolicy		delete_url	projects/{project}/global/securityPolicies/{securityPolicy}	discovery
gcp.securitypolicy		lock_field	fingerprint	discovery
gcp.securitypolicy		patch_one_field	false	default
gcp.securitypolicy		setters	none	default
gcp.securitypolicy		timeout	600	default
gcp.securitypolicy		update_await	compute_operation	discovery
gcp.securitypolicy		update_mask	query	discovery
gcp.securitypolicy		update_verb	PATCH	discovery
gcp.securitypolicy	associations[].displayName	output	true	discovery
gcp.securitypolicy	associations[].securityPolicyId	output	true	discovery
gcp.securitypolicy	associations[].shortName	output	true	discovery
gcp.securitypolicy	creationTimestamp	output	true	discovery
gcp.securitypolicy	id	output	true	discovery
gcp.securitypolicy	kind	output	true	discovery
gcp.securitypolicy	parent	output	true	discovery
gcp.securitypolicy	region	output	true	discovery
gcp.securitypolicy	rules[].kind	output	true	discovery
gcp.securitypolicy	selfLink	output	true	discovery
gcp.servertlspolicy		clear_before_delete	none	default
gcp.servertlspolicy		create_await	longrunning	discovery
gcp.servertlspolicy		create_url	projects/{{project}}/locations/{{location}}/serverTlsPolicies?serverTlsPolicyId={{name}}	mm
gcp.servertlspolicy		create_verb	POST	discovery
gcp.servertlspolicy		delete_await	longrunning	discovery
gcp.servertlspolicy		delete_url	{+name}	discovery
gcp.servertlspolicy		lock_field	none	default
gcp.servertlspolicy		patch_one_field	false	default
gcp.servertlspolicy		setters	none	default
gcp.servertlspolicy		timeout	1200	default
gcp.servertlspolicy		update_await	longrunning	discovery
gcp.servertlspolicy		update_mask	query	mm
gcp.servertlspolicy		update_verb	PATCH	mm
gcp.servertlspolicy	createTime	output	true	discovery+mm
gcp.servertlspolicy	mtlsPolicy.clientValidationCa[].certificateProviderInstance.pluginInstance	required	true	mm
gcp.servertlspolicy	mtlsPolicy.clientValidationCa[].grpcEndpoint.targetUri	required	true	mm
gcp.servertlspolicy	mtlsPolicy.clientValidationMode	immutable	true	mm
gcp.servertlspolicy	mtlsPolicy.clientValidationTrustConfig	immutable	true	mm
gcp.servertlspolicy	name	immutable	true	mm
gcp.servertlspolicy	name	required	true	mm
gcp.servertlspolicy	serverCertificate.certificateProviderInstance.pluginInstance	required	true	mm
gcp.servertlspolicy	serverCertificate.grpcEndpoint.targetUri	required	true	mm
gcp.servertlspolicy	updateTime	output	true	discovery+mm
gcp.service		clear_before_delete	none	default
gcp.service		create_await	longrunning	discovery
gcp.service		create_url	projects/{{project}}/locations/{{location}}/services?serviceId={{serviceId}}	discovery
gcp.service		create_verb	POST	discovery
gcp.service		delete_await	longrunning	discovery
gcp.service		delete_url	{+name}	discovery
gcp.service		lock_field	none	default
gcp.service		patch_one_field	false	default
gcp.service		setters	none	default
gcp.service		timeout	1200	default
gcp.service		update_await	longrunning	discovery
gcp.service		update_mask	query	discovery
gcp.service		update_verb	PATCH	discovery
gcp.service	buildConfig.name	output	true	discovery
gcp.service	conditions	output	true	discovery
gcp.service	conditions[].executionReason	output	true	discovery
gcp.service	conditions[].instanceReason	output	true	discovery
gcp.service	conditions[].reason	output	true	discovery
gcp.service	conditions[].revisionReason	output	true	discovery
gcp.service	createTime	output	true	discovery
gcp.service	creator	output	true	discovery
gcp.service	deleteTime	output	true	discovery
gcp.service	expireTime	output	true	discovery
gcp.service	generation	output	true	discovery
gcp.service	lastModifier	output	true	discovery
gcp.service	latestCreatedRevision	output	true	discovery
gcp.service	latestReadyRevision	output	true	discovery
gcp.service	name	output	true	discovery
gcp.service	observedGeneration	output	true	discovery
gcp.service	reconciling	output	true	discovery
gcp.service	satisfiesPzs	output	true	discovery
gcp.service	serviceId	immutable	true	discovery
gcp.service	template.containers[].buildInfo	output	true	discovery
gcp.service	template.containers[].buildInfo.functionTarget	output	true	discovery
gcp.service	template.containers[].buildInfo.sourceLocation	output	true	discovery
gcp.service	template.containers[].sourceCode.inlinedSource	input_only	true	discovery
gcp.service	template.containers[].sourceCode.inlinedSource.sources	input_only	true	discovery
gcp.service	template.containers[].sourceCode.inlinedSource.sources[].content	input_only	true	discovery
gcp.service	template.containers[].sourceCode.inlinedSource.sources[].filename	input_only	true	discovery
gcp.service	terminalCondition	output	true	discovery
gcp.service	terminalCondition.executionReason	output	true	discovery
gcp.service	terminalCondition.instanceReason	output	true	discovery
gcp.service	terminalCondition.reason	output	true	discovery
gcp.service	terminalCondition.revisionReason	output	true	discovery
gcp.service	threatDetectionEnabled	output	true	discovery
gcp.service	trafficStatuses	output	true	discovery
gcp.service	uid	output	true	discovery
gcp.service	updateTime	output	true	discovery
gcp.service	uri	output	true	discovery
gcp.service	urls	output	true	discovery
gcp.serviceaccount		clear_before_delete	none	default
gcp.serviceaccount		create_await	none	discovery
gcp.serviceaccount		create_url	projects/{{project}}/serviceAccounts	discovery
gcp.serviceaccount		create_verb	POST	discovery
gcp.serviceaccount		delete_await	none	discovery
gcp.serviceaccount		delete_url	{+name}	discovery
gcp.serviceaccount		lock_field	none	default
gcp.serviceaccount		patch_one_field	false	default
gcp.serviceaccount		setters	none	default
gcp.serviceaccount		timeout	60	default
gcp.serviceaccount		update_await	none	discovery
gcp.serviceaccount		update_mask	body:updateMask	discovery
gcp.serviceaccount		update_verb	PATCH	discovery
gcp.serviceaccount	accountId	immutable	true	discovery
gcp.serviceaccount	disabled	output	true	discovery
gcp.serviceaccount	email	output	true	discovery
gcp.serviceaccount	oauth2ClientId	output	true	discovery
gcp.serviceaccount	projectId	output	true	discovery
gcp.serviceaccount	uniqueId	output	true	discovery
gcp.servicebinding		clear_before_delete	none	default
gcp.servicebinding		create_await	longrunning	discovery
gcp.servicebinding		create_url	projects/{{project}}/locations/global/serviceBindings?serviceBindingId={{name}}	mm
gcp.servicebinding		create_verb	POST	discovery
gcp.servicebinding		delete_await	longrunning	discovery
gcp.servicebinding		delete_url	{+name}	discovery
gcp.servicebinding		lock_field	none	default
gcp.servicebinding		patch_one_field	false	default
gcp.servicebinding		setters	none	default
gcp.servicebinding		timeout	1200	default
gcp.servicebinding		update_await	none	default
gcp.servicebinding		update_mask	none	mm
gcp.servicebinding		update_verb	none	mm
gcp.servicebinding	createTime	output	true	discovery+mm
gcp.servicebinding	name	required	true	mm
gcp.servicebinding	service	required	true	mm
gcp.servicebinding	serviceId	output	true	discovery
gcp.servicebinding	updateTime	output	true	discovery+mm
gcp.servicelbpolicy		clear_before_delete	none	default
gcp.servicelbpolicy		create_await	longrunning	discovery
gcp.servicelbpolicy		create_url	projects/{{project}}/locations/{{location}}/serviceLbPolicies?serviceLbPolicyId={{serviceLbPolicyId}}	discovery
gcp.servicelbpolicy		create_verb	POST	discovery
gcp.servicelbpolicy		delete_await	longrunning	discovery
gcp.servicelbpolicy		delete_url	{+name}	discovery
gcp.servicelbpolicy		lock_field	none	default
gcp.servicelbpolicy		patch_one_field	false	default
gcp.servicelbpolicy		setters	none	default
gcp.servicelbpolicy		timeout	1200	default
gcp.servicelbpolicy		update_await	longrunning	discovery
gcp.servicelbpolicy		update_mask	query	discovery
gcp.servicelbpolicy		update_verb	PATCH	discovery
gcp.servicelbpolicy	createTime	output	true	discovery
gcp.servicelbpolicy	name	output	true	discovery
gcp.servicelbpolicy	serviceLbPolicyId	immutable	true	discovery
gcp.servicelbpolicy	serviceLbPolicyId	required	true	discovery
gcp.servicelbpolicy	updateTime	output	true	discovery
gcp.servicelevelobjective		clear_before_delete	none	default
gcp.servicelevelobjective		create_await	none	discovery
gcp.servicelevelobjective		create_url	{+parent}/serviceLevelObjectives?serviceLevelObjectiveId={{serviceLevelObjectiveId}}	discovery
gcp.servicelevelobjective		create_verb	POST	discovery
gcp.servicelevelobjective		delete_await	none	discovery
gcp.servicelevelobjective		delete_url	{+name}	discovery
gcp.servicelevelobjective		lock_field	none	default
gcp.servicelevelobjective		patch_one_field	false	default
gcp.servicelevelobjective		setters	none	default
gcp.servicelevelobjective		timeout	60	default
gcp.servicelevelobjective		update_await	none	discovery
gcp.servicelevelobjective		update_mask	query	discovery
gcp.servicelevelobjective		update_verb	PATCH	discovery
gcp.servicelevelobjective	name	output	true	discovery
gcp.servicelevelobjective	serviceLevelObjectiveId	immutable	true	discovery
gcp.sessiontemplate		clear_before_delete	none	default
gcp.sessiontemplate		create_await	none	discovery
gcp.sessiontemplate		create_url	projects/{{project}}/locations/{{location}}/sessionTemplates	mm
gcp.sessiontemplate		create_verb	POST	discovery
gcp.sessiontemplate		delete_await	none	discovery
gcp.sessiontemplate		delete_url	{+name}	discovery
gcp.sessiontemplate		lock_field	none	default
gcp.sessiontemplate		patch_one_field	false	default
gcp.sessiontemplate		setters	none	default
gcp.sessiontemplate		timeout	60	default
gcp.sessiontemplate		update_await	none	discovery
gcp.sessiontemplate		update_mask	none	default
gcp.sessiontemplate		update_verb	PATCH	mm
gcp.sessiontemplate	createTime	output	true	discovery+mm
gcp.sessiontemplate	creator	output	true	discovery+mm
gcp.sessiontemplate	name	immutable	true	mm
gcp.sessiontemplate	name	required	true	mm
gcp.sessiontemplate	updateTime	output	true	discovery+mm
gcp.sessiontemplate	uuid	output	true	discovery+mm
gcp.spanner.backup		clear_before_delete	none	default
gcp.spanner.backup		create_await	longrunning	discovery
gcp.spanner.backup		create_url	{+parent}/backups?backupId={{backupId}}	discovery
gcp.spanner.backup		create_verb	POST	discovery
gcp.spanner.backup		delete_await	none	discovery
gcp.spanner.backup		delete_url	{+name}	discovery
gcp.spanner.backup		lock_field	none	default
gcp.spanner.backup		patch_one_field	false	default
gcp.spanner.backup		setters	none	default
gcp.spanner.backup		timeout	1200	default
gcp.spanner.backup		update_await	none	discovery
gcp.spanner.backup		update_mask	query	discovery
gcp.spanner.backup		update_verb	PATCH	discovery
gcp.spanner.backup	backupId	immutable	true	discovery
gcp.spanner.backup	backupId	required	true	discovery
gcp.spanner.backup	backupSchedules	output	true	discovery
gcp.spanner.backup	createTime	output	true	discovery
gcp.spanner.backup	databaseDialect	output	true	discovery
gcp.spanner.backup	encryptionInfo	output	true	discovery
gcp.spanner.backup	encryptionInfo.encryptionStatus	output	true	discovery
gcp.spanner.backup	encryptionInfo.encryptionType	output	true	discovery
gcp.spanner.backup	encryptionInfo.kmsKeyVersion	output	true	discovery
gcp.spanner.backup	encryptionInformation	output	true	discovery
gcp.spanner.backup	encryptionInformation[].encryptionStatus	output	true	discovery
gcp.spanner.backup	encryptionInformation[].encryptionType	output	true	discovery
gcp.spanner.backup	encryptionInformation[].kmsKeyVersion	output	true	discovery
gcp.spanner.backup	exclusiveSizeBytes	output	true	discovery
gcp.spanner.backup	freeableSizeBytes	output	true	discovery
gcp.spanner.backup	incrementalBackupChainId	output	true	discovery
gcp.spanner.backup	instancePartitions	output	true	discovery
gcp.spanner.backup	maxExpireTime	output	true	discovery
gcp.spanner.backup	minimumRestorableEdition	output	true	discovery
gcp.spanner.backup	name	output	true	discovery
gcp.spanner.backup	oldestVersionTime	output	true	discovery
gcp.spanner.backup	referencingBackups	output	true	discovery
gcp.spanner.backup	referencingDatabases	output	true	discovery
gcp.spanner.backup	sizeBytes	output	true	discovery
gcp.spanner.backup	state	output	true	discovery
gcp.spanner.session		clear_before_delete	none	default
gcp.spanner.session		create_await	none	discovery
gcp.spanner.session		create_url	{+database}/sessions	discovery
gcp.spanner.session		create_verb	POST	discovery
gcp.spanner.session		delete_await	none	discovery
gcp.spanner.session		delete_url	{+name}	discovery
gcp.spanner.session		lock_field	none	default
gcp.spanner.session		patch_one_field	false	default
gcp.spanner.session		setters	none	default
gcp.spanner.session		timeout	60	default
gcp.spanner.session		update_await	none	default
gcp.spanner.session		update_mask	none	default
gcp.spanner.session		update_verb	none	default
gcp.spanner.session	approximateLastUseTime	output	true	discovery
gcp.spanner.session	createTime	output	true	discovery
gcp.spanner.session	name	output	true	discovery
gcp.sqladmin.databas		clear_before_delete	none	default
gcp.sqladmin.databas		create_await	compute_operation	discovery
gcp.sqladmin.databas		create_url	projects/{project}/instances/{instance}/databases	discovery
gcp.sqladmin.databas		create_verb	POST	discovery
gcp.sqladmin.databas		delete_await	compute_operation	discovery
gcp.sqladmin.databas		delete_url	projects/{project}/instances/{instance}/databases/{database}	discovery
gcp.sqladmin.databas		lock_field	none	default
gcp.sqladmin.databas		patch_one_field	false	default
gcp.sqladmin.databas		setters	none	default
gcp.sqladmin.databas		timeout	600	default
gcp.sqladmin.databas		update_await	compute_operation	discovery
gcp.sqladmin.databas		update_mask	none	discovery
gcp.sqladmin.databas		update_verb	PATCH	discovery
gcp.sqladmin.instance		clear_before_delete	none	default
gcp.sqladmin.instance		create_await	compute_operation	discovery
gcp.sqladmin.instance		create_url	projects/{project}/instances	discovery
gcp.sqladmin.instance		create_verb	POST	discovery
gcp.sqladmin.instance		delete_await	compute_operation	discovery
gcp.sqladmin.instance		delete_url	projects/{project}/instances/{instance}	discovery
gcp.sqladmin.instance		lock_field	none	default
gcp.sqladmin.instance		patch_one_field	false	default
gcp.sqladmin.instance		setters	none	default
gcp.sqladmin.instance		timeout	600	default
gcp.sqladmin.instance		update_await	compute_operation	discovery
gcp.sqladmin.instance		update_mask	none	discovery
gcp.sqladmin.instance		update_verb	PATCH	discovery
gcp.sqladmin.instance	availableMaintenanceVersions	output	true	discovery
gcp.sqladmin.instance	createTime	output	true	discovery
gcp.sqladmin.instance	databaseInstalledVersion	output	true	discovery
gcp.sqladmin.instance	deploymentInfo	output	true	discovery
gcp.sqladmin.instance	deploymentInfo.deploymentId	output	true	discovery
gcp.sqladmin.instance	deploymentInfo.source	output	true	discovery
gcp.sqladmin.instance	deploymentInfo.source.targetId	output	true	discovery
gcp.sqladmin.instance	deploymentInfo.state	output	true	discovery
gcp.sqladmin.instance	deploymentInfo.target	output	true	discovery
gcp.sqladmin.instance	deploymentInfo.target.sourceId	output	true	discovery
gcp.sqladmin.instance	dnsName	output	true	discovery
gcp.sqladmin.instance	dnsNames	output	true	discovery
gcp.sqladmin.instance	dnsNames[].connectionType	output	true	discovery
gcp.sqladmin.instance	dnsNames[].dnsScope	output	true	discovery
gcp.sqladmin.instance	dnsNames[].name	output	true	discovery
gcp.sqladmin.instance	dnsNames[].recordManager	output	true	discovery
gcp.sqladmin.instance	geminiConfig.activeQueryEnabled	output	true	discovery
gcp.sqladmin.instance	geminiConfig.entitled	output	true	discovery
gcp.sqladmin.instance	geminiConfig.flagRecommenderEnabled	output	true	discovery
gcp.sqladmin.instance	geminiConfig.googleVacuumMgmtEnabled	output	true	discovery
gcp.sqladmin.instance	geminiConfig.indexAdvisorEnabled	output	true	discovery
gcp.sqladmin.instance	geminiConfig.oomSessionCancelEnabled	output	true	discovery
gcp.sqladmin.instance	includeReplicasForMajorVersionUpgrade	input_only	true	discovery
gcp.sqladmin.instance	nodes	output	true	discovery
gcp.sqladmin.instance	nodes[].dnsName	output	true	discovery
gcp.sqladmin.instance	nodes[].dnsNames	output	true	discovery
gcp.sqladmin.instance	nodes[].dnsNames[].connectionType	output	true	discovery
gcp.sqladmin.instance	nodes[].dnsNames[].dnsScope	output	true	discovery
gcp.sqladmin.instance	nodes[].dnsNames[].name	output	true	discovery
gcp.sqladmin.instance	nodes[].dnsNames[].recordManager	output	true	discovery
gcp.sqladmin.instance	nodes[].gceZone	output	true	discovery
gcp.sqladmin.instance	nodes[].ipAddresses	output	true	discovery
gcp.sqladmin.instance	nodes[].name	output	true	discovery
gcp.sqladmin.instance	nodes[].pscAutoConnections	output	true	discovery
gcp.sqladmin.instance	nodes[].pscAutoConnections[].instanceAutoDnsStatus	output	true	discovery
gcp.sqladmin.instance	nodes[].pscAutoConnections[].serviceConnectionPolicy	output	true	discovery
gcp.sqladmin.instance	nodes[].pscAutoConnections[].serviceConnectionPolicyCreationResult	output	true	discovery
gcp.sqladmin.instance	nodes[].pscAutoConnections[].writeEndpointAutoDnsStatus	output	true	discovery
gcp.sqladmin.instance	nodes[].pscServiceAttachmentLink	output	true	discovery
gcp.sqladmin.instance	nodes[].state	output	true	discovery
gcp.sqladmin.instance	onPremisesConfiguration.clientKey	sensitive	true	ruling
gcp.sqladmin.instance	onPremisesConfiguration.dmsManaged	output	true	discovery
gcp.sqladmin.instance	onPremisesConfiguration.password	sensitive	true	ruling
gcp.sqladmin.instance	primaryDnsName	output	true	discovery
gcp.sqladmin.instance	pscServiceAttachmentLink	output	true	discovery
gcp.sqladmin.instance	replicaConfiguration.mysqlReplicaConfiguration.clientKey	sensitive	true	ruling
gcp.sqladmin.instance	replicaConfiguration.mysqlReplicaConfiguration.password	sensitive	true	ruling
gcp.sqladmin.instance	replicationCluster.drReplica	output	true	discovery
gcp.sqladmin.instance	replicationCluster.psaWriteEndpoint	output	true	discovery
gcp.sqladmin.instance	rootPassword	sensitive	true	ruling
gcp.sqladmin.instance	satisfiesPzi	output	true	discovery
gcp.sqladmin.instance	settings.backupConfiguration.backupTier	output	true	discovery
gcp.sqladmin.instance	settings.backupConfiguration.transactionalLogStorageState	output	true	discovery
gcp.sqladmin.instance	settings.connectionPoolConfig.poolerCount	output	true	discovery
gcp.sqladmin.instance	settings.entraidConfig.kind	output	true	discovery
gcp.sqladmin.instance	settings.ipConfiguration.pscConfig.pscAutoConnections[].instanceAutoDnsStatus	output	true	discovery
gcp.sqladmin.instance	settings.ipConfiguration.pscConfig.pscAutoConnections[].serviceConnectionPolicy	output	true	discovery
gcp.sqladmin.instance	settings.ipConfiguration.pscConfig.pscAutoConnections[].serviceConnectionPolicyCreationResult	output	true	discovery
gcp.sqladmin.instance	settings.ipConfiguration.pscConfig.pscAutoConnections[].writeEndpointAutoDnsStatus	output	true	discovery
gcp.sqladmin.instance	switchTransactionLogsToCloudStorageEnabled	input_only	true	discovery
gcp.sqladmin.instance	tags	immutable	true	discovery
gcp.sqladmin.instance	tags	input_only	true	discovery
gcp.sqladmin.instance	upgradableDatabaseVersions	output	true	discovery
gcp.sqladmin.instance	writeEndpoint	output	true	discovery
gcp.sslcert		clear_before_delete	none	default
gcp.sslcert		create_await	none	discovery
gcp.sslcert		create_url	projects/{project}/instances/{instance}/sslCerts	discovery
gcp.sslcert		create_verb	POST	discovery
gcp.sslcert		delete_await	compute_operation	discovery
gcp.sslcert		delete_url	projects/{project}/instances/{instance}/sslCerts/{sha1Fingerprint}	discovery
gcp.sslcert		lock_field	none	default
gcp.sslcert		patch_one_field	false	default
gcp.sslcert		setters	none	default
gcp.sslcert		timeout	600	default
gcp.sslcert		update_await	none	default
gcp.sslcert		update_mask	none	default
gcp.sslcert		update_verb	none	default
gcp.sslcert	instance	immutable	true	discovery
gcp.sslcert	instance	required	true	discovery
gcp.sslcertificate		clear_before_delete	none	default
gcp.sslcertificate		create_await	compute_operation	discovery
gcp.sslcertificate		create_url	projects/{{project}}/global/sslCertificates	mm
gcp.sslcertificate		create_verb	POST	discovery
gcp.sslcertificate		delete_await	compute_operation	discovery
gcp.sslcertificate		delete_url	projects/{project}/global/sslCertificates/{sslCertificate}	discovery
gcp.sslcertificate		lock_field	none	default
gcp.sslcertificate		patch_one_field	false	default
gcp.sslcertificate		setters	none	default
gcp.sslcertificate		timeout	600	default
gcp.sslcertificate		update_await	none	default
gcp.sslcertificate		update_mask	none	default
gcp.sslcertificate		update_verb	none	default
gcp.sslcertificate	certificate	required	true	mm
gcp.sslcertificate	certificate	sensitive	true	mm
gcp.sslcertificate	creationTimestamp	output	true	discovery+mm
gcp.sslcertificate	expireTime	output	true	discovery+mm
gcp.sslcertificate	id	output	true	discovery+mm
gcp.sslcertificate	kind	output	true	discovery
gcp.sslcertificate	managed.domainStatus	output	true	discovery
gcp.sslcertificate	managed.status	output	true	discovery
gcp.sslcertificate	privateKey	immutable	true	mm
gcp.sslcertificate	privateKey	input_only	true	mm+observed
gcp.sslcertificate	privateKey	required	true	mm
gcp.sslcertificate	privateKey	sensitive	true	mm
gcp.sslcertificate	region	output	true	discovery
gcp.sslcertificate	selfLink	output	true	discovery
gcp.sslcertificate	selfManaged.privateKey	sensitive	true	ruling
gcp.sslcertificate	subjectAlternativeNames	output	true	discovery
gcp.sslpolicy		clear_before_delete	none	default
gcp.sslpolicy		create_await	compute_operation	discovery
gcp.sslpolicy		create_url	projects/{{project}}/global/sslPolicies	mm
gcp.sslpolicy		create_verb	POST	discovery
gcp.sslpolicy		delete_await	compute_operation	discovery
gcp.sslpolicy		delete_url	projects/{project}/global/sslPolicies/{sslPolicy}	discovery
gcp.sslpolicy		lock_field	fingerprint	discovery
gcp.sslpolicy		patch_one_field	false	default
gcp.sslpolicy		setters	none	default
gcp.sslpolicy		timeout	600	default
gcp.sslpolicy		update_await	compute_operation	discovery
gcp.sslpolicy		update_mask	none	default
gcp.sslpolicy		update_verb	PATCH	mm
gcp.sslpolicy	creationTimestamp	output	true	discovery+mm
gcp.sslpolicy	customFeatures	unordered	true	mm
gcp.sslpolicy	description	immutable	true	mm
gcp.sslpolicy	enabledFeatures	output	true	discovery+mm
gcp.sslpolicy	enabledFeatures	unordered	true	mm
gcp.sslpolicy	fingerprint	output	true	mm
gcp.sslpolicy	id	output	true	discovery
gcp.sslpolicy	kind	output	true	discovery
gcp.sslpolicy	name	immutable	true	mm
gcp.sslpolicy	name	required	true	mm
gcp.sslpolicy	region	output	true	discovery
gcp.sslpolicy	selfLink	output	true	discovery
gcp.sslpolicy	warnings	output	true	discovery
gcp.sslpolicy	warnings[].code	output	true	discovery
gcp.sslpolicy	warnings[].data	output	true	discovery
gcp.sslpolicy	warnings[].data[].key	output	true	discovery
gcp.sslpolicy	warnings[].data[].value	output	true	discovery
gcp.sslpolicy	warnings[].message	output	true	discovery
gcp.storage.bucket		clear_before_delete	none	default
gcp.storage.bucket		create_await	none	discovery
gcp.storage.bucket		create_url	b?project={{project}}	mm
gcp.storage.bucket		create_verb	POST	discovery
gcp.storage.bucket		delete_await	none	discovery
gcp.storage.bucket		delete_url	b/{{name}}	discovery
gcp.storage.bucket		lock_field	none	default
gcp.storage.bucket		patch_one_field	false	default
gcp.storage.bucket		setters	none	default
gcp.storage.bucket		timeout	60	default
gcp.storage.bucket		update_await	none	discovery
gcp.storage.bucket		update_mask	none	discovery
gcp.storage.bucket		update_verb	PATCH	discovery
gcp.storage.bucket	acl[].bucket	equivalence	self_link	mm
gcp.storage.bucket	acl[].bucket	required	false	mm
gcp.storage.bucket	acl[].domain	output	true	mm
gcp.storage.bucket	acl[].email	output	true	mm
gcp.storage.bucket	acl[].entity	required	false	mm
gcp.storage.bucket	acl[].id	output	true	mm
gcp.storage.bucket	acl[].kind	output	true	discovery
gcp.storage.bucket	defaultObjectAcl	immutable	true	mm
gcp.storage.bucket	defaultObjectAcl[].bucket	equivalence	self_link	mm
gcp.storage.bucket	defaultObjectAcl[].bucket	required	false	mm
gcp.storage.bucket	defaultObjectAcl[].domain	output	true	mm
gcp.storage.bucket	defaultObjectAcl[].email	output	true	mm
gcp.storage.bucket	defaultObjectAcl[].entity	required	false	mm
gcp.storage.bucket	defaultObjectAcl[].entityId	output	true	mm
gcp.storage.bucket	defaultObjectAcl[].generation	output	true	mm
gcp.storage.bucket	defaultObjectAcl[].id	output	true	mm
gcp.storage.bucket	defaultObjectAcl[].kind	output	true	discovery
gcp.storage.bucket	defaultObjectAcl[].projectTeam	output	true	mm
gcp.storage.bucket	defaultObjectAcl[].role	required	false	mm
gcp.storage.bucket	id	output	true	mm
gcp.storage.bucket	kind	output	true	discovery
gcp.storage.bucket	owner.entityId	output	true	mm
gcp.storage.bucket	projectNumber	output	true	mm
gcp.storage.bucket	timeCreated	output	true	mm
gcp.storage.bucket	updated	output	true	mm
gcp.storagepool		clear_before_delete	none	default
gcp.storagepool		create_await	compute_operation	discovery
gcp.storagepool		create_url	projects/{{project}}/zones/{{zone}}/storagePools	mm
gcp.storagepool		create_verb	POST	discovery
gcp.storagepool		delete_await	compute_operation	discovery
gcp.storagepool		delete_url	projects/{{project}}/zones/{{zone}}/storagePools/{{name}}	mm
gcp.storagepool		lock_field	none	default
gcp.storagepool		patch_one_field	false	default
gcp.storagepool		setters	none	default
gcp.storagepool		timeout	600	default
gcp.storagepool		update_await	compute_operation	discovery
gcp.storagepool		update_mask	none	default
gcp.storagepool		update_verb	PATCH	mm
gcp.storagepool	capacityProvisioningType	immutable	true	mm
gcp.storagepool	creationTimestamp	output	true	discovery+mm
gcp.storagepool	description	immutable	true	mm
gcp.storagepool	id	output	true	discovery+mm
gcp.storagepool	kind	output	true	discovery+mm
gcp.storagepool	labelFingerprint	output	true	mm
gcp.storagepool	name	immutable	true	mm
gcp.storagepool	name	required	true	mm
gcp.storagepool	params	immutable	true	mm
gcp.storagepool	params	input_only	true	discovery+mm
gcp.storagepool	params.resourceManagerTags	immutable	true	mm
gcp.storagepool	params.resourceManagerTags	input_only	true	discovery+mm
gcp.storagepool	performanceProvisioningType	immutable	true	mm
gcp.storagepool	poolProvisionedCapacityGb	required	true	mm
gcp.storagepool	poolProvisionedThroughput	required	true	mm
gcp.storagepool	resourceStatus	output	true	discovery+mm
gcp.storagepool	resourceStatus.diskCount	output	true	discovery+mm
gcp.storagepool	resourceStatus.exapoolMaxReadIops	output	true	discovery
gcp.storagepool	resourceStatus.exapoolMaxReadThroughput	output	true	discovery
gcp.storagepool	resourceStatus.exapoolMaxWriteIops	output	true	discovery
gcp.storagepool	resourceStatus.exapoolMaxWriteThroughput	output	true	discovery
gcp.storagepool	resourceStatus.lastResizeTimestamp	output	true	discovery+mm
gcp.storagepool	resourceStatus.maxTotalProvisionedDiskCapacityGb	output	true	discovery+mm
gcp.storagepool	resourceStatus.poolUsedCapacityBytes	output	true	discovery+mm
gcp.storagepool	resourceStatus.poolUsedIops	output	true	discovery+mm
gcp.storagepool	resourceStatus.poolUsedThroughput	output	true	discovery+mm
gcp.storagepool	resourceStatus.poolUserWrittenBytes	output	true	discovery+mm
gcp.storagepool	resourceStatus.totalProvisionedDiskCapacityGb	output	true	discovery+mm
gcp.storagepool	resourceStatus.totalProvisionedDiskIops	output	true	discovery+mm
gcp.storagepool	resourceStatus.totalProvisionedDiskThroughput	output	true	discovery+mm
gcp.storagepool	selfLink	output	true	discovery
gcp.storagepool	selfLinkWithId	output	true	discovery
gcp.storagepool	state	output	true	discovery
gcp.storagepool	status	output	true	discovery+mm
gcp.storagepool	status.diskCount	output	true	discovery+mm
gcp.storagepool	status.exapoolMaxReadIops	output	true	discovery
gcp.storagepool	status.exapoolMaxReadThroughput	output	true	discovery
gcp.storagepool	status.exapoolMaxWriteIops	output	true	discovery
gcp.storagepool	status.exapoolMaxWriteThroughput	output	true	discovery
gcp.storagepool	status.lastResizeTimestamp	output	true	discovery+mm
gcp.storagepool	status.maxTotalProvisionedDiskCapacityGb	output	true	discovery+mm
gcp.storagepool	status.poolUsedCapacityBytes	output	true	discovery+mm
gcp.storagepool	status.poolUsedIops	output	true	discovery+mm
gcp.storagepool	status.poolUsedThroughput	output	true	discovery+mm
gcp.storagepool	status.poolUserWrittenBytes	output	true	discovery+mm
gcp.storagepool	status.totalProvisionedDiskCapacityGb	output	true	discovery+mm
gcp.storagepool	status.totalProvisionedDiskIops	output	true	discovery+mm
gcp.storagepool	status.totalProvisionedDiskThroughput	output	true	discovery+mm
gcp.storagepool	storagePoolType	equivalence	self_link	mm
gcp.storagepool	storagePoolType	immutable	true	mm
gcp.storagepool	storagePoolType	required	true	mm
gcp.storagepool	zone	equivalence	self_link	mm
gcp.storagepool	zone	output	true	discovery
gcp.subnetwork		clear_before_delete	none	default
gcp.subnetwork		create_await	compute_operation	discovery
gcp.subnetwork		create_url	projects/{{project}}/regions/{{region}}/subnetworks	mm
gcp.subnetwork		create_verb	POST	discovery
gcp.subnetwork		delete_await	compute_operation	discovery
gcp.subnetwork		delete_url	projects/{project}/regions/{region}/subnetworks/{subnetwork}	discovery
gcp.subnetwork		lock_field	fingerprint	discovery
gcp.subnetwork		patch_one_field	true	observed+ruling
gcp.subnetwork		setters	ipCidrRange=expandIpCidrRange,privateIpGoogleAccess=setPrivateIpGoogleAccess	mm+discovery
gcp.subnetwork		timeout	600	default
gcp.subnetwork		update_await	compute_operation	discovery
gcp.subnetwork		update_mask	none	discovery
gcp.subnetwork		update_verb	PATCH	discovery+ruling
gcp.subnetwork	allowSubnetCidrRoutesOverlap	immutable	true	ruling
gcp.subnetwork	creationTimestamp	output	true	discovery+mm
gcp.subnetwork	description	immutable	true	ruling
gcp.subnetwork	enableFlowLogs	immutable	true	ruling
gcp.subnetwork	externalIpv6Prefix	immutable	true	ruling
gcp.subnetwork	fingerprint	immutable	true	ruling
gcp.subnetwork	gatewayAddress	output	true	discovery+mm
gcp.subnetwork	id	output	true	discovery+mm
gcp.subnetwork	internalIpv6Prefix	immutable	true	ruling
gcp.subnetwork	ipCidrRange	immutable	false	!ruling+mm+discovery
gcp.subnetwork	ipCollection	equivalence	self_link	mm
gcp.subnetwork	ipCollection	immutable	true	ruling
gcp.subnetwork	ipv6AccessType	immutable	true	ruling
gcp.subnetwork	ipv6CidrRange	output	true	discovery+mm
gcp.subnetwork	ipv6GceEndpoint	output	true	discovery+mm
gcp.subnetwork	kind	output	true	discovery
gcp.subnetwork	logConfig	immutable	false	observed
gcp.subnetwork	logConfig.metadataFields	unordered	true	mm
gcp.subnetwork	name	immutable	true	ruling
gcp.subnetwork	name	required	true	mm
gcp.subnetwork	network	equivalence	self_link	mm
gcp.subnetwork	network	immutable	true	mm+ruling
gcp.subnetwork	network	required	true	mm
gcp.subnetwork	params	immutable	true	mm+ruling
gcp.subnetwork	params	input_only	true	discovery+mm
gcp.subnetwork	params.resourceManagerTags	immutable	true	mm
gcp.subnetwork	params.resourceManagerTags	input_only	true	mm
gcp.subnetwork	privateIpGoogleAccess	immutable	false	!ruling+mm+discovery
gcp.subnetwork	purpose	immutable	true	ruling
gcp.subnetwork	region	equivalence	self_link	mm
gcp.subnetwork	region	immutable	true	mm+ruling
gcp.subnetwork	reservedInternalRange	equivalence	self_link	mm
gcp.subnetwork	reservedInternalRange	immutable	true	ruling
gcp.subnetwork	resolveSubnetMask	immutable	true	mm+ruling
gcp.subnetwork	secondaryIpRanges[].ipCollection	equivalence	self_link	mm
gcp.subnetwork	secondaryIpRanges[].rangeName	required	true	mm
gcp.subnetwork	secondaryIpRanges[].reservedInternalRange	equivalence	self_link	mm
gcp.subnetwork	selfLink	output	true	discovery
gcp.subnetwork	state	output	true	discovery+mm
gcp.subnetwork	systemReservedExternalIpv6Ranges	output	true	discovery
gcp.subnetwork	systemReservedInternalIpv6Ranges	output	true	discovery
gcp.subnetwork	utilizationDetails	output	true	discovery
gcp.subscription		clear_before_delete	none	default
gcp.subscription		create_await	none	discovery
gcp.subscription		create_url	{+name}	discovery
gcp.subscription		create_verb	PUT	discovery
gcp.subscription		delete_await	none	discovery
gcp.subscription		delete_url	{+subscription}	discovery
gcp.subscription		lock_field	none	default
gcp.subscription		patch_one_field	false	default
gcp.subscription		setters	none	default
gcp.subscription		timeout	60	default
gcp.subscription		update_await	none	discovery
gcp.subscription		update_mask	body:updateMask	discovery
gcp.subscription		update_verb	PATCH	discovery
gcp.subscription	analyticsHubSubscriptionInfo	output	true	discovery
gcp.subscription	bigqueryConfig.state	output	true	discovery
gcp.subscription	bigqueryConfig.table	required	true	mm
gcp.subscription	bigtableConfig.state	output	true	discovery
gcp.subscription	cloudStorageConfig.bucket	required	true	mm
gcp.subscription	cloudStorageConfig.state	output	true	discovery+mm
gcp.subscription	enableMessageOrdering	immutable	true	mm
gcp.subscription	expirationPolicy.ttl	required	true	mm
gcp.subscription	filter	immutable	true	mm
gcp.subscription	messageTransforms[].aiInference.endpoint	required	true	mm
gcp.subscription	messageTransforms[].javascriptUdf.code	required	true	mm
gcp.subscription	messageTransforms[].javascriptUdf.functionName	required	true	mm
gcp.subscription	name	immutable	true	mm
gcp.subscription	name	required	true	mm
gcp.subscription	pushConfig.noWrapper.writeMetadata	required	true	mm
gcp.subscription	pushConfig.oidcToken.serviceAccountEmail	required	true	mm
gcp.subscription	pushConfig.pushEndpoint	required	true	mm
gcp.subscription	retryPolicy.maximumBackoff	equivalence	duration	mm
gcp.subscription	retryPolicy.minimumBackoff	equivalence	duration	mm
gcp.subscription	state	output	true	discovery
gcp.subscription	tags	immutable	true	discovery+mm
gcp.subscription	tags	input_only	true	discovery+mm
gcp.subscription	topic	equivalence	self_link	mm
gcp.subscription	topic	immutable	true	mm
gcp.subscription	topic	required	true	mm
gcp.subscription	topicMessageRetentionDuration	output	true	discovery
gcp.tag		clear_before_delete	none	default
gcp.tag		create_await	none	discovery
gcp.tag		create_url	{+parent}/tags?tagId={{tagId}}	discovery
gcp.tag		create_verb	POST	discovery
gcp.tag		delete_await	none	discovery
gcp.tag		delete_url	{+name}	discovery
gcp.tag		lock_field	none	default
gcp.tag		patch_one_field	false	default
gcp.tag		setters	none	default
gcp.tag		timeout	60	default
gcp.tag		update_await	none	discovery
gcp.tag		update_mask	query	discovery
gcp.tag		update_verb	PATCH	discovery
gcp.tag	name	output	true	discovery
gcp.tag	tagId	immutable	true	discovery
gcp.tagbinding		clear_before_delete	none	default
gcp.tagbinding		create_await	longrunning	discovery
gcp.tagbinding		create_url	tagBindings	mm
gcp.tagbinding		create_verb	POST	discovery
gcp.tagbinding		delete_await	longrunning	discovery
gcp.tagbinding		delete_url	tagBindings/{+name}	discovery
gcp.tagbinding		lock_field	none	default
gcp.tagbinding		patch_one_field	false	default
gcp.tagbinding		setters	none	default
gcp.tagbinding		timeout	1200	default
gcp.tagbinding		update_await	none	default
gcp.tagbinding		update_mask	none	default
gcp.tagbinding		update_verb	none	default
gcp.tagbinding	name	output	true	discovery+mm
gcp.tagbinding	parent	immutable	true	ruling
gcp.tagbinding	parent	required	true	mm
gcp.tagbinding	tagValue	immutable	true	ruling
gcp.tagbinding	tagValue	input_only	true	mm
gcp.tagbinding	tagValue	required	true	mm
gcp.tagbinding	tagValueNamespacedName	immutable	true	ruling
gcp.tagkey		clear_before_delete	none	default
gcp.tagkey		create_await	longrunning	discovery
gcp.tagkey		create_url	tagKeys	mm
gcp.tagkey		create_verb	POST	discovery
gcp.tagkey		delete_await	longrunning	discovery
gcp.tagkey		delete_url	tagKeys/{{name}}	mm
gcp.tagkey		lock_field	none	default
gcp.tagkey		patch_one_field	false	default
gcp.tagkey		setters	none	default
gcp.tagkey		timeout	1200	default
gcp.tagkey		update_await	longrunning	discovery
gcp.tagkey		update_mask	query	mm
gcp.tagkey		update_verb	PATCH	mm
gcp.tagkey	createTime	output	true	discovery+mm
gcp.tagkey	name	immutable	true	discovery
gcp.tagkey	name	output	true	mm
gcp.tagkey	namespacedName	immutable	true	discovery
gcp.tagkey	namespacedName	output	true	discovery+mm
gcp.tagkey	parent	immutable	true	discovery+mm
gcp.tagkey	parent	required	true	mm
gcp.tagkey	purpose	immutable	true	mm
gcp.tagkey	purposeData	immutable	true	mm
gcp.tagkey	purposeData	input_only	true	mm
gcp.tagkey	shortName	immutable	true	discovery+mm
gcp.tagkey	shortName	required	true	mm
gcp.tagkey	updateTime	output	true	discovery+mm
gcp.tagvalue		clear_before_delete	none	default
gcp.tagvalue		create_await	longrunning	discovery
gcp.tagvalue		create_url	tagValues	mm
gcp.tagvalue		create_verb	POST	discovery
gcp.tagvalue		delete_await	longrunning	discovery
gcp.tagvalue		delete_url	tagValues/{{name}}	mm
gcp.tagvalue		lock_field	none	default
gcp.tagvalue		patch_one_field	false	default
gcp.tagvalue		setters	none	default
gcp.tagvalue		timeout	1200	default
gcp.tagvalue		update_await	longrunning	discovery
gcp.tagvalue		update_mask	query	mm
gcp.tagvalue		update_verb	PATCH	mm
gcp.tagvalue	createTime	output	true	discovery+mm
gcp.tagvalue	name	immutable	true	discovery
gcp.tagvalue	name	output	true	mm
gcp.tagvalue	namespacedName	output	true	discovery+mm
gcp.tagvalue	parent	immutable	true	discovery+mm
gcp.tagvalue	parent	required	true	mm
gcp.tagvalue	shortName	immutable	true	discovery+mm
gcp.tagvalue	shortName	required	true	mm
gcp.tagvalue	updateTime	output	true	discovery+mm
gcp.target		clear_before_delete	none	default
gcp.target		create_await	longrunning	discovery
gcp.target		create_url	projects/{{project}}/locations/{{location}}/targets?targetId={{name}}	mm
gcp.target		create_verb	POST	discovery
gcp.target		delete_await	longrunning	discovery
gcp.target		delete_url	projects/{{project}}/locations/{{location}}/targets/{{name}}	mm
gcp.target		lock_field	none	default
gcp.target		patch_one_field	false	default
gcp.target		setters	none	default
gcp.target		timeout	1200	default
gcp.target		update_await	longrunning	discovery
gcp.target		update_mask	query	discovery
gcp.target		update_verb	PATCH	discovery
gcp.target	createTime	output	true	discovery
gcp.target	name	required	true	mm
gcp.target	targetId	output	true	discovery
gcp.target	uid	output	true	discovery
gcp.target	updateTime	output	true	discovery
gcp.targetgrpcproxy		clear_before_delete	none	default
gcp.targetgrpcproxy		create_await	compute_operation	discovery
gcp.targetgrpcproxy		create_url	projects/{{project}}/global/targetGrpcProxies	mm
gcp.targetgrpcproxy		create_verb	POST	discovery
gcp.targetgrpcproxy		delete_await	compute_operation	discovery
gcp.targetgrpcproxy		delete_url	projects/{project}/global/targetGrpcProxies/{targetGrpcProxy}	discovery
gcp.targetgrpcproxy		lock_field	fingerprint	discovery
gcp.targetgrpcproxy		patch_one_field	false	default
gcp.targetgrpcproxy		setters	none	default
gcp.targetgrpcproxy		timeout	600	default
gcp.targetgrpcproxy		update_await	compute_operation	discovery
gcp.targetgrpcproxy		update_mask	none	default
gcp.targetgrpcproxy		update_verb	PATCH	mm
gcp.targetgrpcproxy	creationTimestamp	output	true	discovery+mm
gcp.targetgrpcproxy	fingerprint	output	true	mm
gcp.targetgrpcproxy	id	output	true	discovery
gcp.targetgrpcproxy	kind	output	true	discovery
gcp.targetgrpcproxy	name	immutable	true	mm
gcp.targetgrpcproxy	name	required	true	mm
gcp.targetgrpcproxy	selfLink	output	true	discovery
gcp.targetgrpcproxy	selfLinkWithId	output	true	discovery+mm
gcp.targetgrpcproxy	urlMap	equivalence	self_link	mm
gcp.targetgrpcproxy	urlMap	immutable	true	mm
gcp.targetgrpcproxy	validateForProxyless	immutable	true	mm
gcp.targethttpproxy		clear_before_delete	none	default
gcp.targethttpproxy		create_await	compute_operation	discovery
gcp.targethttpproxy		create_url	projects/{{project}}/global/targetHttpProxies	mm
gcp.targethttpproxy		create_verb	POST	discovery
gcp.targethttpproxy		delete_await	compute_operation	discovery
gcp.targethttpproxy		delete_url	projects/{project}/global/targetHttpProxies/{targetHttpProxy}	discovery
gcp.targethttpproxy		lock_field	fingerprint	discovery
gcp.targethttpproxy		patch_one_field	false	default
gcp.targethttpproxy		setters	urlMap=setUrlMap	observed+mm+discovery
gcp.targethttpproxy		timeout	600	default
gcp.targethttpproxy		update_await	none	default
gcp.targethttpproxy		update_mask	none	mm
gcp.targethttpproxy		update_verb	none	mm
gcp.targethttpproxy	creationTimestamp	output	true	discovery+mm
gcp.targethttpproxy	description	immutable	true	discovery
gcp.targethttpproxy	fingerprint	output	true	mm
gcp.targethttpproxy	httpKeepAliveTimeoutSec	immutable	true	discovery
gcp.targethttpproxy	id	output	true	discovery+mm
gcp.targethttpproxy	kind	output	true	discovery
gcp.targethttpproxy	name	immutable	true	discovery
gcp.targethttpproxy	name	required	true	mm
gcp.targethttpproxy	proxyBind	immutable	true	discovery
gcp.targethttpproxy	region	output	true	discovery
gcp.targethttpproxy	selfLink	output	true	discovery
gcp.targethttpproxy	urlMap	equivalence	self_link	mm
gcp.targethttpproxy	urlMap	required	true	mm
gcp.targethttpsproxy		clear_before_delete	none	default
gcp.targethttpsproxy		create_await	compute_operation	discovery
gcp.targethttpsproxy		create_url	projects/{{project}}/global/targetHttpsProxies	mm
gcp.targethttpsproxy		create_verb	POST	discovery
gcp.targethttpsproxy		delete_await	compute_operation	discovery
gcp.targethttpsproxy		delete_url	projects/{project}/global/targetHttpsProxies/{targetHttpsProxy}	discovery
gcp.targethttpsproxy		lock_field	fingerprint	discovery
gcp.targethttpsproxy		patch_one_field	false	default
gcp.targethttpsproxy		setters	certificateMap=setCertificateMap,quicOverride=setQuicOverride,sslCertificates=setSslCertificates,sslPolicy=setSslPolicy,urlMap=setUrlMap	mm+discovery
gcp.targethttpsproxy		timeout	600	default
gcp.targethttpsproxy		update_await	compute_operation	discovery
gcp.targethttpsproxy		update_mask	none	discovery
gcp.targethttpsproxy		update_verb	PATCH	discovery
gcp.targethttpsproxy	authorizationPolicy	immutable	true	mm
gcp.targethttpsproxy	certificateMap	immutable	false	!mm+mm+discovery
gcp.targethttpsproxy	creationTimestamp	output	true	discovery+mm
gcp.targethttpsproxy	description	immutable	true	mm
gcp.targethttpsproxy	fingerprint	output	true	mm
gcp.targethttpsproxy	httpKeepAliveTimeoutSec	immutable	true	mm
gcp.targethttpsproxy	id	output	true	discovery+mm
gcp.targethttpsproxy	kind	output	true	discovery
gcp.targethttpsproxy	name	immutable	true	mm
gcp.targethttpsproxy	name	required	true	mm
gcp.targethttpsproxy	proxyBind	immutable	true	mm
gcp.targethttpsproxy	quicOverride	immutable	false	!mm+mm+discovery
gcp.targethttpsproxy	region	output	true	discovery
gcp.targethttpsproxy	selfLink	output	true	discovery
gcp.targethttpsproxy	serverTlsPolicy	equivalence	self_link	mm
gcp.targethttpsproxy	sslCertificates	equivalence	self_link	mm
gcp.targethttpsproxy	sslCertificates	immutable	false	!mm+mm+discovery
gcp.targethttpsproxy	sslCertificates[]	equivalence	self_link	mm
gcp.targethttpsproxy	sslPolicy	equivalence	self_link	mm
gcp.targethttpsproxy	sslPolicy	immutable	false	!mm+mm+discovery
gcp.targethttpsproxy	tlsEarlyData	immutable	true	mm
gcp.targethttpsproxy	urlMap	equivalence	self_link	mm
gcp.targethttpsproxy	urlMap	immutable	false	!mm+mm+discovery
gcp.targethttpsproxy	urlMap	required	true	mm
gcp.targetinstance		clear_before_delete	none	default
gcp.targetinstance		create_await	compute_operation	discovery
gcp.targetinstance		create_url	projects/{{project}}/zones/{{zone}}/targetInstances	mm
gcp.targetinstance		create_verb	POST	discovery
gcp.targetinstance		delete_await	compute_operation	discovery
gcp.targetinstance		delete_url	projects/{project}/zones/{zone}/targetInstances/{targetInstance}	discovery
gcp.targetinstance		lock_field	none	default
gcp.targetinstance		patch_one_field	false	default
gcp.targetinstance		setters	securityPolicy=setSecurityPolicy	mm+discovery
gcp.targetinstance		timeout	600	default
gcp.targetinstance		update_await	none	default
gcp.targetinstance		update_mask	none	default
gcp.targetinstance		update_verb	none	default
gcp.targetinstance	creationTimestamp	output	true	discovery+mm
gcp.targetinstance	description	immutable	true	discovery
gcp.targetinstance	id	output	true	discovery
gcp.targetinstance	instance	equivalence	self_link	mm
gcp.targetinstance	instance	immutable	true	mm+discovery
gcp.targetinstance	instance	required	true	mm
gcp.targetinstance	kind	output	true	discovery
gcp.targetinstance	name	immutable	true	discovery
gcp.targetinstance	name	required	true	mm
gcp.targetinstance	natPolicy	immutable	true	mm+discovery
gcp.targetinstance	network	immutable	true	mm+discovery
gcp.targetinstance	securityPolicy	output	false	!discovery+mm
gcp.targetinstance	selfLink	output	true	discovery
gcp.targetinstance	zone	equivalence	self_link	mm
gcp.targetinstance	zone	immutable	true	mm
gcp.targetinstance	zone	output	true	discovery
gcp.targetpool		clear_before_delete	none	default
gcp.targetpool		create_await	compute_operation	discovery
gcp.targetpool		create_url	projects/{project}/regions/{region}/targetPools	discovery
gcp.targetpool		create_verb	POST	discovery
gcp.targetpool		delete_await	compute_operation	discovery
gcp.targetpool		delete_url	projects/{project}/regions/{region}/targetPools/{targetPool}	discovery
gcp.targetpool		lock_field	none	default
gcp.targetpool		patch_one_field	false	default
gcp.targetpool		setters	none	default
gcp.targetpool		timeout	600	default
gcp.targetpool		update_await	none	default
gcp.targetpool		update_mask	none	default
gcp.targetpool		update_verb	none	default
gcp.targetpool	creationTimestamp	output	true	discovery
gcp.targetpool	id	output	true	discovery
gcp.targetpool	kind	output	true	discovery
gcp.targetpool	region	output	true	discovery
gcp.targetpool	securityPolicy	output	true	discovery
gcp.targetpool	selfLink	output	true	discovery
gcp.targetsslproxy		clear_before_delete	none	default
gcp.targetsslproxy		create_await	compute_operation	discovery
gcp.targetsslproxy		create_url	projects/{{project}}/global/targetSslProxies	mm
gcp.targetsslproxy		create_verb	POST	discovery
gcp.targetsslproxy		delete_await	compute_operation	discovery
gcp.targetsslproxy		delete_url	projects/{project}/global/targetSslProxies/{targetSslProxy}	discovery
gcp.targetsslproxy		lock_field	none	default
gcp.targetsslproxy		patch_one_field	false	default
gcp.targetsslproxy		setters	certificateMap=setCertificateMap,proxyHeader=setProxyHeader,service=setBackendService,sslCertificates=setSslCertificates,sslPolicy=setSslPolicy	mm+discovery
gcp.targetsslproxy		timeout	600	default
gcp.targetsslproxy		update_await	none	default
gcp.targetsslproxy		update_mask	none	default
gcp.targetsslproxy		update_verb	none	default
gcp.targetsslproxy	creationTimestamp	output	true	discovery+mm
gcp.targetsslproxy	description	immutable	true	mm+discovery
gcp.targetsslproxy	id	output	true	discovery+mm
gcp.targetsslproxy	kind	output	true	discovery
gcp.targetsslproxy	name	immutable	true	mm+discovery
gcp.targetsslproxy	name	required	true	mm
gcp.targetsslproxy	selfLink	output	true	discovery
gcp.targetsslproxy	service	equivalence	self_link	mm
gcp.targetsslproxy	service	required	true	mm
gcp.targetsslproxy	sslCertificates	equivalence	self_link	mm
gcp.targetsslproxy	sslCertificates[]	equivalence	self_link	mm
gcp.targetsslproxy	sslPolicy	equivalence	self_link	mm
gcp.targettcpproxy		clear_before_delete	none	default
gcp.targettcpproxy		create_await	compute_operation	discovery
gcp.targettcpproxy		create_url	projects/{{project}}/global/targetTcpProxies	mm
gcp.targettcpproxy		create_verb	POST	discovery
gcp.targettcpproxy		delete_await	compute_operation	discovery
gcp.targettcpproxy		delete_url	projects/{project}/global/targetTcpProxies/{targetTcpProxy}	discovery
gcp.targettcpproxy		lock_field	none	default
gcp.targettcpproxy		patch_one_field	false	default
gcp.targettcpproxy		setters	proxyHeader=setProxyHeader,service=setBackendService	mm+discovery
gcp.targettcpproxy		timeout	600	default
gcp.targettcpproxy		update_await	none	default
gcp.targettcpproxy		update_mask	none	default
gcp.targettcpproxy		update_verb	none	default
gcp.targettcpproxy	creationTimestamp	output	true	discovery+mm
gcp.targettcpproxy	description	immutable	true	mm+discovery
gcp.targettcpproxy	id	output	true	discovery+mm
gcp.targettcpproxy	kind	output	true	discovery
gcp.targettcpproxy	loadBalancingScheme	immutable	true	discovery
gcp.targettcpproxy	name	immutable	true	mm+discovery
gcp.targettcpproxy	name	required	true	mm
gcp.targettcpproxy	proxyBind	immutable	true	discovery
gcp.targettcpproxy	region	output	true	discovery
gcp.targettcpproxy	selfLink	output	true	discovery
gcp.targettcpproxy	service	equivalence	self_link	mm
gcp.targetvpngateway		clear_before_delete	none	default
gcp.targetvpngateway		create_await	compute_operation	discovery
gcp.targetvpngateway		create_url	projects/{project}/regions/{region}/targetVpnGateways	discovery
gcp.targetvpngateway		create_verb	POST	discovery
gcp.targetvpngateway		delete_await	compute_operation	discovery
gcp.targetvpngateway		delete_url	projects/{project}/regions/{region}/targetVpnGateways/{targetVpnGateway}	discovery
gcp.targetvpngateway		lock_field	none	default
gcp.targetvpngateway		patch_one_field	false	default
gcp.targetvpngateway		setters	none	default
gcp.targetvpngateway		timeout	600	default
gcp.targetvpngateway		update_await	none	default
gcp.targetvpngateway		update_mask	none	default
gcp.targetvpngateway		update_verb	none	default
gcp.targetvpngateway	creationTimestamp	output	true	discovery
gcp.targetvpngateway	forwardingRules	output	true	discovery
gcp.targetvpngateway	id	output	true	discovery
gcp.targetvpngateway	kind	output	true	discovery
gcp.targetvpngateway	params	input_only	true	discovery
gcp.targetvpngateway	region	output	true	discovery
gcp.targetvpngateway	selfLink	output	true	discovery
gcp.targetvpngateway	status	output	true	discovery
gcp.targetvpngateway	tunnels	output	true	discovery
gcp.task		clear_before_delete	none	default
gcp.task		create_await	none	discovery
gcp.task		create_url	{+parent}/tasks	discovery
gcp.task		create_verb	POST	discovery
gcp.task		delete_await	none	discovery
gcp.task		delete_url	{+name}	discovery
gcp.task		lock_field	none	default
gcp.task		patch_one_field	false	default
gcp.task		setters	none	default
gcp.task		timeout	60	default
gcp.task		update_await	none	default
gcp.task		update_mask	none	default
gcp.task		update_verb	none	default
gcp.task	appEngineHttpRequest.appEngineRouting.host	output	true	discovery
gcp.task	createTime	output	true	discovery
gcp.task	dispatchCount	output	true	discovery
gcp.task	firstAttempt	output	true	discovery
gcp.task	firstAttempt.dispatchTime	output	true	discovery
gcp.task	firstAttempt.responseStatus	output	true	discovery
gcp.task	firstAttempt.responseTime	output	true	discovery
gcp.task	firstAttempt.scheduleTime	output	true	discovery
gcp.task	lastAttempt	output	true	discovery
gcp.task	lastAttempt.dispatchTime	output	true	discovery
gcp.task	lastAttempt.responseStatus	output	true	discovery
gcp.task	lastAttempt.responseTime	output	true	discovery
gcp.task	lastAttempt.scheduleTime	output	true	discovery
gcp.task	responseCount	output	true	discovery
gcp.task	responseView	immutable	true	discovery
gcp.task	view	output	true	discovery
gcp.tcproute		clear_before_delete	none	default
gcp.tcproute		create_await	longrunning	discovery
gcp.tcproute		create_url	projects/{{project}}/locations/global/tcpRoutes?tcpRouteId={{name}}	mm
gcp.tcproute		create_verb	POST	discovery
gcp.tcproute		delete_await	longrunning	discovery
gcp.tcproute		delete_url	projects/{{project}}/locations/global/tcpRoutes/{{name}}	mm
gcp.tcproute		lock_field	none	default
gcp.tcproute		patch_one_field	false	default
gcp.tcproute		setters	none	default
gcp.tcproute		timeout	1200	default
gcp.tcproute		update_await	longrunning	discovery
gcp.tcproute		update_mask	query	mm
gcp.tcproute		update_verb	PATCH	mm
gcp.tcproute	createTime	output	true	discovery+mm
gcp.tcproute	name	immutable	true	mm
gcp.tcproute	name	required	true	mm
gcp.tcproute	rules	required	true	mm
gcp.tcproute	rules[].action	required	true	mm
gcp.tcproute	rules[].matches[].address	required	true	mm
gcp.tcproute	rules[].matches[].port	required	true	mm
gcp.tcproute	selfLink	output	true	discovery+mm
gcp.tcproute	updateTime	output	true	discovery+mm
gcp.tlsinspectionpolicy		clear_before_delete	none	default
gcp.tlsinspectionpolicy		create_await	longrunning	discovery
gcp.tlsinspectionpolicy		create_url	projects/{{project}}/locations/{{location}}/tlsInspectionPolicies?tlsInspectionPolicyId={{name}}	mm
gcp.tlsinspectionpolicy		create_verb	POST	discovery
gcp.tlsinspectionpolicy		delete_await	longrunning	discovery
gcp.tlsinspectionpolicy		delete_url	projects/{{project}}/locations/{{location}}/tlsInspectionPolicies/{{name}}	mm
gcp.tlsinspectionpolicy		lock_field	none	default
gcp.tlsinspectionpolicy		patch_one_field	false	default
gcp.tlsinspectionpolicy		setters	none	default
gcp.tlsinspectionpolicy		timeout	1200	default
gcp.tlsinspectionpolicy		update_await	longrunning	discovery
gcp.tlsinspectionpolicy		update_mask	query	mm
gcp.tlsinspectionpolicy		update_verb	PATCH	mm
gcp.tlsinspectionpolicy	caPool	required	true	mm
gcp.tlsinspectionpolicy	createTime	output	true	discovery+mm
gcp.tlsinspectionpolicy	name	required	true	mm
gcp.tlsinspectionpolicy	updateTime	output	true	discovery+mm
gcp.tlsroute		clear_before_delete	none	default
gcp.tlsroute		create_await	longrunning	discovery
gcp.tlsroute		create_url	projects/{{project}}/locations/{{location}}/tlsRoutes?tlsRouteId={{name}}	mm
gcp.tlsroute		create_verb	POST	discovery
gcp.tlsroute		delete_await	longrunning	discovery
gcp.tlsroute		delete_url	projects/{{project}}/locations/{{location}}/tlsRoutes/{{name}}	mm
gcp.tlsroute		lock_field	none	default
gcp.tlsroute		patch_one_field	false	default
gcp.tlsroute		setters	none	default
gcp.tlsroute		timeout	1200	default
gcp.tlsroute		update_await	longrunning	discovery
gcp.tlsroute		update_mask	query	mm
gcp.tlsroute		update_verb	PATCH	mm
gcp.tlsroute	createTime	output	true	discovery+mm
gcp.tlsroute	name	immutable	true	mm
gcp.tlsroute	name	required	true	mm
gcp.tlsroute	rules	required	true	mm
gcp.tlsroute	rules[].action	required	true	mm
gcp.tlsroute	rules[].matches	required	true	mm
gcp.tlsroute	selfLink	output	true	discovery+mm
gcp.tlsroute	updateTime	output	true	discovery+mm
gcp.token		clear_before_delete	none	default
gcp.token		create_await	none	discovery
gcp.token		create_url	{+parent}/tokens	discovery
gcp.token		create_verb	POST	discovery
gcp.token		delete_await	none	discovery
gcp.token		delete_url	{+name}	discovery
gcp.token		lock_field	none	default
gcp.token		patch_one_field	false	default
gcp.token		setters	none	default
gcp.token		timeout	60	default
gcp.token		update_await	none	discovery
gcp.token		update_mask	query	discovery
gcp.token		update_verb	PATCH	discovery
gcp.token	securityToken	output	true	discovery
gcp.token	state	output	true	discovery
gcp.topic		clear_before_delete	none	default
gcp.topic		create_await	none	discovery
gcp.topic		create_url	{+name}	discovery
gcp.topic		create_verb	PUT	discovery
gcp.topic		delete_await	none	discovery
gcp.topic		delete_url	{+topic}	discovery
gcp.topic		lock_field	none	default
gcp.topic		patch_one_field	false	default
gcp.topic		setters	none	default
gcp.topic		timeout	60	default
gcp.topic		update_await	none	discovery
gcp.topic		update_mask	body:updateMask	discovery
gcp.topic		update_verb	PATCH	discovery
gcp.topic	ingestionDataSourceSettings.awsKinesis.awsRoleArn	required	true	mm
gcp.topic	ingestionDataSourceSettings.awsKinesis.consumerArn	required	true	mm
gcp.topic	ingestionDataSourceSettings.awsKinesis.gcpServiceAccount	required	true	mm
gcp.topic	ingestionDataSourceSettings.awsKinesis.state	output	true	discovery
gcp.topic	ingestionDataSourceSettings.awsKinesis.streamArn	required	true	mm
gcp.topic	ingestionDataSourceSettings.awsMsk.awsRoleArn	required	true	mm
gcp.topic	ingestionDataSourceSettings.awsMsk.clusterArn	required	true	mm
gcp.topic	ingestionDataSourceSettings.awsMsk.gcpServiceAccount	required	true	mm
gcp.topic	ingestionDataSourceSettings.awsMsk.state	output	true	discovery
gcp.topic	ingestionDataSourceSettings.awsMsk.topic	required	true	mm
gcp.topic	ingestionDataSourceSettings.azureEventHubs.state	output	true	discovery
gcp.topic	ingestionDataSourceSettings.cloudStorage.bucket	required	true	mm
gcp.topic	ingestionDataSourceSettings.cloudStorage.state	output	true	discovery
gcp.topic	ingestionDataSourceSettings.confluentCloud.bootstrapServer	required	true	mm
gcp.topic	ingestionDataSourceSettings.confluentCloud.gcpServiceAccount	required	true	mm
gcp.topic	ingestionDataSourceSettings.confluentCloud.identityPoolId	required	true	mm
gcp.topic	ingestionDataSourceSettings.confluentCloud.state	output	true	discovery
gcp.topic	ingestionDataSourceSettings.confluentCloud.topic	required	true	mm
gcp.topic	messageStoragePolicy.allowedPersistenceRegions	required	true	mm
gcp.topic	messageStoragePolicy.allowedPersistenceRegions	unordered	true	mm
gcp.topic	messageTransforms[].aiInference.endpoint	required	true	mm
gcp.topic	messageTransforms[].javascriptUdf.code	required	true	mm
gcp.topic	messageTransforms[].javascriptUdf.functionName	required	true	mm
gcp.topic	name	equivalence	self_link	mm
gcp.topic	name	immutable	true	mm
gcp.topic	name	required	true	mm
gcp.topic	schemaSettings.schema	required	true	mm
gcp.topic	state	output	true	discovery
gcp.topic	tags	immutable	true	discovery+mm
gcp.topic	tags	input_only	true	discovery+mm
gcp.trigger		clear_before_delete	none	default
gcp.trigger		create_await	longrunning	discovery
gcp.trigger		create_url	projects/{{project}}/locations/{{location}}/triggers?triggerId={{name}}	mm
gcp.trigger		create_verb	POST	discovery
gcp.trigger		delete_await	longrunning	discovery
gcp.trigger		delete_url	projects/{{project}}/locations/{{location}}/triggers/{{name}}	mm
gcp.trigger		lock_field	none	default
gcp.trigger		patch_one_field	false	default
gcp.trigger		setters	none	default
gcp.trigger		timeout	1200	default
gcp.trigger		update_await	longrunning	discovery
gcp.trigger		update_mask	query	mm
gcp.trigger		update_verb	PATCH	mm
gcp.trigger	channel	equivalence	self_link	mm
gcp.trigger	channel	immutable	true	mm
gcp.trigger	conditions	output	true	discovery+mm
gcp.trigger	createTime	output	true	discovery+mm
gcp.trigger	destination	required	true	mm
gcp.trigger	destination.cloudFunction	output	true	mm
gcp.trigger	destination.cloudRun.service	equivalence	self_link	mm
gcp.trigger	destination.cloudRun.service	required	true	mm
gcp.trigger	destination.gke.cluster	equivalence	self_link	mm
gcp.trigger	destination.gke.cluster	required	true	mm
gcp.trigger	destination.gke.location	required	true	mm
gcp.trigger	destination.gke.namespace	required	true	mm
gcp.trigger	destination.gke.service	required	true	mm
gcp.trigger	destination.httpEndpoint.uri	required	true	mm
gcp.trigger	destination.networkConfig.networkAttachment	equivalence	self_link	mm
gcp.trigger	destination.networkConfig.networkAttachment	required	true	mm
gcp.trigger	destination.workflow	equivalence	self_link	mm
gcp.trigger	etag	output	true	discovery+mm
gcp.trigger	eventFilters	required	true	mm
gcp.trigger	eventFilters	unordered	true	mm
gcp.trigger	eventFilters[].attribute	immutable	true	mm
gcp.trigger	eventFilters[].attribute	required	true	mm
gcp.trigger	eventFilters[].value	immutable	true	mm
gcp.trigger	eventFilters[].value	required	true	mm
gcp.trigger	name	equivalence	self_link	mm
gcp.trigger	name	immutable	true	mm
gcp.trigger	name	required	true	mm
gcp.trigger	satisfiesPzs	output	true	discovery
gcp.trigger	serviceAccount	equivalence	self_link	mm
gcp.trigger	transport	immutable	true	mm
gcp.trigger	transport.pubsub	immutable	true	mm
gcp.trigger	transport.pubsub.subscription	output	true	discovery+mm
gcp.trigger	transport.pubsub.topic	equivalence	self_link	mm
gcp.trigger	transport.pubsub.topic	immutable	true	mm
gcp.trigger	uid	output	true	discovery+mm
gcp.trigger	updateTime	output	true	discovery+mm
gcp.trustconfig		clear_before_delete	none	default
gcp.trustconfig		create_await	longrunning	discovery
gcp.trustconfig		create_url	projects/{{project}}/locations/{{location}}/trustConfigs?trustConfigId={{name}}	mm
gcp.trustconfig		create_verb	POST	discovery
gcp.trustconfig		delete_await	longrunning	discovery
gcp.trustconfig		delete_url	projects/{{project}}/locations/{{location}}/trustConfigs/{{name}}	mm
gcp.trustconfig		lock_field	none	default
gcp.trustconfig		patch_one_field	false	default
gcp.trustconfig		setters	none	default
gcp.trustconfig		timeout	1200	default
gcp.trustconfig		update_await	longrunning	discovery
gcp.trustconfig		update_mask	query	discovery
gcp.trustconfig		update_verb	PATCH	mm
gcp.trustconfig	allowlistedCertificates[].pemCertificate	required	true	mm
gcp.trustconfig	createTime	output	true	discovery+mm
gcp.trustconfig	name	immutable	true	mm
gcp.trustconfig	name	required	true	mm
gcp.trustconfig	tags	immutable	true	discovery
gcp.trustconfig	tags	input_only	true	discovery
gcp.trustconfig	trustStores[].intermediateCas[].pemCertificate	sensitive	true	mm
gcp.trustconfig	trustStores[].trustAnchors[].pemCertificate	sensitive	true	mm
gcp.trustconfig	updateTime	output	true	discovery+mm
gcp.urllist		clear_before_delete	none	default
gcp.urllist		create_await	longrunning	discovery
gcp.urllist		create_url	projects/{{project}}/locations/{{location}}/urlLists?urlListId={{urlListId}}	discovery
gcp.urllist		create_verb	POST	discovery
gcp.urllist		delete_await	longrunning	discovery
gcp.urllist		delete_url	{+name}	discovery
gcp.urllist		lock_field	none	default
gcp.urllist		patch_one_field	false	default
gcp.urllist		setters	none	default
gcp.urllist		timeout	1200	default
gcp.urllist		update_await	longrunning	discovery
gcp.urllist		update_mask	query	discovery
gcp.urllist		update_verb	PATCH	discovery
gcp.urllist	createTime	output	true	discovery
gcp.urllist	name	output	true	discovery
gcp.urllist	updateTime	output	true	discovery
gcp.urllist	urlListId	immutable	true	discovery
gcp.urllist	urlListId	required	true	discovery
gcp.urlmap		clear_before_delete	none	default
gcp.urlmap		create_await	compute_operation	discovery
gcp.urlmap		create_url	projects/{{project}}/global/urlMaps	mm
gcp.urlmap		create_verb	POST	discovery
gcp.urlmap		delete_await	compute_operation	discovery
gcp.urlmap		delete_url	projects/{project}/global/urlMaps/{urlMap}	discovery
gcp.urlmap		lock_field	fingerprint	discovery
gcp.urlmap		patch_one_field	false	default
gcp.urlmap		setters	none	default
gcp.urlmap		timeout	600	default
gcp.urlmap		update_await	compute_operation	discovery
gcp.urlmap		update_mask	none	discovery
gcp.urlmap		update_verb	PATCH	discovery
gcp.urlmap	creationTimestamp	output	true	discovery+mm
gcp.urlmap	defaultCustomErrorResponsePolicy.errorService	equivalence	self_link	mm
gcp.urlmap	defaultRouteAction.cachePolicy.clientTtl.nanos	input_only	true	mm
gcp.urlmap	defaultRouteAction.cachePolicy.clientTtl.seconds	required	true	mm
gcp.urlmap	defaultRouteAction.cachePolicy.defaultTtl.nanos	input_only	true	mm
gcp.urlmap	defaultRouteAction.cachePolicy.defaultTtl.seconds	required	true	mm
gcp.urlmap	defaultRouteAction.cachePolicy.maxTtl.nanos	input_only	true	mm
gcp.urlmap	defaultRouteAction.cachePolicy.maxTtl.seconds	required	true	mm
gcp.urlmap	defaultRouteAction.cachePolicy.negativeCachingPolicy[].ttl.nanos	input_only	true	mm
gcp.urlmap	defaultRouteAction.cachePolicy.negativeCachingPolicy[].ttl.seconds	required	true	mm
gcp.urlmap	defaultRouteAction.cachePolicy.serveWhileStale.nanos	input_only	true	mm
gcp.urlmap	defaultRouteAction.cachePolicy.serveWhileStale.seconds	required	true	mm
gcp.urlmap	defaultRouteAction.maxStreamDuration.seconds	required	true	mm
gcp.urlmap	defaultRouteAction.requestMirrorPolicy.backendService	equivalence	self_link	mm
gcp.urlmap	defaultRouteAction.requestMirrorPolicy.backendService	required	true	mm
gcp.urlmap	defaultRouteAction.weightedBackendServices[].backendService	equivalence	self_link	mm
gcp.urlmap	defaultService	equivalence	self_link	mm
gcp.urlmap	defaultUrlRedirect.stripQuery	required	true	mm
gcp.urlmap	fingerprint	output	true	mm
gcp.urlmap	headerAction.requestHeadersToAdd[].headerName	required	true	mm
gcp.urlmap	headerAction.requestHeadersToAdd[].headerValue	required	true	mm
gcp.urlmap	headerAction.requestHeadersToAdd[].replace	required	true	mm
gcp.urlmap	headerAction.responseHeadersToAdd[].headerName	required	true	mm
gcp.urlmap	headerAction.responseHeadersToAdd[].headerValue	required	true	mm
gcp.urlmap	headerAction.responseHeadersToAdd[].replace	required	true	mm
gcp.urlmap	hostRules	unordered	true	mm
gcp.urlmap	hostRules[].hosts	required	true	mm
gcp.urlmap	hostRules[].hosts	unordered	true	mm
gcp.urlmap	hostRules[].pathMatcher	required	true	mm
gcp.urlmap	id	output	true	discovery+mm
gcp.urlmap	kind	output	true	discovery
gcp.urlmap	name	immutable	true	mm
gcp.urlmap	name	required	true	mm
gcp.urlmap	pathMatchers[].defaultCustomErrorResponsePolicy.errorService	equivalence	self_link	mm
gcp.urlmap	pathMatchers[].defaultRouteAction.cachePolicy.clientTtl.nanos	input_only	true	mm
gcp.urlmap	pathMatchers[].defaultRouteAction.cachePolicy.clientTtl.seconds	required	true	mm
gcp.urlmap	pathMatchers[].defaultRouteAction.cachePolicy.defaultTtl.nanos	input_only	true	mm
gcp.urlmap	pathMatchers[].defaultRouteAction.cachePolicy.defaultTtl.seconds	required	true	mm
gcp.urlmap	pathMatchers[].defaultRouteAction.cachePolicy.maxTtl.nanos	input_only	true	mm
gcp.urlmap	pathMatchers[].defaultRouteAction.cachePolicy.maxTtl.seconds	required	true	mm
gcp.urlmap	pathMatchers[].defaultRouteAction.cachePolicy.negativeCachingPolicy[].ttl.nanos	input_only	true	mm
gcp.urlmap	pathMatchers[].defaultRouteAction.cachePolicy.negativeCachingPolicy[].ttl.seconds	required	true	mm
gcp.urlmap	pathMatchers[].defaultRouteAction.cachePolicy.serveWhileStale.nanos	input_only	true	mm
gcp.urlmap	pathMatchers[].defaultRouteAction.cachePolicy.serveWhileStale.seconds	required	true	mm
gcp.urlmap	pathMatchers[].defaultRouteAction.maxStreamDuration.seconds	required	true	mm
gcp.urlmap	pathMatchers[].defaultRouteAction.requestMirrorPolicy.backendService	equivalence	self_link	mm
gcp.urlmap	pathMatchers[].defaultRouteAction.requestMirrorPolicy.backendService	required	true	mm
gcp.urlmap	pathMatchers[].defaultRouteAction.weightedBackendServices[].backendService	equivalence	self_link	mm
gcp.urlmap	pathMatchers[].defaultService	equivalence	self_link	mm
gcp.urlmap	pathMatchers[].defaultUrlRedirect.stripQuery	required	true	mm
gcp.urlmap	pathMatchers[].headerAction.requestHeadersToAdd[].headerName	required	true	mm
gcp.urlmap	pathMatchers[].headerAction.requestHeadersToAdd[].headerValue	required	true	mm
gcp.urlmap	pathMatchers[].headerAction.requestHeadersToAdd[].replace	required	true	mm
gcp.urlmap	pathMatchers[].headerAction.responseHeadersToAdd[].headerName	required	true	mm
gcp.urlmap	pathMatchers[].headerAction.responseHeadersToAdd[].headerValue	required	true	mm
gcp.urlmap	pathMatchers[].headerAction.responseHeadersToAdd[].replace	required	true	mm
gcp.urlmap	pathMatchers[].name	required	true	mm
gcp.urlmap	pathMatchers[].pathRules[].customErrorResponsePolicy.errorService	equivalence	self_link	mm
gcp.urlmap	pathMatchers[].pathRules[].paths	required	true	mm
gcp.urlmap	pathMatchers[].pathRules[].paths	unordered	true	mm
gcp.urlmap	pathMatchers[].pathRules[].routeAction.cachePolicy.clientTtl.nanos	input_only	true	mm
gcp.urlmap	pathMatchers[].pathRules[].routeAction.cachePolicy.clientTtl.seconds	required	true	mm
gcp.urlmap	pathMatchers[].pathRules[].routeAction.cachePolicy.defaultTtl.nanos	input_only	true	mm
gcp.urlmap	pathMatchers[].pathRules[].routeAction.cachePolicy.defaultTtl.seconds	required	true	mm
gcp.urlmap	pathMatchers[].pathRules[].routeAction.cachePolicy.maxTtl.nanos	input_only	true	mm
gcp.urlmap	pathMatchers[].pathRules[].routeAction.cachePolicy.maxTtl.seconds	required	true	mm
gcp.urlmap	pathMatchers[].pathRules[].routeAction.cachePolicy.negativeCachingPolicy[].ttl.nanos	input_only	true	mm
gcp.urlmap	pathMatchers[].pathRules[].routeAction.cachePolicy.negativeCachingPolicy[].ttl.seconds	required	true	mm
gcp.urlmap	pathMatchers[].pathRules[].routeAction.cachePolicy.serveWhileStale.nanos	input_only	true	mm
gcp.urlmap	pathMatchers[].pathRules[].routeAction.cachePolicy.serveWhileStale.seconds	required	true	mm
gcp.urlmap	pathMatchers[].pathRules[].routeAction.corsPolicy.disabled	required	true	mm
gcp.urlmap	pathMatchers[].pathRules[].routeAction.faultInjectionPolicy.abort.httpStatus	required	true	mm
gcp.urlmap	pathMatchers[].pathRules[].routeAction.faultInjectionPolicy.abort.percentage	required	true	mm
gcp.urlmap	pathMatchers[].pathRules[].routeAction.faultInjectionPolicy.delay.fixedDelay	required	true	mm
gcp.urlmap	pathMatchers[].pathRules[].routeAction.faultInjectionPolicy.delay.fixedDelay.seconds	required	true	mm
gcp.urlmap	pathMatchers[].pathRules[].routeAction.faultInjectionPolicy.delay.percentage	required	true	mm
gcp.urlmap	pathMatchers[].pathRules[].routeAction.maxStreamDuration.seconds	required	true	mm
gcp.urlmap	pathMatchers[].pathRules[].routeAction.requestMirrorPolicy.backendService	equivalence	self_link	mm
gcp.urlmap	pathMatchers[].pathRules[].routeAction.requestMirrorPolicy.backendService	required	true	mm
gcp.urlmap	pathMatchers[].pathRules[].routeAction.retryPolicy.perTryTimeout.seconds	required	true	mm
gcp.urlmap	pathMatchers[].pathRules[].routeAction.timeout.seconds	required	true	mm
gcp.urlmap	pathMatchers[].pathRules[].routeAction.weightedBackendServices[].backendService	equivalence	self_link	mm
gcp.urlmap	pathMatchers[].pathRules[].routeAction.weightedBackendServices[].backendService	required	true	mm
gcp.urlmap	pathMatchers[].pathRules[].routeAction.weightedBackendServices[].headerAction.requestHeadersToAdd[].headerName	required	true	mm
gcp.urlmap	pathMatchers[].pathRules[].routeAction.weightedBackendServices[].headerAction.requestHeadersToAdd[].headerValue	required	true	mm
gcp.urlmap	pathMatchers[].pathRules[].routeAction.weightedBackendServices[].headerAction.requestHeadersToAdd[].replace	required	true	mm
gcp.urlmap	pathMatchers[].pathRules[].routeAction.weightedBackendServices[].headerAction.responseHeadersToAdd[].headerName	required	true	mm
gcp.urlmap	pathMatchers[].pathRules[].routeAction.weightedBackendServices[].headerAction.responseHeadersToAdd[].headerValue	required	true	mm
gcp.urlmap	pathMatchers[].pathRules[].routeAction.weightedBackendServices[].headerAction.responseHeadersToAdd[].replace	required	true	mm
gcp.urlmap	pathMatchers[].pathRules[].routeAction.weightedBackendServices[].weight	required	true	mm
gcp.urlmap	pathMatchers[].pathRules[].service	equivalence	self_link	mm
gcp.urlmap	pathMatchers[].pathRules[].urlRedirect.stripQuery	required	true	mm
gcp.urlmap	pathMatchers[].routeRules[].customErrorResponsePolicy.errorService	equivalence	self_link	mm
gcp.urlmap	pathMatchers[].routeRules[].headerAction.requestHeadersToAdd[].headerName	required	true	mm
gcp.urlmap	pathMatchers[].routeRules[].headerAction.requestHeadersToAdd[].headerValue	required	true	mm
gcp.urlmap	pathMatchers[].routeRules[].headerAction.requestHeadersToAdd[].replace	required	true	mm
gcp.urlmap	pathMatchers[].routeRules[].headerAction.responseHeadersToAdd[].headerName	required	true	mm
gcp.urlmap	pathMatchers[].routeRules[].headerAction.responseHeadersToAdd[].headerValue	required	true	mm
gcp.urlmap	pathMatchers[].routeRules[].headerAction.responseHeadersToAdd[].replace	required	true	mm
gcp.urlmap	pathMatchers[].routeRules[].matchRules[].headerMatches[].headerName	required	true	mm
gcp.urlmap	pathMatchers[].routeRules[].matchRules[].headerMatches[].rangeMatch.rangeEnd	required	true	mm
gcp.urlmap	pathMatchers[].routeRules[].matchRules[].headerMatches[].rangeMatch.rangeStart	required	true	mm
gcp.urlmap	pathMatchers[].routeRules[].matchRules[].metadataFilters[].filterLabels	required	true	mm
gcp.urlmap	pathMatchers[].routeRules[].matchRules[].metadataFilters[].filterLabels[].name	required	true	mm
gcp.urlmap	pathMatchers[].routeRules[].matchRules[].metadataFilters[].filterLabels[].value	required	true	mm
gcp.urlmap	pathMatchers[].routeRules[].matchRules[].metadataFilters[].filterMatchCriteria	required	true	mm
gcp.urlmap	pathMatchers[].routeRules[].matchRules[].queryParameterMatches[].name	required	true	mm
gcp.urlmap	pathMatchers[].routeRules[].priority	required	true	mm
gcp.urlmap	pathMatchers[].routeRules[].routeAction.cachePolicy.clientTtl.nanos	input_only	true	mm
gcp.urlmap	pathMatchers[].routeRules[].routeAction.cachePolicy.clientTtl.seconds	required	true	mm
gcp.urlmap	pathMatchers[].routeRules[].routeAction.cachePolicy.defaultTtl.nanos	input_only	true	mm
gcp.urlmap	pathMatchers[].routeRules[].routeAction.cachePolicy.defaultTtl.seconds	required	true	mm
gcp.urlmap	pathMatchers[].routeRules[].routeAction.cachePolicy.maxTtl.nanos	input_only	true	mm
gcp.urlmap	pathMatchers[].routeRules[].routeAction.cachePolicy.maxTtl.seconds	required	true	mm
gcp.urlmap	pathMatchers[].routeRules[].routeAction.cachePolicy.negativeCachingPolicy[].ttl.nanos	input_only	true	mm
gcp.urlmap	pathMatchers[].routeRules[].routeAction.cachePolicy.negativeCachingPolicy[].ttl.seconds	required	true	mm
gcp.urlmap	pathMatchers[].routeRules[].routeAction.cachePolicy.serveWhileStale.nanos	input_only	true	mm
gcp.urlmap	pathMatchers[].routeRules[].routeAction.cachePolicy.serveWhileStale.seconds	required	true	mm
gcp.urlmap	pathMatchers[].routeRules[].routeAction.faultInjectionPolicy.delay.fixedDelay.seconds	required	true	mm
gcp.urlmap	pathMatchers[].routeRules[].routeAction.maxStreamDuration.seconds	required	true	mm
gcp.urlmap	pathMatchers[].routeRules[].routeAction.requestMirrorPolicy.backendService	equivalence	self_link	mm
gcp.urlmap	pathMatchers[].routeRules[].routeAction.requestMirrorPolicy.backendService	required	true	mm
gcp.urlmap	pathMatchers[].routeRules[].routeAction.retryPolicy.numRetries	required	true	mm
gcp.urlmap	pathMatchers[].routeRules[].routeAction.retryPolicy.perTryTimeout.seconds	required	true	mm
gcp.urlmap	pathMatchers[].routeRules[].routeAction.timeout.seconds	required	true	mm
gcp.urlmap	pathMatchers[].routeRules[].routeAction.weightedBackendServices[].backendService	equivalence	self_link	mm
gcp.urlmap	pathMatchers[].routeRules[].routeAction.weightedBackendServices[].backendService	required	true	mm
gcp.urlmap	pathMatchers[].routeRules[].routeAction.weightedBackendServices[].headerAction.requestHeadersToAdd[].headerName	required	true	mm
gcp.urlmap	pathMatchers[].routeRules[].routeAction.weightedBackendServices[].headerAction.requestHeadersToAdd[].headerValue	required	true	mm
gcp.urlmap	pathMatchers[].routeRules[].routeAction.weightedBackendServices[].headerAction.requestHeadersToAdd[].replace	required	true	mm
gcp.urlmap	pathMatchers[].routeRules[].routeAction.weightedBackendServices[].headerAction.responseHeadersToAdd[].headerName	required	true	mm
gcp.urlmap	pathMatchers[].routeRules[].routeAction.weightedBackendServices[].headerAction.responseHeadersToAdd[].headerValue	required	true	mm
gcp.urlmap	pathMatchers[].routeRules[].routeAction.weightedBackendServices[].headerAction.responseHeadersToAdd[].replace	required	true	mm
gcp.urlmap	pathMatchers[].routeRules[].routeAction.weightedBackendServices[].weight	required	true	mm
gcp.urlmap	pathMatchers[].routeRules[].service	equivalence	self_link	mm
gcp.urlmap	region	output	true	discovery
gcp.urlmap	selfLink	output	true	discovery
gcp.urlmap	tests[].headers[].name	required	true	mm
gcp.urlmap	tests[].headers[].value	required	true	mm
gcp.urlmap	tests[].host	required	true	mm
gcp.urlmap	tests[].path	required	true	mm
gcp.urlmap	tests[].service	equivalence	self_link	mm
gcp.user		clear_before_delete	none	default
gcp.user		create_await	compute_operation	discovery
gcp.user		create_url	projects/{project}/instances/{instance}/users	discovery
gcp.user		create_verb	POST	discovery
gcp.user		delete_await	compute_operation	discovery
gcp.user		delete_url	projects/{project}/instances/{instance}/users?name={name}	discovery
gcp.user		lock_field	none	default
gcp.user		patch_one_field	false	default
gcp.user		setters	none	default
gcp.user		timeout	600	default
gcp.user		update_await	none	default
gcp.user		update_mask	none	default
gcp.user		update_verb	none	default
gcp.user	password	sensitive	true	ruling
gcp.user	passwordPolicy.status	output	true	discovery
gcp.usercred		clear_before_delete	none	default
gcp.usercred		create_await	none	discovery
gcp.usercred		create_url	{+parent}/userCreds	discovery
gcp.usercred		create_verb	POST	discovery
gcp.usercred		delete_await	none	discovery
gcp.usercred		delete_url	{+name}	discovery
gcp.usercred		lock_field	none	default
gcp.usercred		patch_one_field	false	default
gcp.usercred		setters	none	default
gcp.usercred		timeout	60	default
gcp.usercred		update_await	none	default
gcp.usercred		update_mask	none	default
gcp.usercred		update_verb	none	default
gcp.usercred	createTime	output	true	discovery
gcp.usercred	resourceIdentity.principal	output	true	discovery
gcp.usercred	securePassword	output	true	discovery
gcp.usercred	state	output	true	discovery
gcp.usercred	updateTime	output	true	discovery
gcp.userworkloadsconfigmap		clear_before_delete	none	default
gcp.userworkloadsconfigmap		create_await	none	discovery
gcp.userworkloadsconfigmap		create_url	projects/{{project}}/locations/{{region}}/environments/{{environment}}/userWorkloadsConfigMaps	mm
gcp.userworkloadsconfigmap		create_verb	POST	discovery
gcp.userworkloadsconfigmap		delete_await	none	discovery
gcp.userworkloadsconfigmap		delete_url	projects/{{project}}/locations/{{region}}/environments/{{environment}}/userWorkloadsConfigMaps/{{name}}	mm
gcp.userworkloadsconfigmap		lock_field	none	default
gcp.userworkloadsconfigmap		patch_one_field	false	default
gcp.userworkloadsconfigmap		setters	none	default
gcp.userworkloadsconfigmap		timeout	60	default
gcp.userworkloadsconfigmap		update_await	none	default
gcp.userworkloadsconfigmap		update_mask	none	default
gcp.userworkloadsconfigmap		update_verb	none	default
gcp.userworkloadsconfigmap	environment	immutable	true	mm
gcp.userworkloadsconfigmap	environment	required	true	mm
gcp.userworkloadsconfigmap	name	immutable	true	mm
gcp.userworkloadsconfigmap	name	required	true	mm
gcp.userworkloadssecret		clear_before_delete	none	default
gcp.userworkloadssecret		create_await	none	discovery
gcp.userworkloadssecret		create_url	{+parent}/userWorkloadsSecrets	discovery
gcp.userworkloadssecret		create_verb	POST	discovery
gcp.userworkloadssecret		delete_await	none	discovery
gcp.userworkloadssecret		delete_url	{+name}	discovery
gcp.userworkloadssecret		lock_field	none	default
gcp.userworkloadssecret		patch_one_field	false	default
gcp.userworkloadssecret		setters	none	default
gcp.userworkloadssecret		timeout	60	default
gcp.userworkloadssecret		update_await	none	default
gcp.userworkloadssecret		update_mask	none	default
gcp.userworkloadssecret		update_verb	none	default
gcp.version		clear_before_delete	none	default
gcp.version		create_await	longrunning	discovery
gcp.version		create_url	{+parent}/versions	discovery
gcp.version		create_verb	POST	discovery
gcp.version		delete_await	longrunning	discovery
gcp.version		delete_url	{+name}	discovery
gcp.version		lock_field	none	default
gcp.version		patch_one_field	false	default
gcp.version		setters	none	default
gcp.version		timeout	1200	default
gcp.version		update_await	none	default
gcp.version		update_mask	none	default
gcp.version		update_verb	none	default
gcp.version	createTime	output	true	discovery
gcp.version	imageDigest	output	true	discovery
gcp.version	pluginConfigDigest	output	true	discovery
gcp.version	updateTime	output	true	discovery
gcp.vpngateway		clear_before_delete	none	default
gcp.vpngateway		create_await	compute_operation	discovery
gcp.vpngateway		create_url	projects/{{project}}/regions/{{region}}/vpnGateways	mm
gcp.vpngateway		create_verb	POST	discovery
gcp.vpngateway		delete_await	compute_operation	discovery
gcp.vpngateway		delete_url	projects/{project}/regions/{region}/vpnGateways/{vpnGateway}	discovery
gcp.vpngateway		lock_field	none	default
gcp.vpngateway		patch_one_field	false	default
gcp.vpngateway		setters	labels=setLabels	mm+discovery
gcp.vpngateway		timeout	600	default
gcp.vpngateway		update_await	none	default
gcp.vpngateway		update_mask	none	default
gcp.vpngateway		update_verb	none	default
gcp.vpngateway	creationTimestamp	output	true	discovery
gcp.vpngateway	description	immutable	true	mm+discovery
gcp.vpngateway	gatewayIpVersion	immutable	true	mm+discovery
gcp.vpngateway	id	output	true	discovery
gcp.vpngateway	kind	output	true	discovery
gcp.vpngateway	labelFingerprint	output	true	mm
gcp.vpngateway	name	immutable	true	mm+discovery
gcp.vpngateway	name	required	true	mm
gcp.vpngateway	network	equivalence	self_link	mm
gcp.vpngateway	network	immutable	true	mm+discovery
gcp.vpngateway	network	required	true	mm
gcp.vpngateway	params	immutable	true	mm+discovery
gcp.vpngateway	params	input_only	true	discovery+mm
gcp.vpngateway	params.resourceManagerTags	input_only	true	mm
gcp.vpngateway	region	equivalence	self_link	mm
gcp.vpngateway	region	output	true	discovery
gcp.vpngateway	selfLink	output	true	discovery
gcp.vpngateway	stackType	immutable	true	mm+discovery
gcp.vpngateway	vpnInterfaces	immutable	true	discovery
gcp.vpngateway	vpnInterfaces[].id	output	true	discovery
gcp.vpngateway	vpnInterfaces[].interconnectAttachment	equivalence	self_link	mm
gcp.vpngateway	vpnInterfaces[].interconnectAttachment	immutable	true	mm
gcp.vpngateway	vpnInterfaces[].ipAddress	output	true	discovery+mm
gcp.vpngateway	vpnInterfaces[].ipv6Address	output	true	discovery
gcp.wasmplugin		clear_before_delete	none	default
gcp.wasmplugin		create_await	longrunning	discovery
gcp.wasmplugin		create_url	projects/{{project}}/locations/{{location}}/wasmPlugins?wasmPluginId={{name}}	mm
gcp.wasmplugin		create_verb	POST	discovery
gcp.wasmplugin		delete_await	longrunning	discovery
gcp.wasmplugin		delete_url	projects/{{project}}/locations/{{location}}/wasmPlugins/{{name}}	mm
gcp.wasmplugin		lock_field	none	default
gcp.wasmplugin		patch_one_field	false	default
gcp.wasmplugin		setters	none	default
gcp.wasmplugin		timeout	1200	default
gcp.wasmplugin		update_await	longrunning	discovery
gcp.wasmplugin		update_mask	query	mm
gcp.wasmplugin		update_verb	PATCH	mm
gcp.wasmplugin	createTime	output	true	discovery+mm
gcp.wasmplugin	mainVersionId	required	true	mm
gcp.wasmplugin	name	immutable	true	mm
gcp.wasmplugin	name	required	true	mm
gcp.wasmplugin	updateTime	output	true	discovery+mm
gcp.wasmplugin	usedBy	output	true	discovery+mm
gcp.wasmplugin	usedBy[].name	output	true	discovery
gcp.wasmplugin	versions	required	true	mm
gcp.wiregroup		clear_before_delete	none	default
gcp.wiregroup		create_await	compute_operation	discovery
gcp.wiregroup		create_url	projects/{{project}}/global/crossSiteNetworks/{{cross_site_network}}/wireGroups	mm
gcp.wiregroup		create_verb	POST	discovery
gcp.wiregroup		delete_await	compute_operation	discovery
gcp.wiregroup		delete_url	projects/{{project}}/global/crossSiteNetworks/{{cross_site_network}}/wireGroups/{{name}}	mm
gcp.wiregroup		lock_field	none	default
gcp.wiregroup		patch_one_field	false	default
gcp.wiregroup		setters	none	default
gcp.wiregroup		timeout	600	default
gcp.wiregroup		update_await	compute_operation	discovery
gcp.wiregroup		update_mask	query	mm
gcp.wiregroup		update_verb	PATCH	mm
gcp.wiregroup	creationTimestamp	output	true	discovery+mm
gcp.wiregroup	cross_site_network	immutable	true	mm
gcp.wiregroup	cross_site_network	required	true	mm
gcp.wiregroup	id	output	true	discovery
gcp.wiregroup	kind	output	true	discovery
gcp.wiregroup	name	required	true	mm
gcp.wiregroup	reconciling	output	true	discovery
gcp.wiregroup	selfLink	output	true	discovery
gcp.wiregroup	topology	output	true	discovery+mm
gcp.wiregroup	topology.endpoints	output	true	discovery+mm
gcp.wiregroup	topology.endpoints[].city	output	true	discovery+mm
gcp.wiregroup	topology.endpoints[].label	output	true	discovery+mm
gcp.wiregroup	wireProperties.bandwidthAllocation	required	true	mm
gcp.wiregroup	wires	output	true	discovery+mm
gcp.wiregroup	wires[].adminEnabled	output	true	discovery+mm
gcp.wiregroup	wires[].endpoints	output	true	discovery+mm
gcp.wiregroup	wires[].endpoints[].interconnect	output	true	discovery+mm
gcp.wiregroup	wires[].endpoints[].vlanTag	output	true	discovery+mm
gcp.wiregroup	wires[].label	output	true	discovery+mm
gcp.wiregroup	wires[].wireProperties	output	true	discovery+mm
gcp.wiregroup	wires[].wireProperties.bandwidthUnmetered	output	true	mm
gcp.wiregroup	wires[].wireProperties.faultResponse	output	true	mm
gcp.workerpool		clear_before_delete	none	default
gcp.workerpool		create_await	longrunning	discovery
gcp.workerpool		create_url	projects/{{project}}/locations/{{location}}/workerPools?workerPoolId={{workerPoolId}}	discovery
gcp.workerpool		create_verb	POST	discovery
gcp.workerpool		delete_await	longrunning	discovery
gcp.workerpool		delete_url	{+name}	discovery
gcp.workerpool		lock_field	none	default
gcp.workerpool		patch_one_field	false	default
gcp.workerpool		setters	none	default
gcp.workerpool		timeout	1200	default
gcp.workerpool		update_await	longrunning	discovery
gcp.workerpool		update_mask	query	discovery
gcp.workerpool		update_verb	PATCH	discovery
gcp.workerpool	conditions	output	true	discovery
gcp.workerpool	conditions[].executionReason	output	true	discovery
gcp.workerpool	conditions[].instanceReason	output	true	discovery
gcp.workerpool	conditions[].reason	output	true	discovery
gcp.workerpool	conditions[].revisionReason	output	true	discovery
gcp.workerpool	createTime	output	true	discovery
gcp.workerpool	creator	output	true	discovery
gcp.workerpool	deleteTime	output	true	discovery
gcp.workerpool	expireTime	output	true	discovery
gcp.workerpool	generation	output	true	discovery
gcp.workerpool	instanceSplitStatuses	output	true	discovery
gcp.workerpool	lastModifier	output	true	discovery
gcp.workerpool	latestCreatedRevision	output	true	discovery
gcp.workerpool	latestReadyRevision	output	true	discovery
gcp.workerpool	name	output	true	discovery
gcp.workerpool	observedGeneration	output	true	discovery
gcp.workerpool	reconciling	output	true	discovery
gcp.workerpool	satisfiesPzs	output	true	discovery
gcp.workerpool	template.containers[].buildInfo	output	true	discovery
gcp.workerpool	template.containers[].buildInfo.functionTarget	output	true	discovery
gcp.workerpool	template.containers[].buildInfo.sourceLocation	output	true	discovery
gcp.workerpool	template.containers[].sourceCode.inlinedSource	input_only	true	discovery
gcp.workerpool	template.containers[].sourceCode.inlinedSource.sources	input_only	true	discovery
gcp.workerpool	template.containers[].sourceCode.inlinedSource.sources[].content	input_only	true	discovery
gcp.workerpool	template.containers[].sourceCode.inlinedSource.sources[].filename	input_only	true	discovery
gcp.workerpool	terminalCondition	output	true	discovery
gcp.workerpool	terminalCondition.executionReason	output	true	discovery
gcp.workerpool	terminalCondition.instanceReason	output	true	discovery
gcp.workerpool	terminalCondition.reason	output	true	discovery
gcp.workerpool	terminalCondition.revisionReason	output	true	discovery
gcp.workerpool	threatDetectionEnabled	output	true	discovery
gcp.workerpool	uid	output	true	discovery
gcp.workerpool	updateTime	output	true	discovery
gcp.workerpool	workerPoolId	immutable	true	discovery
